ID,DifficultyID,CategoryRecoveryTime,RecoveryTime,StartRecoveryTime,AuraSpellID,SpellID
2,,7500,,1500,,17
5,,,,1000,,53
6,,300000,,1500,,66
13,,,30000,1500,,99
15,,5000,,1500,,101
17,,,60000,,,111
18,,,60000,,,112
20,,,,1500,,116
21,,,,1500,,118
22,,,25000,1500,,120
23,,,,1500,,122
25,,,,1500,,126
26,,,,1500,,130
29,,,,1500,,133
30,,15000,,,,134
31,,,10000,1500,,136
32,,,,1500,,139
35,,,,1500,,228
40,,,,1500,,339
41,,,,1500,,348
42,,8000,,,,355
43,,,,1500,,370
45,,30000,,1000,,408
53,,60000,,,,436
54,,60000,,,,438
55,,60000,,,,439
56,,60000,,,,440
57,,60000,,,,441
58,,,5000,1500,,453
62,,,45000,1500,,467
64,,,8000,1500,,475
66,,,60000,,,498
67,,,,1500,,512
68,,8000,,1500,,527
69,,,,1500,,528
70,,,,1500,,546
71,,,,1500,,550
73,,600000,,1500,,556
74,,,,1500,,585
78,,,,1500,,589
79,,,,1500,,596
81,,,30000,1500,,603
82,,,,1500,,605
83,,,,1500,,606
84,,,600000,,,633
86,,,300000,1500,,642
88,,,,1500,,686
90,,,,1500,,688
92,,,,1500,,691
95,,,,1500,,697
96,,,120000,1500,,698
97,,,,1500,,700
98,,,,1500,,702
99,,,6000,1000,,703
100,,,,1500,,710
101,,,,1500,,712
103,,180000,,1500,,740
104,,,600000,,,742
105,,,,1500,,746
106,,,,1500,,755
107,,,,1500,,759
108,,,,1500,,768
110,,,,1500,,772
111,,,,1500,,774
114,,,,1500,,783
115,,2000,,,,800
116,,300000,,,,818
117,,,300000,,,823
118,,,300000,,,829
119,,,300000,,,830
120,,,4500,1500,,845
121,,,,1500,,851
122,,45000,,1500,,853
126,,,,1500,,883
127,,360000,,,,932
128,,,,1500,,974
129,,,,1500,,980
130,,,,1500,,982
132,,,1500,1500,,1022
134,,,1500,1500,,1044
135,,6000,600000,,,1050
136,,,,1500,,1064
138,,,,1000,,1079
140,,,,1500,,1090
141,,,,1500,,1098
143,,120000,120000,1500,,1122
144,,,,1500,,1126
147,,,,1000,,1130
152,,,,1500,,1159
153,,,45000,1500,,1160
154,,,120000,,,1161
155,,,,1000,,1329
156,,,,1500,,1449
157,,,,1500,,1454
158,,,,1500,,1459
159,,,,1500,,1462
161,,,,1500,,1464
166,,,,1500,,1513
167,,,,1500,,1515
168,,,60000,,,1516
169,,,,1500,,1528
171,,,20000,1500,,1543
174,,,,1500,,1680
175,,,,1500,,1706
176,,,,1500,,1714
179,,,30000,1000,,1725
181,,,,1000,,1752
182,,,15000,,,1766
183,,25000,,1000,,1776
184,,,2000,,,1784
189,,,,1000,,1822
190,,,,1500,,1825
191,,,1000,1000,,1833
192,,,,1500,,1834
193,,120000,,1500,,1850
194,,,1000,,,1856
195,,,,1000,,1943
196,,,,1500,,1949
197,,,500,1500,,1953
198,,,1000,,,1966
200,,,,1500,,2006
201,,,,1500,,2008
202,,60000,,,,2023
203,,60000,,,,2024
204,,,,1500,,2050
205,,,,1500,,2060
206,,,,1500,,2061
208,,,120000,1000,,2094
209,,,,1500,,2096
210,,,,1000,,2098
211,,,,1500,,2120
213,,25000,,,,2139
215,,60000,,,,2370
216,,1500,,,,2383
219,,1500,,,,2481
220,,,30000,1000,,2484
222,,1500,,,,2580
224,,60000,,,,2597
226,,60000,,,,2599
227,,60000,,,,2600
230,,6000,,1500,,2606
235,,10000,,,,2629
236,,10000,,,,2630
237,,,,1500,,2637
239,,,,1500,,2641
240,,,,1500,,2643
241,,,,1500,,2645
243,,8000,,,,2649
244,,,6000,,,2676
246,,,8000,1500,,2782
247,,,,1500,,2812
248,,,300000,,,2825
249,,,1500,,,2836
251,,,,1500,,2871
253,,,10000,1500,,2908
256,,,,1500,,2948
259,,120000,,,,2983
260,,40000,,,,3019
265,,3000,,,,3106
266,,10000,,,,3109
268,,30000,,,,3130
269,,10000,,,,3131
270,,30000,,,,3132
272,,15000,,,,3145
273,,30000,,,,3146
276,,30000,,,,3151
277,,600000,,,,3204
285,,45000,,,,3238
286,,30000,,,,3247
287,,30000,,,,3252
289,,,,1500,,3267
290,,,,1500,,3268
291,,10000,,,,3332
292,,180000,,,,3335
293,,10000,,,,3385
294,,,1500,,,3411
295,,60000,,,,3416
297,,70000,,,,3446
298,,20000,,,,3499
299,,,20000,,,3527
300,,60000,,,,3542
301,,25000,,,,3547
303,,,,1500,,3561
304,,,,1500,,3562
305,,,,1500,,3563
306,,,,1500,,3565
307,,,,1500,,3566
308,,,,1500,,3567
310,,180000,,,,3584
311,,180000,,,,3586
312,,10000,,,,3592
313,,,30000,1000,,3599
314,,,,1500,,3603
316,,45000,,,,3635
317,,30000,,,,3650
318,,30000,,,,3651
320,,600000,,,,3680
321,,,,1500,,3714
322,,,,1000,,3716
323,,10000,,,,3720
326,,7000,,,,3823
327,,30000,,,,3827
328,,60000,,,,4042
329,,,,1500,,4055
330,,600000,,,,4079
334,,300000,,,,4104
335,,300000,,,,4105
336,,45000,,,,4146
340,,120000,,,,4150
347,,5000,,,,4170
354,,45000,,,,4320
356,,,500,,,4336
357,,,300000,,,4338
358,,,5000,,,4342
360,,180000,,,,4520
361,,120000,,,,4526
362,,300000,,,,4538
363,,300000,,,,4539
364,,300000,,,,4629
368,,30000,,,,4948
369,,45000,,,,4955
370,,8000,,1500,,4987
375,,60000,,,,5010
377,,20000,,,,5108
378,,20000,,,,5110
379,,,5000,1500,,5116
382,,,,1500,,5143
383,,,10000,,,5164
385,,,,1000,,5171
386,,,,1500,,5176
390,,60000,,1500,,5211
391,,,6000,,,5215
392,,,30000,,,5217
393,,,,1000,,5221
394,,1500,,,,5225
396,,,90000,1500,,5246
397,,240000,,,,5252
398,,90000,,,,5256
399,,120000,,,,5277
400,,,6000,1500,,5308
401,,1000,,,,5320
402,,1000,,,,5321
403,,1000,,,,5322
404,,1000,,,,5323
405,,1000,,,,5324
406,,1000,,,,5325
407,,,30000,,,5384
408,,,,1000,,5394
409,,90000,,,,5405
415,,,,1500,,5487
417,,,,1500,,5502
424,,,,1500,,5697
425,,30000,,,,5703
427,,,,1500,,5740
428,,30000,,,,5759
429,,45000,,,,5781
430,,,,1500,,5782
431,,,60000,,,5858
432,,1000,,,,5862
434,,30000,,,,5918
435,,,,1000,,5938
436,,45000,,,,5990
439,,,,1500,,6119
440,,,,1000,,6123
445,,,,1500,,6196
446,,,,1500,,6197
447,,,,1500,,6201
450,,30000,,,,6266
453,,30000,,,,6278
455,,6000,,,,6305
456,,6000,,1500,,6343
458,,,45000,1500,,6353
460,,,6000,,,6360
462,,30000,,,,6409
464,,3000,21000,1500,,6434
465,,6000,,,,6435
466,,60000,,,,6487
467,,20000,,,,6490
468,,,,1500,,6507
470,,10000,,,,6513
471,,,5000,,,6524
472,,30000,,,,6530
473,,40000,,,,6535
476,,15000,,,,6552
477,,,,1500,,6572
478,,30000,,,,6576
479,,30000,,,,6580
484,,60000,,,,6614
486,,10000,,,,6664
487,,,,1500,,6673
488,,15000,,,,6685
489,,360000,,,,6711
490,,30000,,,,6725
492,,,,1000,,6770
494,,,45000,1500,,6789
495,,8000,,,,6795
496,,,,1500,,6807
497,,180000,,,,6921
498,,,120000,,,6940
501,,5000,,,,6957
502,,1000,,,,6960
503,,,,1500,,6965
504,,,10000,,,6991
506,,1000,,,,7069
508,,30000,,,,7090
509,,15000,,,,7092
510,,20000,,,,7093
512,,7000,,,,7106
513,,1000,,,,7108
517,,20000,,,,7139
518,,25000,,,,7140
519,,10000,,,,7145
522,,180000,,,,7164
523,,180000,,,,7165
524,,1000,,,,7178
528,,1000,,,,7233
534,,1000,,,,7239
537,,1000,,,,7242
540,,1000,,,,7245
549,,1000,,,,7254
550,,,1000,,,7266
551,,1000,,,,7273
552,,1000,,,,7290
556,,,,1500,,7328
557,,1000,,,,7331
558,,,1500,,,7355
560,,1000,,,,7363
562,,,,1500,,7384
564,,,250,,,7620
565,,,250,,,7731
566,,,250,,,7732
568,,30000,120000,,,7744
569,,5000,,,,7806
570,,5000,,,,7807
571,,5000,,,,7808
572,,,60000,,,7812
573,,,,1000,,7814
575,,,,1500,,7855
576,,,,1500,,7870
577,,,,1500,,7914
578,,,,1500,,7926
579,,,,1500,,7927
580,,,,1500,,7960
581,,1000,,,,7966
582,,10000,,,,7974
584,,,,1500,,8000
585,,,,1500,,8004
589,,,,1500,,8042
595,,,,1500,,8092
596,,,40000,1500,,8122
599,,,60000,1000,,8143
601,,1000,,,,8148
602,,30000,,,,8151
603,,10000,,,,8152
606,,,,1000,,8190
607,,,,1500,,8191
608,,,,1500,,8211
612,,,,1500,,8246
613,,120000,,,,8256
614,,,,1500,,8262
615,,,,1500,,8277
616,,25000,,,,8285
618,,1500,,,,8387
619,,1500,,,,8388
620,,,,1000,,8512
621,,,,1500,,8552
622,,,,1500,,8593
623,,15000,,,,8595
624,,,,1500,,8596
625,,,,1500,,8598
628,,,,1000,,8676
629,,,,1500,,8690
630,,30000,,,,8715
631,,,,1500,,8722
632,,,,1500,,8736
633,,,10000,,,8788
635,,,,1500,,8812
636,,30000,,,,8814
637,,,,1000,,8818
638,,,10000,,,8832
641,,,,1500,,8921
642,,,,1500,,8936
649,,,,1500,,9093
650,,,,1500,,9159
651,,,,1500,,9163
652,,,,1500,,9174
655,,,,1500,,9200
656,,10000,,1500,,9220
657,,60000,,,,9252
658,,60000,,,,9253
660,,1000,,,,9373
661,,,,1500,,9456
662,,,,1500,,9457
663,,,,1500,,9481
664,,,,1500,,9484
666,,,,1500,,9488
668,,,,1500,,9532
670,,,60000,,,9572
671,,,,1500,,9587
672,,,,1500,,9591
673,,,,1500,,9613
675,,,,1500,,9654
676,,15000,,,,9733
677,,5000,,,,9736
678,,5000,,,,9740
679,,5000,10000,,,9741
680,,,,1500,,9771
681,,,,1500,,9773
682,,,,1500,,9774
683,,,,1500,,9779
684,,,5000,,,9782
685,,,5000,,,9784
686,,,,1500,,9806
687,,30000,,,,9949
688,,30000,,,,9976
689,,30000,,,,9977
690,,,,1500,,10017
691,,,,1500,,10018
692,,60000,,,,10052
695,,60000,,,,10057
696,,60000,,,,10058
697,,,60000,1500,,10059
698,,,120000,,,10060
707,,,,1500,,10253
709,,,,1500,,10260
710,,,,1000,,10266
711,,,,1500,,10267
712,,,,1500,,10270
713,,,15000,1500,,10326
714,,,,1500,,10577
715,,,,1500,,10578
716,,1000,,,,10618
717,,210000,,,,10667
718,,210000,,,,10668
719,,210000,,,,10669
720,,,,1500,,10673
721,,,,1500,,10674
722,,,,1500,,10675
723,,,,1500,,10676
724,,,,1500,,10677
725,,,,1500,,10678
726,,,,1500,,10679
727,,,,1500,,10680
728,,,,1500,,10682
729,,,,1500,,10683
730,,,,1500,,10684
731,,,,1500,,10685
732,,,,1500,,10688
733,,210000,,,,10692
734,,210000,,,,10693
735,,,,1500,,10695
736,,,,1500,,10696
737,,,,1500,,10697
738,,,,1500,,10698
739,,,,1500,,10703
740,,,,1500,,10704
741,,,,1500,,10706
742,,,,1500,,10707
743,,,,1500,,10709
744,,,,1500,,10711
745,,,,1500,,10714
746,,,,1500,,10716
747,,,,1500,,10717
748,,,,1500,,10838
749,,,,1500,,10839
751,,,,1500,,11017
752,,,,1500,,11021
753,,6000,,1500,,11084
756,,,,1500,,11264
757,,3600000,,1500,,11365
758,,,,1500,,11366
760,,60000,60000,,,11387
761,,3000,,,,11389
763,,,,1500,,11391
764,,600000,,,,11392
765,,,,1500,,11403
768,,,60000,1500,,11416
769,,,60000,1500,,11417
770,,,60000,1500,,11418
771,,,60000,1500,,11419
772,,,60000,1500,,11420
773,,,,750,,11426
774,,,,1500,,11431
775,,,,1500,,11433
777,,,,1500,,11444
778,,4000,,1500,,11445
781,,1000,,,,11479
782,,1000,,,,11480
784,,,,1500,,11639
787,,,,1500,,11642
788,,4000,,1500,,11647
789,,,,1500,,11649
790,,,,1500,,11789
791,,6000,,1500,,11824
792,,,,1500,,11825
793,,4000,,1500,,11835
794,,,,1500,,11839
795,,1000,,,,11841
796,,,,1500,,11895
797,,60000,,,,11903
798,,,,1500,,11921
802,,,,1500,,11975
803,,,,1500,,11985
804,,,,1500,,11988
806,,,,1500,,12039
807,,,120000,,,12042
809,,,,1500,,12051
811,,,,1500,,12096
812,,,,1500,,12098
814,,,,1500,,12167
815,,,,1500,,12243
817,,,6000,1500,,12294
818,,,90000,1500,,12323
820,,30000,,,,12332
821,,,,1500,,12354
822,,,,1500,,12466
823,,,,1500,,12471
824,,,120000,,,12472
825,,,,1500,,12529
826,,3000,21000,1500,,12542
827,,,10000,,,12544
828,,3000,20000,1500,,12550
830,,1000,,,,12561
831,,,,1500,,12685
832,,,3600000,,,12736
833,,,,1500,,12739
837,,,,1500,,12845
838,,,,1500,,12890
840,,,,1500,,13008
841,,45000,,,,13013
843,,,,1500,,13140
848,,,,1500,,13262
849,,30000,,,,13325
850,,,,1500,,13375
851,,,,1500,,13398
852,,,,1500,,13424
853,,,,1500,,13438
854,,,,1500,,13439
856,,8000,,1500,,13441
857,,,,1500,,13480
859,,,,1500,,13490
860,,10000,,1500,,13491
861,,,,1500,,13519
862,,,,1500,,13527
863,,,,1500,,13530
865,,,,1500,,13548
867,,,5000,,,13587
868,,,,1500,,13589
869,,60000,,,,13619
872,,,,1500,,13744
873,,,,1500,,13745
875,,,180000,,,13750
876,,,,1500,,13752
877,,,10000,,,13787
879,,30000,,1500,,13809
883,,,30000,1000,,13877
884,,,,1500,,13878
885,,,,1500,,13900
886,,,3500,1500,,13901
887,,,2000000,1500,,13912
890,,,,1500,,14053
892,,,,1500,,14106
894,,6000,,,,14112
896,,,,1500,,14122
897,,,,1500,,14129
898,,,,1500,,14134
904,,,,1500,,14253
908,,,1000,1500,,14443
909,,3000,10000,1500,,14514
913,,,,1500,,14871
914,,,,1000,,14874
916,,5000,,1500,,14895
917,,,,1500,,14900
918,,,,1000,,14902
919,,,,1000,,14903
920,,,10000,1500,,14914
921,,,,1500,,15038
922,,,,1500,,15040
923,,5000,,1500,,15041
924,,5000,,1500,,15044
925,,,,1500,,15048
926,,,,1500,,15049
929,,,,1500,,15067
930,,3000,10000,1500,,15090
932,,,,1500,,15095
933,,6000,,1500,,15117
934,,,,1500,,15228
935,,,4000,1500,,15232
936,,,,1500,,15234
937,,6000,,1500,,15236
939,,,3000,1500,,15241
942,,30000,,,,15247
943,,,,1500,,15253
944,,,,1500,,15277
946,,,120000,,,15286
947,,6000,,1500,,15305
948,,6000,,1500,,15306
949,,,,1500,,15346
950,,,,1500,,15366
951,,,,1500,,15407
952,,,,1500,,15453
953,,,,1500,,15472
955,,,30000,,,15487
956,,6000,,1500,,15500
957,,,10000,,,15507
958,,,,1500,,15536
959,,,,1500,,15537
960,,30000,,,,15539
962,,,,1000,,15583
963,,,,1500,,15586
965,,,30000,,,15602
966,,6000,,1500,,15605
967,,,,1500,,15619
968,,,,1500,,15648
969,,,,1500,,15653
970,,3000,10000,1500,,15654
971,,30000,,,,15656
972,,6000,,1500,,15659
973,,,,1500,,15662
974,,,,1500,,15665
975,,,,1500,,15668
976,,,,1000,,15691
977,,,,1000,,15692
978,,10000,,,,15700
979,,60000,,,,15701
980,,,,1500,,15729
983,,,,1500,,15799
984,,,,1500,,15801
986,,,,1500,,15867
987,,,,1500,,15970
988,,,,1500,,15981
989,,,,1500,,15999
990,,6000,,1500,,16033
991,,6000,,1500,,16034
993,,10000,,1500,,16050
994,,,,1500,,16053
996,,,,1500,,16097
997,,,,1500,,16101
1001,,,,1500,,16231
1002,,,,1500,,16244
1003,,,,1500,,16250
1004,,10000,,,,16322
1005,,,,1500,,16327
1006,,,,1500,,16329
1007,,,,1500,,16367
1008,,,,1500,,16402
1009,,8000,,1500,,16407
1015,,,,1500,,16415
1016,,,,1500,,16450
1017,,8000,,1500,,16454
1018,,,,1500,,16457
1019,,,,1500,,16472
1020,,30000,,,,16498
1021,,,,1000,,16511
1022,,,,1500,,16537
1023,,,,1500,,16569
1024,,,,1500,,16570
1025,,,,1500,,16588
1026,,,,1500,,16603
1027,,,,1500,,16608
1028,,1000,,,,16617
1029,,,5000,,,16624
1030,,,,1500,,16627
1031,,,,1500,,16628
1032,,,,1500,,16633
1033,,60000,,,,16666
1035,,,,1500,,16783
1036,,,,1500,,16784
1037,,,5000,,,16790
1039,,,3000,1000,,16827
1051,,8000,,1500,,16908
1052,,,10000,1500,,16914
1053,,,,1500,,16921
1054,,15000,15000,,,16979
1055,,,,1500,,17008
1056,,,,1500,,17012
1058,,,,1500,,17140
1059,,,,1500,,17141
1060,,,,1500,,17142
1063,,,,1500,,17146
1064,,,,1500,,17147
1065,,,,1500,,17149
1067,,,,1500,,17154
1068,,,,1500,,17164
1069,,6000,,1500,,17171
1070,,,,1500,,17172
1071,,,,1500,,17173
1072,,,,1500,,17174
1073,,,,1500,,17195
1074,,5000,,1500,,17198
1075,,,,1500,,17201
1076,,,,1500,,17203
1077,,,10000,,,17205
1078,,,,1500,,17238
1079,,,,1500,,17243
1080,,,3000,1000,,17253
1082,,,,1500,,17281
1083,,,,1500,,17364
1087,,300000,,,,17468
1088,,300000,,,,17469
1093,,,,1500,,17510
1094,,60000,,,,17530
1095,,60000,,,,17531
1096,,60000,60000,,,17534
1099,,1000,,,,17543
1100,,1000,,,,17544
1101,,1000,,,,17545
1102,,1000,,,,17546
1103,,1000,,,,17548
1104,,1000,,,,17549
1105,,1000,,,,17559
1106,,1000,,,,17560
1107,,1000,,,,17561
1108,,1000,,,,17562
1109,,1000,,,,17563
1110,,1000,,,,17564
1111,,1000,,,,17565
1112,,1000,,,,17566
1113,,,,1500,,17613
1114,,3000,15000,1500,,17620
1115,,60000,,1500,,17624
1116,,1000,,,,17628
1117,,,,1500,,17670
1118,,3000,15000,1500,,17682
1119,,,,1500,,17707
1120,,,,1500,,17708
1121,,,,1500,,17709
1122,,10000,,,,17735
1123,,,,1500,,17745
1124,,,120000,1000,,17767
1125,,60000,,,,17770
1126,,,,1500,,17877
1127,,,,1500,,17962
1130,,,,1500,,18082
1131,,8000,,1500,,18083
1135,,8000,,1500,,18091
1136,,8000,,1500,,18092
1137,,,10000,,,18100
1138,,,,1500,,18104
1143,,,,1500,,18125
1144,,,,1500,,18138
1146,,,,1500,,18141
1147,,,,1500,,18146
1148,,,,1500,,18153
1149,,,,1500,,18199
1150,,8000,,1500,,18204
1151,,,,1500,,18205
1153,,,,1500,,18214
1154,,,,1500,,18217
1162,,,250,,,18248
1164,,30000,,,,18289
1165,,60000,,,,18307
1166,,60000,,,,18308
1167,,30000,,,,18309
1169,,,,1500,,18381
1170,,60000,,,,18385
1171,,,,1500,,18386
1172,,8000,,1500,,18398
1173,,,60000,,,18499
1174,,,,1500,,18503
1176,,,,1500,,18545
1177,,,,1500,,18557
1178,,,,1500,,18562
1179,,,,1500,,18608
1180,,,,1500,,18610
1181,,6000,,1500,,18649
1182,,,,1500,,18651
1183,,,,1500,,18656
1186,,,,1500,,18796
1187,,,5000,,,18812
1188,,6000,,,,18819
1189,,,,1500,,18831
1190,,10000,,,,18832
1191,,,,1500,,18833
1193,,,,1500,,18948
1194,,,,1500,,18949
1195,,60000,,,,18956
1196,,60000,,,,18957
1197,,,,1500,,18960
1201,,,5000,,,19128
1202,,5000,,,,19130
1203,,10000,,,,19199
1204,,90000,,,,19236
1206,,8000,,1500,,19260
1207,,,5000,,,19263
1210,,45000,,1500,,19386
1211,,,,1500,,19434
1216,,,15000,,,19505
1218,,40000,,,,19513
1220,,,,1500,,19548
1222,,,60000,1500,,19577
1224,,,,1500,,19674
1225,,,,1500,,19687
1226,,,,1500,,19688
1227,,,,1500,,19689
1228,,,,1500,,19692
1229,,,,1500,,19693
1230,,,,1500,,19694
1231,,,,1500,,19696
1232,,,,1500,,19697
1233,,,,1500,,19699
1234,,,,1500,,19700
1235,,,,2000,,19701
1238,,,,1500,,19750
1239,,,,1500,,19772
1240,,,,1500,,19776
1241,,,,1500,,19778
1242,,,10000,1000,,19801
1243,,,3600000,,,19802
1244,,,,1500,,19816
1260,,,15000,1500,,20066
1269,,,,1500,,20243
1271,,,,1500,,20271
1272,,,,1500,,20295
1273,,,,1500,,20298
1275,,,,1500,,20473
1276,,600000,,1500,,20484
1277,,15000,,,,20537
1278,,,10000,,,20545
1279,,,90000,,,20549
1280,,3000,,,,20566
1281,,5000,,,,20568
1282,,,120000,,,20572
1283,,,120000,1500,,20577
1284,,,60000,,,20589
1285,,30000,120000,,,20594
1287,,6000,,,,20605
1288,,1800000,,,,20608
1289,,30000,,,,20619
1290,,30000,,,,20656
1291,,,,1500,,20657
1292,,,,1500,,20664
1293,,,,1500,,20665
1294,,,,1500,,20714
1296,,8000,,1500,,20736
1297,,,,1500,,20743
1298,,,,1500,,20791
1299,,,,1500,,20793
1300,,,,1500,,20797
1301,,,10000,,,20798
1302,,,,1500,,20802
1303,,,,1500,,20805
1304,,,,1500,,20807
1305,,,,1500,,20808
1306,,,,1500,,20811
1307,,,,1500,,20815
1308,,,,1500,,20816
1309,,,,1500,,20821
1310,,,,1500,,20823
1311,,,,1500,,20824
1312,,,,1500,,20825
1313,,,,1500,,20829
1314,,6000,,1500,,20831
1315,,8000,,1500,,20869
1316,,8000,,1500,,20883
1317,,,6000,1500,,20925
1318,,,,1500,,21059
1320,,,,1500,,21072
1321,,,,1500,,21073
1322,,30000,,,,21075
1323,,20000,,,,21076
1324,,,,1500,,21127
1327,,,,1500,,21151
1328,,3000,,,,21154
1330,,,,1500,,21162
1331,,,,1500,,21163
1332,,1800000,,,,21169
1333,,,,1500,,21171
1334,,,,1500,,21179
1335,,,,1500,,21187
1337,,,,1500,,21335
1338,,,,1500,,21337
1339,,,,1500,,21390
1340,,60000,,,,21393
1341,,60000,,,,21394
1342,,60000,,,,21395
1343,,60000,,,,21396
1344,,,,1500,,21402
1345,,,,1500,,21425
1346,,,,1500,,21549
1347,,,,1500,,21562
1349,,,,1500,,21668
1350,,120000,,,,21787
1351,,300000,,,,21878
1353,,,60000,,,21935
1354,,,,1500,,21954
1355,,,10000,,,22007
1357,,,,1500,,22088
1360,,,,1500,,22167
1361,,,,1500,,22168
1363,,,,1500,,22271
1364,,60000,,,,22335
1365,,,,1500,,22336
1366,,,,1500,,22373
1367,,,,1500,,22414
1371,,,,1500,,22460
1372,,,,1500,,22566
1373,,,,1000,,22568
1374,,,30000,1000,,22570
1375,,60000,,,,22649
1376,,,,1500,,22677
1377,,,,1500,,22678
1380,,60000,,,,22729
1383,,4000,,1500,,22751
1384,,1000,,,,22807
1385,,,60000,,,22812
1386,,,,1500,,22817
1387,,,,1500,,22818
1388,,,,1500,,22820
1389,,,,1500,,22822
1392,,,,1500,,22865
1393,,,,1500,,22878
1394,,,,1500,,22883
1395,,,,1500,,22884
1396,,60000,,1500,,22908
1398,,3000,10000,1500,,22914
1400,,1800000,,,,23041
1401,,1800000,,,,23042
1402,,6000,,1500,,23106
1405,,,,1500,,23262
1406,,8000,,1500,,23267
1407,,,,1500,,23268
1409,,,,1500,,23381
1410,,,,1500,,23428
1411,,,,1500,,23429
1412,,,,1500,,23430
1413,,,,1500,,23431
1414,,,,1500,,23432
1415,,,,1500,,23444
1416,,,,1500,,23445
1417,,,,1500,,23456
1418,,,,1500,,23457
1419,,1000,,,,23506
1420,,,,1500,,23511
1421,,,,1500,,23530
1422,,,,1500,,23531
1426,,,,1500,,23567
1427,,,,1500,,23568
1428,,,,1500,,23569
1429,,,,1500,,23592
1430,,,,1500,,23605
1432,,4000,,1500,,23693
1433,,,,1500,,23696
1434,,,,1500,,23697
1436,,,,1500,,23811
1439,,604800000,,,,23852
1440,,,,1500,,23859
1441,,,,1500,,23860
1442,,4500,,1500,,23881
1443,,,,1500,,23895
1444,,,1000,,,23920
1446,,,9000,1500,,23922
1447,,,,1500,,23931
1448,,,,1500,,23947
1449,,,,1500,,23948
1450,,,,1500,,23952
1451,,,,1500,,23954
1454,,4000,,1500,,23964
1456,,1000,,,,23991
1458,,,,1500,,24006
1459,,,,1500,,24053
1460,,,,1000,,24187
1461,,,,1500,,24208
1462,,,,1500,,24209
1463,,,,1500,,24212
1465,,,,1500,,24275
1466,,,,1500,,24300
1467,,,,1000,,24331
1468,,,,1000,,24332
1469,,20000,,,,24333
1470,,,,1500,,24334
1471,,,,1000,,24337
1472,,,,1500,,24347
1473,,120000,,1500,,24353
1475,,60000,,,,24361
1478,,,,1500,,24374
1484,,,,1500,,24412
1485,,,,1500,,24413
1486,,,,1500,,24414
1487,,,6000,,,24423
1488,,,,1500,,24427
1489,,,,1500,,24435
1490,,10000,,,,24450
1493,,,,1500,,24618
1494,,,10000,1500,,24640
1495,,,,1500,,24668
1496,,,,1500,,24696
1498,,,,1500,,24752
1502,,,5000,1500,,24826
1503,,,,1500,,24828
1505,,,,1500,,24854
1506,,,,1500,,24858
1508,,,2000,,,24933
1509,,,,1500,,24947
1510,,,,1500,,24988
1511,,,,1500,,25000
1512,,,,1500,,25001
1513,,,5000,,,25003
1514,,,,1500,,25018
1515,,,10000,,,25020
1516,,,,1500,,25021
1517,,,,1500,,25023
1518,,,10000,,,25024
1519,,5000,10000,,,25026
1520,,,2000,,,25027
1521,,,6000,,,25030
1522,,,6000,,,25031
1523,,,120000,1000,,25046
1524,,,,1500,,25052
1525,,,,1500,,25058
1526,,300000,,,,25085
1527,,,,1500,,25101
1528,,,,1500,,25112
1529,,,,1500,,25162
1531,,,,1500,,25260
1532,,,1800000,,,25285
1534,,10000,,1500,,25603
1535,,,,1500,,25640
1536,,,,1500,,25641
1538,,,5000,,,25669
1543,,60000,,,,25695
1544,,60000,,,,25696
1546,,30000,,,,25698
1547,,600000,,,,25699
1548,,1000,,,,25746
1549,,1000,,,,25747
1550,,1000,,,,25750
1551,,,,1500,,25777
1552,,,1500,,,25780
1553,,,,1500,,25801
1554,,,,1500,,25815
1555,,,,1500,,25816
1557,,,,1500,,25849
1558,,60000,,,,25851
1559,,3000,,,,25863
1561,,,,1500,,26006
1562,,,,1500,,26010
1564,,,,1500,,26042
1565,,600000,,,,26059
1566,,,60000,,,26064
1567,,60000,,,,26066
1568,,,,1500,,26070
1569,,,,1500,,26071
1571,,,,1500,,26098
1572,,5000,,,,26103
1574,,60000,,,,26260
1575,,60000,,,,26261
1578,,5000,,1500,,26281
1579,,,180000,,,26297
1580,,,,1500,,26373
1581,,60000,,,,26401
1582,,60000,,,,26402
1583,,,,1500,,26406
1584,,,,1500,,26408
1585,,,,1500,,26409
1586,,,,1500,,26410
1587,,,,1500,,26412
1588,,,,1500,,26414
1589,,,,1500,,26448
1590,,,,1500,,26450
1591,,,,1500,,26451
1592,,,,1500,,26452
1594,,,,1500,,26454
1595,,,,1500,,26455
1596,,,,1500,,26456
1597,,60000,,,,26472
1598,,60000,,,,26473
1599,,60000,,,,26474
1600,,60000,,,,26475
1601,,,,1500,,26565
1602,,9000,,1500,,26573
1603,,3000,,,,26655
1604,,,,1500,,26661
1605,,,,1000,,26679
1607,,3000,,,,26898
1608,,3000,,,,26901
1609,,,,1500,,27030
1610,,,,1500,,27031
1614,,60000,,,,27103
1616,,,,1500,,27241
1617,,3000,,,,27242
1618,,,,1500,,27243
1619,,3000,,,,27244
1620,,3000,,,,27245
1621,,3000,,,,27246
1622,,3000,,,,27247
1623,,3000,,,,27248
1624,,,,1500,,27382
1625,,,,1500,,27420
1626,,3000,,,,27503
1627,,3000,,,,27504
1628,,3000,,,,27505
1629,,3000,,,,27506
1630,,3000,,,,27507
1631,,3000,,,,27509
1632,,3000,,,,27510
1633,,3000,,,,27511
1634,,3000,,,,27512
1635,,3000,,,,27513
1636,,3000,,,,27515
1637,,3000,,,,27519
1638,,3000,,,,27520
1639,,3000,,,,27523
1640,,3000,,,,27524
1641,,3000,,,,27525
1642,,3000,,,,27529
1643,,1000,,,,27533
1644,,1000,,,,27534
1645,,1000,,,,27535
1646,,1000,,,,27536
1647,,1000,,,,27538
1648,,1000,,,,27540
1649,,,,1500,,27554
1650,,,,1000,,27555
1651,,,,1000,,27556
1652,,,,1000,,27557
1653,,,,1500,,27570
1654,,,,1500,,27578
1655,,,,1500,,27579
1656,,6000,,1500,,27580
1657,,60000,,1500,,27581
1658,,,,1500,,27584
1659,,,3600000,,,27602
1660,,,,1500,,27605
1661,,,,1500,,27606
1662,,4000,,1500,,27607
1663,,,,1500,,27608
1664,,,,1500,,27609
1665,,30000,,1500,,27610
1666,,3000,10000,1500,,27611
1667,,20000,,1000,,27615
1668,,300000,,,,27617
1669,,,,1500,,27618
1670,,300000,20000,1500,,27619
1671,,3000,20000,1500,,27621
1672,,15000,,1500,,27623
1673,,,,1500,,27624
1674,,3000,10000,1500,,27626
1675,,6000,,1500,,27632
1676,,,,1500,,27633
1677,,,,1500,,27634
1678,,,,1500,,27637
1679,,,,1000,,27638
1680,,,,1500,,27641
1682,,,,1500,,27733
1683,,,3600000,,,27740
1684,,15000,,1500,,27753
1685,,3000,,,,27758
1686,,,15000,,,27759
1687,,3000,,,,27794
1689,,5000,,,,27808
1690,,5000,,,,27810
1694,,,,1500,,27825
1695,,,,1500,,27861
1696,,,,1500,,27863
1697,,,,1500,,27864
1698,,,,1500,,27865
1702,,,,1500,,27907
1703,,,,1500,,27985
1704,,,,1500,,27986
1705,,,,1500,,27989
1706,,,,1500,,27990
1707,,30000,,,,27993
1708,,,,1500,,27994
1709,,172800000,,,,28027
1710,,172800000,,,,28028
1711,,,,1500,,28133
1712,,,60000,1500,,28148
1714,,10000,,,,28247
1715,,60000,,1500,,28269
1716,,,,1500,,28271
1717,,,,1500,,28272
1718,,,5000,,,28314
1719,,6000,,,,28338
1720,,6000,,,,28339
1721,,,,1500,,28391
1722,,,,1500,,28401
1723,,,,1500,,28407
1724,,120000,,1500,,28412
1725,,4000,,1500,,28418
1726,,4000,,1500,,28419
1727,,4000,,1500,,28420
1728,,,,1500,,28447
1729,,,,1500,,28448
1731,,8000,,,,28479
1732,,,,1500,,28486
1733,,,,1500,,28487
1734,,,,1500,,28488
1736,,1000,,,,28494
1737,,60000,,,,28495
1738,,60000,,,,28499
1739,,600000,,,,28500
1741,,1000,,,,28503
1742,,,,1500,,28505
1743,,1000,,,,28511
1744,,1000,,,,28512
1745,,1000,,,,28513
1747,,,,1500,,28516
1748,,1000,,,,28527
1750,,1000,,,,28537
1751,,1000,,,,28538
1752,,30000,,,,28548
1753,,,,1500,,28559
1754,,1000,,,,28566
1755,,1000,,,,28567
1756,,1000,,,,28568
1757,,1000,,,,28569
1758,,1000,,,,28580
1759,,1000,,,,28581
1760,,1000,,,,28582
1761,,1000,,,,28583
1762,,1000,,,,28584
1763,,1000,,,,28585
1764,,,,1500,,28599
1767,,,,1500,,28683
1768,,,120000,1500,,28730
1770,,,,1500,,28738
1771,,,,1500,,28739
1772,,,,1500,,28740
1773,,60000,,,,28760
1774,,1000,,,,28765
1775,,1000,,,,28766
1776,,1000,,,,28768
1777,,1000,,,,28769
1778,,1000,,,,28770
1779,,,,1500,,28772
1780,,3000,,,,28783
1781,,20000,,,,28785
1783,,,180000,,,28815
1785,,,,1500,,28863
1786,,,,1500,,28871
1787,,,120000,,,28880
1793,,,,1500,,29044
1794,,,,1500,,29054
1796,,,,1500,,29058
1797,,10000,20000,,,29060
1798,,,30000,,,29061
1800,,,,1500,,29098
1801,,,,1500,,29106
1803,,,,1500,,29134
1804,,,,1500,,29160
1805,,,180000,,,29166
1806,,,,1500,,29168
1807,,,,1500,,29170
1808,,,,1500,,29208
1809,,,,1500,,29209
1810,,,,1500,,29210
1811,,,,1500,,29211
1812,,60000,,,,29220
1813,,60000,,,,29236
1814,,10000,,,,29251
1815,,60000,,,,29276
1816,,60000,,,,29312
1817,,,,1500,,29314
1818,,,,1500,,29317
1819,,,,1500,,29321
1820,,,10000,,,29326
1821,,,,1500,,29339
1822,,,,1500,,29381
1823,,8000,,1500,,29385
1824,,3000,,,,29386
1825,,3000,,,,29425
1828,,1000,,,,29432
1830,,2000,,,,29448
1831,,,5000,,,29455
1832,,,,1500,,29460
1833,,,,1500,,29461
1834,,6000,,,,29490
1835,,1000,,,,29503
1836,,1000,,,,29504
1837,,5000,,,,29505
1838,,1000,,,,29506
1839,,12000,,,,29511
1840,,,,1500,,29516
1841,,2000,,,,29522
1842,,15000,,1500,,29525
1843,,,,1500,,29539
1844,,,,1500,,29540
1845,,,,1500,,29543
1846,,,,1500,,29563
1847,,,,1500,,29580
1848,,600000,,,,29627
1849,,,,1500,,29652
1850,,5000,,,,29661
1851,,6000,,,,29665
1852,,1000,,,,29674
1853,,,,1500,,29679
1855,,,10000,,,29718
1856,,1000,,,,29719
1857,,,,1500,,29722
1858,,10000,,,,29731
1859,,6000,,,,29832
1860,,3000,,,,29840
1862,,,120000,1500,,29858
1863,,,,1500,,29883
1864,,,,1500,,29884
1865,,,120000,1500,,29893
1866,,,,1500,,29909
1867,,,3000,,,29922
1868,,,3000,,,29923
1869,,,3000,,,29924
1870,,,3000,,,29925
1871,,,3000,,,29926
1872,,,3000,,,29927
1873,,3000,,,,29935
1874,,,,1500,,29938
1875,,60000,,,,29940
1876,,,,1500,,29966
1877,,,,1500,,29967
1878,,,,1500,,29968
1879,,,,1500,,29975
1880,,180000,,,,29977
1881,,,,1500,,29978
1882,,,,1500,,29991
1883,,,,1500,,30002
1885,,,15000,,,30013
1886,,,10000,,,30036
1887,,,3000,,,30055
1888,,,,1500,,30066
1889,,,,1500,,30077
1890,,420000,,,,30081
1891,,,,1500,,30096
1892,,,,1500,,30099
1893,,,,1500,,30102
1894,,,,1500,,30105
1895,,,,1500,,30108
1897,,,,1500,,30146
1898,,,15000,1500,,30151
1899,,,,1500,,30152
1900,,,,1500,,30155
1901,,,,1500,,30156
1902,,,30000,,,30161
1903,,,600000,,,30167
1904,,,,1000,,30213
1905,,,,1500,,30218
1906,,3000,,,,30234
1908,,,,1500,,30238
1912,,,1000,,,30253
1913,,,,1500,,30266
1914,,,,1500,,30267
1915,,,,1500,,30281
1916,,,60000,1500,,30283
1917,,,5000,,,30284
1920,,,,1500,,30427
1921,,,,1500,,30449
1922,,,,1500,,30451
1923,,,,1500,,30455
1924,,20000,,,,30470
1925,,10000,,,,30474
1927,,15000,,,,30479
1929,,60000,,,,30485
1930,,6000,,,,30495
1931,,,,1500,,30500
1932,,,,1500,,30515
1933,,,,1500,,30519
1934,,300000,,,,30524
1935,,,,500,,30526
1936,,,,1500,,30534
1937,,12000,,,,30543
1938,,,,1500,,30553
1939,,,,1500,,30554
1940,,10000,,,,30572
1941,,,,1500,,30600
1942,,,,1500,,30604
1943,,,,1500,,30610
1944,,6000,,1500,,30614
1945,,,,1500,,30615
1946,,8000,,,,30618
1947,,20000,,1000,,30621
1949,,3000,11000,1500,,30633
1950,,10000,,1500,,30636
1951,,,,1500,,30643
1952,,,,1500,,30646
1953,,,,1500,,30653
1954,,,,1500,,30654
1955,,,,1500,,30659
1956,,,,1500,,30686
1957,,,,1500,,30691
1959,,3000,,,,30707
1960,,,1000,,,30717
1962,,,,1500,,30741
1963,,5000,,,,30769
1967,,120000,,,,30831
1968,,3000,11000,1000,,30832
1970,,,7000,,,30846
1971,,6000,,,,30850
1972,,3000,,,,30926
1973,,15000,,1500,,30933
1974,,,,1500,,30938
1975,,,,1500,,30940
1976,,10000,,,,30978
1977,,,,1000,,30980
1978,,,,1000,,30986
1979,,,,1500,,30990
1980,,5000,,,,30991
1981,,1000,,,,30994
1982,,1000,,,,30997
1984,,1000,,,,30999
1985,,1000,,,,31000
1986,,1000,,,,31002
1987,,,20000,1000,,31022
1990,,,120000,,,31224
1991,,,,1500,,31225
1992,,,,1500,,31252
1994,,,10000,,,31256
1995,,,,1500,,31271
1997,,20000,,,,31286
1998,,,,1500,,31287
2000,,,,1500,,31292
2001,,,5000,,,31308
2002,,,,1500,,31325
2003,,10000,,,,31328
2004,,,,1500,,31330
2005,,,15000,1500,,31335
2006,,,,1500,,31358
2007,,,,1500,,31365
2008,,,5000,,,31390
2009,,,,1500,,31404
2011,,,,1500,,31407
2012,,,,1500,,31409
2014,,,,1500,,31439
2015,,,,1500,,31465
2016,,10000,,,,31467
2017,,,5000,,,31519
2018,,120000,,,,31526
2019,,12000,,,,31537
2020,,8000,,,,31540
2021,,,1000,1500,,31551
2023,,,,1500,,31589
2024,,,5000,,,31610
2025,,,,1500,,31615
2026,,15000,,,,31617
2027,,,,1500,,31618
2028,,,,1500,,31620
2029,,6000,,1500,,31623
2030,,15000,,,,31624
2031,,15000,,,,31625
2032,,,,1500,,31627
2033,,,,1500,,31633
2034,,45000,,1500,,31661
2035,,,,1500,,31673
2036,,,15000,1500,,31687
2037,,3000,,,,31700
2038,,,,1000,,31707
2039,,3000,,,,31715
2040,,3000,,,,31717
2041,,,,1500,,31730
2042,,,,1500,,31739
2043,,,,1500,,31749
2044,,,10000,,,31760
2045,,,,1500,,31764
2046,,,10000,,,31765
2047,,1000,,,,31771
2048,,,,1500,,31782
2049,,,8000,,,31789
2050,,30000,,,,31792
2051,,,,1500,,31797
2053,,,,1500,,31807
2054,,,,1500,,31808
2055,,,,1500,,31810
2056,,,,1500,,31811
2057,,,,1500,,31812
2058,,,,1500,,31813
2059,,,,1500,,31814
2060,,,,1500,,31815
2061,,,180000,1500,,31821
2063,,30000,,,,31843
2064,,30000,,1500,,31863
2065,,6000,,,,31865
2066,,120000,,,,31884
2067,,6000,,,,31911
2068,,1000,,,,31920
2069,,,15000,1500,,31935
2070,,,,1500,,31942
2071,,7000,,,,31946
2072,,13000,,,,31970
2073,,,,1500,,31971
2074,,,,1500,,31975
2075,,,,1500,,31991
2076,,20000,,,,31996
2077,,6000,,,,32014
2078,,,5000,,,32015
2079,,20000,,,,32023
2081,,15000,,1500,,32026
2082,,,,1500,,32040
2083,,4000,,,,32053
2084,,4000,,,,32054
2085,,4000,,,,32057
2086,,15000,,1500,,32062
2089,,,,1500,,32125
2090,,30000,,,,32129
2092,,,,1500,,32131
2093,,,,1500,,32132
2094,,1000,,,,32140
2095,,5000,,1500,,32154
2096,,,,1500,,32173
2097,,,300000,,,32182
2100,,120000,,,,32199
2101,,1000,,,,32219
2103,,,,1500,,32241
2104,,,,1500,,32253
2105,,60000,,,,32254
2106,,3000,,,,32265
2107,,,60000,1500,,32266
2108,,,60000,1500,,32267
2109,,,,1500,,32271
2110,,,,1500,,32272
2111,,1000,,,,32278
2112,,1000,,,,32279
2113,,1000,,,,32280
2115,,,,1500,,32298
2116,,,,1500,,32305
2118,,,,1500,,32324
2119,,6000,,,,32361
2120,,,,1500,,32363
2122,,,120000,1500,,32375
2123,,,,1500,,32379
2124,,,,1500,,32396
2125,,,,1500,,32400
2126,,,5000,,,32406
2127,,,,1500,,32414
2128,,,,1500,,32415
2129,,15000,,1500,,32419
2130,,,,1500,,32421
2131,,,,1500,,32422
2132,,2000,,,,32445
2133,,,,1500,,32447
2134,,1000,,1500,,32491
2135,,,,1500,,32546
2136,,,,1500,,32589
2137,,,,1500,,32614
2138,,,,1000,,32645
2139,,,,1500,,32666
2140,,6000,,1500,,32690
2141,,,,1500,,32693
2142,,,,1500,,32709
2143,,,,1500,,32734
2144,,45000,,,,32738
2145,,,,1500,,32740
2146,,15000,,1500,,32741
2147,,15000,,1500,,32742
2149,,15000,,,,32751
2150,,7000,,,,32784
2151,,,,1500,,32787
2152,,,,1500,,32788
2153,,,,1500,,32790
2154,,,,1500,,32791
2155,,,,1500,,32792
2156,,60000,,,,32802
2157,,60000,,,,32803
2158,,60000,,,,32804
2159,,60000,,,,32805
2160,,60000,,,,32806
2161,,,10000,,,32861
2162,,3000,12000,1500,,32863
2163,,5000,,,,32888
2164,,,,1500,,32899
2165,,,30000,,,32902
2167,,,,1500,,32911
2168,,3000,,,,32917
2169,,30000,,,,32918
2170,,10000,,1500,,32921
2171,,10000,,1500,,32922
2172,,,30000,,,32924
2173,,,,1500,,32926
2174,,,,1500,,32928
2175,,,,1500,,32929
2177,,,,1500,,32937
2178,,,10000,,,32943
2179,,,,1500,,32948
2180,,,,1500,,32952
2181,,,,1500,,32968
2182,,30000,,,,32971
2183,,,,1500,,32974
2184,,,,1500,,32976
2185,,,,1500,,33031
2186,,,,1500,,33050
2187,,,30000,,,33054
2188,,,1500,1500,,33076
2189,,5000,,,,33086
2190,,10000,,,,33091
2191,,,250,,,33095
2192,,,20000,,,33096
2195,,,1500,,,33206
2196,,2000,,,,33230
2197,,18000,,,,33238
2198,,,,1500,,33245
2207,,,,1500,,33324
2208,,,,1500,,33325
2209,,,,1500,,33335
2211,,25000,25000,,,33395
2212,,,20000,,,33482
2213,,,,1500,,33487
2214,,,20000,,,33537
2215,,,40000,,,33539
2216,,,60000,,,33540
2217,,,,1500,,33546
2218,,,,1500,,33547
2219,,,,1500,,33548
2220,,,,1500,,33549
2221,,,,1500,,33550
2222,,3000,,,,33554
2223,,,,1500,,33564
2224,,,,1500,,33570
2225,,,10000,,,33618
2226,,,,1500,,33623
2227,,,,1500,,33625
2229,,,,1500,,33632
2230,,,,1500,,33642
2231,,6000,,1500,,33643
2232,,5000,,,,33654
2233,,,5000,,,33657
2234,,5000,,,,33689
2235,,,,1500,,33690
2236,,,60000,1500,,33691
2237,,,120000,,,33697
2239,,,120000,,,33702
2241,,,,1000,,33735
2243,,,,1500,,33763
2244,,,,1500,,33770
2246,,60000,,,,33773
2247,,60000,,,,33774
2248,,,,1500,,33786
2249,,8000,,,,33789
2250,,,,1500,,33793
2251,,1000,,1500,,33794
2253,,1000,,,,33828
2254,,,,1500,,33829
2256,,,,1500,,33832
2257,,,,1500,,33841
2258,,,,1500,,33844
2259,,,,1500,,33860
2260,,,5000,,,33861
2263,,180000,180000,1500,,33891
2264,,,,1500,,33907
2265,,,,1500,,33910
2266,,6000,,,,33919
2267,,7000,,,,33923
2268,,,,1500,,33924
2271,,30000,,,,33951
2272,,,,1500,,33959
2273,,10000,,,,33964
2274,,,,1500,,33967
2275,,,,1500,,33973
2276,,,,1500,,33976
2277,,,300000,,,33977
2278,,,,1500,,34020
2280,,,,1500,,34036
2281,,15000,,1500,,34079
2282,,,,1500,,34083
2283,,,60000,,,34086
2284,,7000,,,,34095
2285,,,6000,1000,,34097
2286,,,6000,1000,,34099
2287,,60000,,1500,,34100
2288,,,,1000,,34108
2289,,,,1500,,34119
2291,,,4000,,,34154
2292,,,,1500,,34163
2293,,,,1500,,34165
2294,,,,1500,,34170
2297,,120000,,,,34189
2298,,1000,,,,34206
2299,,,,1500,,34237
2300,,,,1500,,34238
2301,,,,1500,,34239
2303,,,,1500,,34251
2304,,,,1500,,34254
2305,,,,1500,,34290
2306,,3000,20000,1500,,34322
2308,,,,1500,,34343
2309,,,,1500,,34344
2310,,,,1500,,34345
2311,,,,1500,,34346
2312,,,,1500,,34347
2313,,,,1500,,34348
2314,,,,1500,,34349
2315,,6000,,,,34352
2316,,6000,,,,34353
2317,,3000,10000,1500,,34354
2318,,,,1500,,34361
2319,,,180000,,,34379
2320,,,,1500,,34423
2321,,,10000,,,34427
2322,,,,1500,,34428
2324,,,,1500,,34436
2325,,10000,,,,34444
2326,,,30000,,,34477
2328,,1000,,,,34511
2329,,1000,,,,34513
2330,,,,1500,,34517
2331,,,,1500,,34518
2333,,120000,,,,34616
2334,,10000,,,,34618
2335,,10000,,,,34619
2336,,10000,,,,34620
2337,,,,1500,,34642
2338,,45000,,,,34643
2339,,1000,,1500,,34653
2340,,,,1500,,34656
2341,,,,1500,,34663
2342,,,,1500,,34679
2343,,3000,,,,34694
2344,,10000,,,,34716
2346,,10000,,,,34741
2347,,,30000,,,34784
2348,,3000,12000,1500,,34791
2350,,6000,,1500,,34829
2351,,,,1500,,34844
2352,,,,1500,,34861
2353,,,,1500,,34871
2354,,,,1500,,34879
2355,,,10000,,,34880
2356,,,10000,,,34881
2359,,,,1500,,34906
2360,,,,1500,,34914
2361,,,,1500,,34933
2362,,,,1500,,34934
2363,,,,1500,,34941
2365,,,5000,1500,,34945
2366,,,3000,1500,,34969
2367,,300000,,1500,,34973
2368,,,,1500,,34974
2369,,,,1500,,34984
2370,,,,1500,,35010
2371,,,5000,,,35011
2372,,,,1500,,35033
2373,,,,1500,,35050
2374,,,,1500,,35052
2375,,,,1500,,35053
2376,,,15000,,,35058
2377,,,,1500,,35124
2379,,,,1500,,35129
2380,,,,1500,,35152
2381,,,,1500,,35156
2382,,,40000,,,35158
2383,,,40000,,,35159
2385,,,,1500,,35188
2386,,,,1500,,35195
2387,,,,1500,,35198
2389,,30000,,,,35200
2390,,4000,,,,35205
2391,,,,1500,,35206
2392,,,,1500,,35234
2393,,,,1500,,35235
2394,,,,1500,,35239
2395,,10000,,1500,,35240
2396,,,,1500,,35243
2397,,,,1500,,35247
2401,,6000,,,,35311
2402,,45000,,,,35313
2403,,,10000,,,35319
2404,,8000,,,,35322
2405,,9000,,,,35326
2406,,8000,,,,35327
2407,,8000,,,,35330
2408,,,,1500,,35332
2409,,,,1500,,35336
2410,,,,1500,,35342
2411,,,10000,,,35346
2412,,,,1500,,35361
2413,,,,1500,,35377
2415,,,,1500,,35395
2416,,6000,,1500,,35401
2417,,,,1500,,35460
2419,,600000,,,,35470
2420,,6000,,,,35473
2421,,,,500,,35474
2422,,,,1500,,35475
2423,,,,1500,,35476
2424,,,,1500,,35477
2425,,,,1500,,35478
2426,,,,1500,,35511
2427,,,,1500,,35516
2428,,,30000,,,35571
2430,,,,1500,,35715
2431,,,60000,1500,,35717
2435,,,,1500,,35743
2436,,,,1500,,35744
2437,,,,1500,,35748
2438,,,,1500,,35749
2439,,,5000,,,35783
2440,,,,1500,,35907
2441,,,,1500,,35909
2442,,,,1500,,35910
2443,,,,1500,,35911
2444,,,,1500,,35913
2445,,,,1500,,35915
2446,,,,1500,,35917
2447,,,,1500,,35930
2449,,10000,,,,35949
2450,,60000,,1500,,35950
2451,,6000,,,,35953
2453,,,,1500,,36004
2454,,,,1500,,36027
2455,,,,1500,,36028
2456,,,,1500,,36029
2457,,,,1500,,36031
2458,,,,1500,,36034
2459,,,,1500,,36035
2460,,,,1500,,36088
2461,,,,1500,,36095
2462,,,,1500,,36099
2464,,,,1500,,36123
2465,,,,1500,,36224
2466,,,,1500,,36226
2467,,5000,,,,36240
2468,,,,1500,,36242
2469,,,,1500,,36247
2470,,,,1500,,36253
2471,,6000,,,,36293
2472,,,,1500,,36314
2473,,,,1000,,36332
2474,,,,1500,,36333
2475,,,,1500,,36404
2476,,,,10000,,36414
2477,,,,10000,,36458
2478,,,,1500,,36472
2479,,,300000,,,36477
2481,,10000,,1500,,36518
2482,,,,1500,,36534
2483,,,,1500,,36543
2485,,,,1500,,36594
2486,,6000,,1500,,36609
2487,,,,1500,,36613
2488,,3000,,,,36617
2489,,6000,,1500,,36623
2490,,,10000,,,36640
2491,,,,1500,,36642
2492,,,,1500,,36647
2493,,6000,,,,36664
2494,,,,1500,,36671
2495,,,,1500,,36678
2496,,,,1500,,36679
2497,,,,1500,,36701
2498,,,,1500,,36706
2499,,,5000,,,36708
2500,,30000,,,,36719
2501,,600000,,,,36722
2502,,,3000,,,36736
2503,,,3000,,,36742
2504,,60000,,,,36746
2505,,60000,,,,36749
2506,,6000,,,,36787
2507,,,,1500,,36807
2508,,,,1500,,36825
2509,,,,1500,,36830
2510,,,,1500,,36831
2511,,,5000,,,36841
2512,,4000,,,,36863
2513,,,,1500,,36867
2514,,30000,,,,36872
2515,,,,1500,,36879
2516,,,,1500,,36880
2518,,6000,,1500,,36884
2519,,4000,,,,36887
2520,,4000,,,,36891
2521,,,,1000,,36905
2522,,,,1000,,36906
2523,,1000,,1500,,36920
2524,,3000,,,,36921
2525,,8000,,,,36922
2526,,,,1500,,36926
2528,,,,1500,,36944
2529,,,,1500,,36947
2530,,,,1500,,36950
2531,,6000,,1500,,36953
2532,,,,1500,,36971
2533,,,,1500,,36984
2534,,,,1500,,36994
2535,,,,1500,,37014
2536,,,,1500,,37063
2538,,,,1500,,37089
2540,,,1500,,,37120
2541,,,1000,,,37144
2542,,,1000,,,37146
2543,,,1000,,,37148
2544,,,1000,,,37151
2545,,,1000,,,37152
2546,,,1000,,,37153
2547,,,,1500,,37158
2548,,6000,,1500,,37226
2549,,6000,,1500,,37229
2550,,,10000,,,37277
2551,,5000,,1500,,37321
2552,,,,1500,,37328
2555,,,,1500,,37367
2556,,15000,,1500,,37368
2557,,5000,,,,37406
2558,,5000,,,,37413
2559,,5000,,,,37414
2560,,5000,,,,37416
2562,,,,1500,,37422
2563,,5000,,,,37427
2564,,5000,,,,37428
2565,,5000,,,,37432
2566,,5000,,,,37434
2568,,15000,,,,37445
2569,,5000,,,,37453
2570,,5000,,,,37454
2571,,5000,20000,,,37455
2572,,5000,20000,,,37456
2573,,5000,,,,37459
2574,,5000,,,,37461
2575,,5000,,,,37462
2576,,5000,,,,37463
2577,,5000,15000,,,37465
2578,,5000,15000,,,37469
2579,,5000,15000,,,37471
2580,,5000,15000,,,37472
2581,,5000,,,,37474
2582,,5000,,,,37476
2583,,3000,,,,37478
2584,,10000,,,,37486
2585,,5000,,,,37498
2586,,5000,,,,37502
2587,,,,1500,,37539
2588,,10000,,,,37548
2589,,15000,,1500,,37551
2590,,,,1500,,37555
2591,,,,1500,,37569
2592,,,,20000,,37580
2594,,,5000,,,37592
2595,,40000,,,,37648
2596,,3000,,,,37660
2597,,,,1500,,37664
2598,,10000,,,,37673
2610,,1000,,,,37729
2611,,4000,,,,37730
2615,,,,1500,,37759
2616,,1000,,,,37764
2619,,5000,,,,37775
2622,,30000,,,,37788
2623,,,,1500,,37823
2624,,5000,,,,37824
2626,,,20000,,,37830
2628,,,,1500,,37841
2631,,,,1500,,37945
2632,,,,1500,,37967
2633,,,,1500,,37978
2634,,,,1500,,38009
2635,,10000,,,,38028
2636,,40000,,,,38046
2638,,,,1500,,38065
2639,,,,1500,,38067
2640,,,,1500,,38085
2641,,,,1500,,38115
2642,,,,1500,,38116
2643,,6000,,1500,,38146
2644,,,,1500,,38150
2645,,,,1500,,38154
2646,,,,1500,,38194
2647,,,,1500,,38203
2648,,,,1500,,38204
2649,,,,1500,,38205
2650,,30000,,,,38208
2651,,,,1500,,38209
2652,,,,1500,,38210
2653,,,,1500,,38252
2654,,,,1500,,38263
2655,,,6000,,,38269
2659,,,,1500,,38304
2660,,,,1500,,38306
2661,,,4000,,,38312
2662,,,,1500,,38340
2663,,,,1500,,38349
2664,,6000,,1500,,38370
2665,,,10000,,,38379
2666,,5000,,,,38380
2667,,,,1500,,38383
2668,,,,1500,,38386
2669,,,,1500,,38391
2670,,,,1500,,38438
2671,,,,1500,,38456
2672,,,,1500,,38510
2675,,1000,,,,38543
2676,,,,1500,,38595
2677,,,,1500,,38597
2678,,,,1500,,38601
2679,,,,1500,,38604
2680,,30000,,1000,,38605
2681,,,,1500,,38636
2682,,,,1500,,38641
2683,,,,1500,,38642
2684,,,,1500,,38643
2686,,,,1500,,38657
2687,,,,1500,,38658
2688,,,,1500,,38660
2689,,8000,,,,38664
2690,,,,1500,,38712
2691,,,,1500,,38725
2692,,4000,,,,38794
2693,,7000,,,,38796
2694,,3000,,,,38810
2695,,30000,,,,38830
2696,,600000,,,,38831
2697,,,3000,,,38836
2698,,,3000,,,38840
2699,,,,1500,,38842
2700,,6000,,,,38846
2701,,4000,,,,38849
2702,,4000,,,,38850
2703,,4000,,,,38851
2704,,,,1500,,38859
2705,,6000,,1500,,38861
2706,,,5000,,,38897
2707,,,15000,,,38905
2708,,60000,,,,38908
2709,,,,1500,,38914
2710,,,,1500,,38915
2711,,,15000,,,38920
2712,,60000,,,,38929
2713,,,,1500,,38935
2714,,30000,,,,38959
2715,,,,1500,,38980
2716,,,,1500,,38981
2717,,,,10000,,38985
2718,,,10000,,,39002
2719,,,,1000,,39022
2720,,,,1000,,39023
2721,,,,1500,,39048
2722,,5000,,,,39050
2723,,,,1500,,39054
2724,,,,1500,,39058
2725,,,,1500,,39065
2726,,6000,,1500,,39066
2727,,,10000,,,39067
2728,,10000,,,,39070
2729,,,,1500,,39119
2730,,,,1500,,39125
2731,,,,1500,,39126
2732,,2000,,,,39144
2734,,6000,,,,39174
2735,,,,1500,,39181
2736,,,,1500,,39182
2737,,8000,,,,39188
2738,,8000,,,,39193
2739,,8000,,,,39194
2740,,8000,,,,39195
2742,,15000,,,,39221
2743,,15000,,,,39222
2746,,,,1500,,39267
2747,,,30000,,,39271
2749,,,,1500,,39297
2750,,3000,10000,,,39314
2751,,1200000,,,,39330
2752,,,,1500,,39347
2753,,,,1500,,39367
2754,,,,1500,,39378
2756,,,,1500,,39415
2757,,8000,,,,39427
2758,,,,1500,,39449
2759,,,5000,,,39583
2760,,6000,,1500,,39587
2763,,,,1500,,39622
2765,,15000,,,,39645
2766,,30000,,,,39658
2767,,,,1500,,39661
2768,,,,1000,,39666
2769,,,,1000,,39669
2770,,,,1500,,39676
2771,,,10000,,,39685
2772,,,4000,,,39692
2773,,,2000,,,39693
2774,,5000,10000,,,39694
2775,,,5000,,,39695
2776,,,,1500,,39709
2777,,,,1500,,39794
2778,,,10000,,,39836
2779,,5000,15000,,,39842
2780,,8000,,,,39878
2782,,30000,,1500,,39902
2783,,,,1500,,39937
2784,,6000,,1500,,39945
2786,,6000,,1500,,39979
2787,,10000,,,,39980
2788,,6000,,1500,,40057
2789,,,,1500,,40066
2790,,6000,,1500,,40071
2791,,,,1500,,40076
2792,,,,1500,,40084
2793,,,,1500,,40097
2795,,8000,,,,40126
2796,,40000,,,,40136
2797,,6000,,1500,,40146
2798,,,,1000,,40157
2799,,,15000,1000,,40175
2800,,10000,,,,40184
2801,,,25000,1500,,40219
2802,,,3000,1000,,40220
2803,,,15000,1000,,40221
2804,,,25000,1000,,40222
2806,,6000,,1500,,40254
2807,,10000,,,,40259
2808,,3000,,,,40276
2809,,,15000,1000,,40314
2810,,,,1500,,40319
2811,,5000,,,,40321
2812,,,90000,1000,,40322
2813,,,,1000,,40325
2814,,,,1500,,40363
2815,,10000,,,,40399
2816,,,,1500,,40400
2817,,,,1500,,40405
2818,,60000,,,,40408
2819,,,,1500,,40411
2820,,10000,,,,40423
2821,,,,1500,,40428
2822,,5000,30000,,,40474
2823,,,25000,15000,,40476
2824,,2000,,,,40486
2825,,2000,,,,40491
2826,,,15000,1000,,40493
2827,,,15000,1000,,40497
2828,,60000,,,,40501
2829,,6000,,1500,,40507
2830,,2000,,,,40508
2832,,,,1500,,40549
2833,,,,1500,,40554
2834,,,,1500,,40556
2835,,,3000,1000,,40560
2836,,,15000,1000,,40561
2837,,,8000,1000,,40563
2838,,,30000,1500,,40565
2839,,2000,,,,40595
2840,,2000,,,,40597
2841,,6000,,1500,,40605
2842,,6000,,1500,,40608
2843,,,,1500,,40613
2844,,,,1500,,40614
2845,,1000,,,,40621
2846,,,15000,,,40622
2847,,,,1500,,40633
2848,,,,1500,,40634
2849,,6000,,1500,,40646
2850,,10000,,,,40651
2851,,18000,,,,40653
2852,,,,1500,,40658
2853,,,300000,1500,,40659
2854,,60000,,,,40662
2855,,,,1500,,40671
2857,,,,1500,,40721
2858,,,12000,1000,,40727
2859,,,,1000,,40736
2860,,,8000,1000,,40737
2861,,,15000,1500,,40741
2863,,,,1500,,40751
2865,,,,1500,,40769
2866,,10000,,,,40772
2867,,,,1500,,40787
2868,,,,1500,,40789
2869,,,,1500,,40791
2870,,,,1500,,40792
2871,,,,1500,,40793
2872,,,,1500,,40794
2873,,,,1500,,40797
2874,,,,1500,,40798
2876,,,,1500,,40821
2877,,,,1500,,40822
2878,,,,1500,,40824
2879,,2000,,,,40832
2880,,2000,,,,40834
2881,,,,1500,,40844
2882,,,,1500,,40845
2883,,6000,,,,40846
2884,,,,1500,,40851
2885,,,,1500,,40884
2886,,2000,,,,40904
2888,,,,1500,,40990
2890,,2000,,,,41032
2891,,,,1500,,41069
2892,,10000,,,,41071
2893,,,,1500,,41084
2894,,18000,,,,41097
2895,,30000,,,,41102
2896,,,,1000,,41103
2897,,,,1500,,41106
2898,,,,1500,,41114
2899,,9000,,,,41150
2900,,,8000,,,41173
2901,,,,1000,,41177
2902,,6000,,1500,,41183
2903,,,,1500,,41187
2904,,10000,30000,,,41198
2905,,8000,5000,,,41213
2906,,,,1500,,41233
2907,,,,1500,,41265
2908,,8000,,,,41272
2909,,,,1500,,41273
2910,,8000,,,,41274
2911,,3000,,,,41276
2912,,3000,,,,41277
2913,,,,1500,,41280
2914,,,,1500,,41282
2915,,6000,,1500,,41302
2916,,60000,,,,41304
2917,,60000,,,,41306
2918,,6000,,1500,,41332
2919,,6000,,1500,,41335
2920,,6000,,1500,,41336
2921,,6000,,1500,,41339
2922,,,,1500,,41355
2923,,6000,,1500,,41365
2924,,,,1000,,41392
2925,,,,1000,,41393
2926,,,,1500,,41396
2927,,1000,,,,41431
2928,,,,1500,,41443
2930,,,,1500,,41448
2931,,15000,,,,41450
2932,,15000,,,,41451
2933,,30000,60000,,,41452
2934,,30000,60000,,,41453
2935,,15000,,,,41459
2936,,15000,,,,41469
2937,,,55000,,,41476
2938,,3000,,,,41481
2939,,3000,,,,41482
2940,,,,1500,,41494
2941,,,,1500,,41495
2942,,,,1500,,41497
2943,,,,1500,,41498
2944,,3000,1500,,,41524
2945,,,,1000,,41578
2946,,,,1000,,41579
2947,,,8000,1500,,41589
2948,,,30000,,,41590
2949,,10000,30000,,,41593
2950,,10000,30000,,,41594
2951,,10000,30000,,,41595
2952,,,10000,1000,,41596
2953,,,30000,1000,,41597
2954,,1000,,,,41604
2955,,60000,,,,41617
2956,,60000,,,,41618
2957,,60000,,,,41619
2958,,60000,,,,41620
2960,,6000,,1500,,41911
2961,,6000,,1500,,41916
2962,,6000,,1500,,41918
2963,,,,1500,,41938
2964,,60000,,,,41943
2965,,60000,,,,41944
2966,,60000,,,,41945
2967,,60000,,,,41946
2968,,60000,,,,41947
2970,,10000,,,,41964
2972,,,,1500,,42025
2973,,,45000,5000,,42035
2974,,,30000,5000,,42073
2975,,,,1500,,42129
2977,,30000,,1500,,42159
2978,,30000,,1500,,42160
2979,,,10000,,,42166
2980,,,,1500,,42184
2984,,1000,,,,42275
2987,,1000,,,,42313
2988,,,10000,,,42324
2989,,,5000,1000,,42333
2990,,120000,,,,42347
2991,,,,1500,,42354
2992,,,,1500,,42363
2993,,,,1500,,42372
2994,,,10000,,,42376
2995,,,,1500,,42387
2997,,,5000,1000,,42391
3000,,6000,,1500,,42441
3001,,,,1500,,42477
3002,,,10000,,,42478
3003,,40000,,,,42500
3005,,,,1500,,42544
3006,,3000,,,,42562
3007,,,5000,1000,,42570
3008,,9000,,,,42583
3009,,,,1500,,42609
3010,,,,1500,,42618
3011,,90000,90000,1500,,42650
3013,,,5000,1000,,42654
3014,,3000,,,,42667
3015,,2000,,,,42669
3016,,,,1500,,42671
3018,,2000,,,,42708
3019,,2000,,,,42723
3020,,2000,,,,42729
3021,,6000,5000,1500,,42740
3022,,2000,,,,42748
3024,,,,1500,,42802
3025,,6000,,1500,,42804
3026,,,,1500,,42955
3027,,,,1500,,42956
3030,,60000,,,,42987
3031,,60000,,,,42988
3038,,,,1500,,43083
3039,,,,1500,,43085
3040,,15000,,,,43098
3041,,10000,,,,43128
3043,,9000,,,,43152
3045,,60000,,,,43155
3047,,60000,,,,43185
3048,,60000,,,,43186
3049,,,,1500,,43223
3050,,,,1500,,43241
3054,,1500,,,,43308
3055,,,,1500,,43330
3057,,15000,,1500,,43414
3058,,8000,5000,,,43416
3059,,,,1500,,43417
3060,,,,1500,,43427
3061,,,,1500,,43428
3062,,4000,,,,43432
3063,,,,1000,,43436
3064,,,,1500,,43447
3065,,30000,,1500,,43449
3067,,,,1500,,43515
3068,,,,1500,,43520
3069,,,,1500,,43521
3070,,,,1500,,43523
3071,,,,1500,,43525
3072,,,,1500,,43550
3073,,,,1500,,43556
3074,,,300000,,,43557
3075,,10000,,1500,,43560
3076,,,,1500,,43571
3078,,,,1500,,43577
3079,,,,1500,,43590
3080,,2000,,,,43592
3081,,4000,,,,43620
3082,,5000,,,,43621
3083,,5000,,,,43648
3084,,,,1500,,43650
3085,,,,1500,,43667
3086,,2000,,,,43673
3087,,,,1500,,43697
3088,,,,1500,,43698
3089,,,,1500,,43732
3091,,,,1500,,43756
3092,,,,1500,,43757
3094,,,8000,,,43769
3095,,,500,,,43770
3096,,,,1500,,43774
3097,,,,1500,,43824
3098,,,,1500,,43825
3099,,,,1500,,43826
3100,,,,1500,,43835
3101,,,,1500,,43896
3102,,,,1500,,43903
3103,,,,1500,,43918
3104,,,,1500,,43939
3105,,,,1500,,43940
3108,,,2000,,,43948
3109,,,30000,,,43949
3110,,,10000,,,43986
3111,,60000,,1500,,43987
3114,,60000,,,,43995
3115,,,2000,,,43997
3116,,,15000,,,44009
3117,,3000,,,,44010
3120,,5000,,,,44054
3121,,15000,,1500,,44136
3122,,,,1500,,44137
3123,,1500,,,,44140
3124,,,,1500,,44141
3125,,,,1500,,44142
3126,,,,1500,,44163
3127,,,,1500,,44174
3128,,15000,,1500,,44175
3129,,,1000,1500,,44176
3130,,,,1500,,44178
3131,,,10000,,,44213
3132,,1000,,,,44235
3133,,,,1500,,44256
3134,,15000,,1500,,44257
3135,,,,1500,,44267
3136,,6000,,1500,,44268
3137,,6000,,1500,,44271
3138,,,2000,,,44282
3139,,,,1500,,44285
3140,,,,1500,,44286
3141,,3000,20000,1500,,44290
3142,,15000,,1500,,44291
3143,,,,1500,,44294
3144,,,,1500,,44318
3145,,,,1500,,44319
3146,,,,1500,,44332
3147,,,,1500,,44369
3148,,,6000,,,44422
3149,,,20000,,,44423
3150,,,20000,,,44424
3151,,,,1500,,44425
3152,,,30000,1500,,44457
3153,,1000,,,,44467
3154,,,,1500,,44477
3155,,5000,,,,44480
3156,,,,1500,,44503
3157,,,,1500,,44517
3158,,3000,20000,1500,,44520
3160,,,,1500,,44536
3161,,,,1500,,44537
3162,,,,1500,,44547
3163,,,10000,,,44550
3164,,,4000,,,44562
3169,,,4000,,,44609
3170,,,10000,,,44610
3171,,,,1500,,44614
3174,,,,1500,,44844
3175,,2000,,,,44869
3176,,,,1500,,44879
3177,,,,1500,,44956
3178,,60000,,1500,,44977
3179,,,,1500,,45025
3180,,,,1500,,45027
3181,,5000,,,,45029
3182,,8000,,1500,,45043
3183,,,300000,,,45052
3185,,,,1500,,45075
3186,,,,1500,,45082
3187,,5000,,,,45095
3188,,,,1500,,45125
3189,,,1000,1500,,45127
3190,,2000,,,,45150
3191,,,,1500,,45174
3192,,,,1500,,45175
3193,,2000,,,,45185
3196,,,,1500,,45265
3197,,,,1500,,45328
3198,,,,1500,,45336
3200,,,,1500,,45438
3202,,,,1500,,45468
3205,,,,1500,,45481
3206,,,,1500,,45482
3207,,,,1500,,45483
3208,,,,1500,,45484
3209,,,,1500,,45517
3210,,,,1500,,45524
3212,,,,1500,,45543
3213,,,,1500,,45544
3214,,,,1500,,45580
3215,,,,1500,,45608
3216,,4000,,,,45657
3217,,5000,,,,45661
3218,,2000,,,,45664
3219,,3000,,,,45737
3220,,,20000,,,45750
3221,,,,1500,,45770
3222,,,5000,1000,,45780
3223,,,,1500,,45789
3224,,,20000,1000,,45848
3225,,,,1500,,45850
3226,,5000,,,,45855
3227,,,10000,1000,,45856
3228,,,10000,1000,,45860
3229,,,,1500,,45861
3230,,,,1000,,45862
3231,,,20000,,,45876
3232,,,10000,,,45877
3233,,,,1500,,45890
3234,,5000,,,,45897
3235,,,20000,,,45901
3236,,,,1500,,45902
3237,,,,1500,,45906
3238,,,1800000,,,45927
3240,,,120000,500,,46026
3241,,5000,,,,46030
3243,,,,1500,,46048
3244,,,,1500,,46049
3245,,,,1000,,46101
3246,,,,1000,,46102
3247,,,,1500,,46119
3248,,,,1500,,46149
3249,,,,1500,,46153
3250,,,,1500,,46155
3251,,,2000,,,46157
3252,,10000,10000,4000,,46166
3253,,,,1500,,46181
3254,,,5000,,,46183
3255,,60000,,1500,,46187
3256,,,,1000,,46189
3257,,,,1500,,46191
3258,,,,1500,,46192
3259,,15000,,1500,,46193
3260,,,,1500,,46194
3261,,,,1500,,46195
3262,,45000,,,,46202
3263,,,,1500,,46224
3264,,10000,,,,46276
3265,,5000,,1500,,46283
3266,,,8000,,,46315
3267,,,15000,,,46316
3268,,,4000,,,46317
3269,,,,1500,,46340
3270,,,,1500,,46380
3271,,,,1500,,46381
3272,,,,1500,,46425
3273,,,,1500,,46426
3275,,,60000,1500,,46450
3276,,,60000,1500,,46451
3277,,,60000,1500,,46452
3278,,6000,,1500,,46460
3279,,,,1500,,46466
3280,,,,1500,,46467
3281,,,,1500,,46478
3282,,,,1500,,46479
3283,,,,1500,,46480
3285,,,,1500,,46557
3286,,6000,,,,46559
3287,,,,1500,,46560
3288,,,,1500,,46561
3289,,,,1500,,46563
3290,,,,1500,,46567
3291,,,,1500,,46569
3292,,,,1500,,46571
3294,,,30000,1500,,46584
3295,,120000,,,,46585
3296,,,,1500,,46599
3297,,,,10000,,46605
3298,,,,1500,,46608
3300,,,,1000,,46680
3302,,,,1500,,46704
3303,,82800000,,,,46713
3304,,82800000,,,,46714
3305,,82800000,,,,46715
3306,,,,1500,,46744
3308,,1000,,,,46838
3309,,1000,,,,46840
3311,,,60000,1500,,46924
3312,,,40000,1500,,46968
3313,,,500,,,46978
3314,,,,1500,,47074
3315,,,,1500,,47076
3316,,,,1500,,47079
3322,,,60000,1500,,47278
3323,,,72000000,,,47280
3324,,,5000,1000,,47282
3327,,,300000,1500,,47432
3328,,,4000,,,47434
3329,,,20000,5000,,47447
3330,,,300000,,,47454
3331,,,,1000,,47468
3332,,,45000,,,47476
3334,,,90000,,,47481
3335,,,30000,,,47482
3336,,,45000,1000,,47484
3337,,,,1000,,47496
3338,,1500,,,,47524
3339,,15000,,,,47528
3340,,,,1500,,47534
3341,,,1500,1500,,47540
3342,,,,1500,,47541
3344,,,120000,1500,,47585
3345,,,20000,5000,,47611
3346,,,,1500,,47668
3348,,,10000,,,47699
3349,,,,1500,,47723
3350,,,1000,,,47770
3351,,,1000,,,47776
3353,,15000,,1500,,47784
3354,,,180000,,,47788
3355,,15000,,1500,,47789
3357,,,30000,,,47849
3359,,,15000,,,47902
3360,,,10000,,,47912
3361,,,1500,1500,,47919
3362,,,10000,,,47921
3363,,,1500,,,47938
3364,,,1500,,,47939
3367,,,120000,,,47966
3368,,,,1500,,47977
3369,,,10000,1500,,48018
3370,,,30000,1500,,48020
3371,,,300000,,,48030
3373,,6000,,1500,,48060
3374,,,,1500,,48098
3377,,,,1000,,48132
3378,,120000,,,,48133
3379,,,,1500,,48140
3380,,,15000,1500,,48181
3381,,3000,18000,3000,,48191
3382,,,4000,,,48211
3383,,,,1500,,48245
3384,,,,1500,,48262
3386,,,,1500,,48264
3389,,,,1500,,48287
3390,,,,1000,,48291
3391,,,,1000,,48292
3392,,,,1000,,48294
3393,,,1000,,,48297
3395,,,,1500,,48319
3396,,,,1500,,48320
3397,,,,1500,,48359
3398,,,2000,,,48363
3399,,,,1500,,48374
3400,,,,1500,,48376
3401,,,10000,,,48397
3402,,,5000,,,48403
3403,,,,1500,,48406
3404,,,,1500,,48408
3405,,,,1500,,48416
3406,,10000,,1500,,48438
3408,,,20000,,,48548
3409,,20000,30000,1000,,48558
3410,,,,1500,,48583
3411,,,,1000,,48594
3412,,,,1500,,48599
3413,,,45000,,,48604
3414,,,2000,,,48610
3415,,,,1500,,48619
3417,,,5000,,,48677
3419,,,,1500,,48698
3420,,60000,60000,,,48707
3421,,1000,,,,48719
3423,,,1500,1500,,48738
3424,,60000,,,,48739
3425,,,120000,,,48743
3426,,,,1000,,48766
3427,,,15000,,,48768
3428,,,3000,,,48783
3429,,,120000,,,48792
3430,,6000,,1500,,48871
3431,,,,1500,,48872
3432,,,2000,,,48873
3433,,,2000,,,48878
3434,,,,1500,,48894
3435,,,,1500,,48895
3437,,,2000,,,48920
3439,,,,1000,,48984
3441,,,,1500,,49020
3442,,,120000,1500,,49028
3443,,,120000,,,49039
3444,,,30000,1000,,49063
3445,,,10000,1000,,49081
3446,,,,1500,,49084
3447,,,10000,1000,,49109
3448,,,,1500,,49143
3449,,,,1000,,49161
3450,,,30000,5000,,49179
3451,,,,1500,,49184
3452,,,500,,,49190
3454,,,,1500,,49204
3455,,,,1500,,49205
3458,,,9000,1000,,49243
3459,,,10000,,,49261
3460,,,20000,1000,,49263
3461,,,30000,1000,,49264
3462,,,10000,,,49285
3463,,,6000,,,49297
3464,,,360000,1500,,49307
3465,,,,1500,,49309
3466,,,,1000,,49315
3467,,,10000,1000,,49333
3468,,,3000,,,49354
3469,,,,1500,,49358
3470,,,,1500,,49359
3471,,,60000,1500,,49360
3472,,,60000,1500,,49361
3473,,,10000,,,49367
3474,,15000,15000,,,49376
3475,,,,1500,,49418
3476,,,,1500,,49454
3477,,,8000,,,49474
3478,,10000,,,,49494
3479,,,,1500,,49512
3480,,,10000,,,49550
3481,,,1000,500,,49576
3482,,,,1500,,49592
3483,,,12000,1500,,49609
3484,,,1500,1500,,49613
3485,,,6000,1500,,49617
3486,,4000,,,,49637
3487,,,15000,,,49671
3488,,,5000,,,49675
3489,,,4000,,,49685
3490,,,8000,,,49687
3491,,,8000,,,49688
3492,,,1000,,,49692
3493,,,10000,1500,,49696
3494,,,15000,,,49700
3495,,,15000,,,49714
3496,,,10000,,,49727
3497,,,1000,,,49728
3498,,,,1500,,49739
3499,,60000,,,,49748
3500,,,,1500,,49749
3501,,,,1500,,49753
3502,,6000,,1500,,49762
3503,,,2000,,,49814
3504,,,60000,1500,,49838
3505,,,20000,,,49839
3506,,,,1500,,49840
3507,,,30000,,,49847
3508,,,60000,,,49857
3510,,,2000,,,49872
3511,,,,1500,,49906
3512,,,,1500,,49935
3513,,,30000,1500,,49946
3514,,,,1500,,49964
3515,,,3000,1000,,49966
3516,,,,1500,,49998
3517,,,2000,1500,,50025
3518,,,,1500,,50027
3521,,60000,,,,50062
3522,,,10000,,,50077
3523,,,10000,,,50078
3524,,,10000,,,50079
3525,,,10000,,,50080
3526,,,10000,,,50081
3528,,,30000,,,50141
3529,,3000,20000,1500,,50182
3530,,,,1500,,50183
3531,,,,1500,,50195
3532,,,,1500,,50197
3533,,13000,,,,50228
3534,,,,1500,,50232
3535,,3000,,,,50234
3536,,,5000,1500,,50240
3537,,,10000,,,50245
3538,,,10000,1500,,50253
3539,,2000,,,,50255
3541,,,,1500,,50267
3544,,,10000,,,50285
3547,,,,1500,,50328
3548,,180000,180000,,,50334
3549,,,1000,,,50337
3550,,,10000,1500,,50341
3551,,,,1500,,50344
3552,,10000,,,,50346
3553,,,8000,,,50348
3554,,45000,,,,50361
3556,,,1000,,,50408
3557,,,1000,,,50409
3559,,,,1500,,50425
3560,,,6000,,,50430
3561,,,10000,,,50433
3562,,,,1500,,50455
3563,,10000,20000,1500,,50462
3564,,,,1500,,50464
3570,,30000,,,,50521
3571,,,,1500,,50522
3576,,,120000,1500,,50613
3578,,12000,,,,50642
3579,,,,1500,,50648
3581,,,,1500,,50668
3582,,,1500,,,50672
3584,,,1000,,,50677
3585,,,,1500,,50688
3586,,,,1500,,50689
3587,,30000,,,,50701
3589,,,,1500,,50728
3590,,45000,,,,50739
3591,,,,1500,,50740
3592,,,,1500,,50759
3593,,10000,,,,50760
3594,,2000,,,,50761
3595,,,,1500,,50769
3596,,5000,,,,50774
3600,,,1500,1000,,50799
3601,,5000,,,,50810
3602,,6000,,1500,,50830
3603,,,,1500,,50842
3604,,5000,,,,50868
3605,,,10000,,,50871
3606,,,,1000,,50876
3608,,12000,,,,50905
3609,,,60000,1500,,50977
3610,,,2000,,,50978
3611,,,20000,,,50980
3612,,,,1500,,50982
3613,,,15000,,,50983
3614,,,20000,,,50985
3615,,10000,,,,50986
3616,,,,1500,,50989
3617,,,,1500,,50995
3618,,13000,,,,51002
3619,,,,1000,,51005
3620,,13000,,,,51006
3621,,13000,,,,51007
3622,,13000,,,,51008
3623,,,240000,1500,,51052
3624,,,,1500,,51110
3626,,,1500,1500,,51187
3627,,,1500,1500,,51196
3628,,,1500,1500,,51197
3629,,,1500,1500,,51198
3630,,,1500,1500,,51199
3631,,,1500,1500,,51200
3632,,,,1500,,51203
3633,,,,1000,,51211
3634,,,30000,,,51230
3636,,,,1500,,51240
3637,,,45000,,,51271
3638,,,,1500,,51287
3639,,10000,,,,51290
3640,,,250,,,51294
3641,,,120000,120000,,51321
3642,,15000,,1500,,51337
3643,,,,1500,,51338
3644,,,,1500,,51339
3646,,,,1500,,51363
3647,,,,1500,,51421
3648,,,,1500,,51432
3649,,,,1500,,51439
3650,,,,1500,,51489
3651,,30000,,1500,,51490
3652,,,5000,,,51491
3653,,,3000,,,51499
3654,,,,1500,,51505
3655,,30000,,1500,,51514
3656,,90000,,1500,,51533
3657,,,,1500,,51587
3658,,,,1500,,51608
3659,,6000,,1500,,51609
3660,,45000,,,,51613
3661,,,,1500,,51618
3662,,,10000,,,51620
3663,,,10000,,,51660
3666,,,1500,,,51678
3667,,,180000,1000,,51690
3669,,,,1500,,51716
3671,,,,1000,,51723
3672,,,,1500,,51725
3675,,6000,,1500,,51742
3676,,,,1000,,51748
3677,,,10000,1000,,51751
3678,,,,1000,,51752
3680,,,,1000,,51756
3681,,12000,,,,51758
3682,,12000,,,,51763
3683,,12000,,,,51764
3684,,12000,,,,51766
3685,,,,1000,,51772
3686,,,10000,,,51776
3687,,,,1500,,51779
3688,,,5000,,,51790
3690,,,,1500,,51799
3691,,,,1500,,51803
3692,,,24000,,,51806
3693,,20000,,,,51808
3694,,,,1500,,51817
3695,,,,1500,,51820
3696,,,,1500,,51827
3697,,,,1500,,51851
3698,,,,1500,,51873
3699,,,,1000,,51874
3701,,,8000,1500,,51886
3702,,,10000,,,51887
3703,,5000,20000,,,51904
3705,,6000,,1500,,51927
3706,,30000,,,,51950
3707,,30000,,,,51951
3709,,,,1500,,51958
3710,,,6000,,,52006
3711,,,,1500,,52022
3712,,,,1500,,52026
3713,,18000,,,,52027
3714,,,,1000,,52053
3715,,,30000,,,52054
3716,,,,1000,,52055
3717,,,,1500,,52061
3719,,,,1500,,52121
3720,,,,1500,,52127
3722,,,,1500,,52166
3723,,,5000,1500,,52197
3724,,,1000,,,52201
3725,,30000,,,,52230
3727,,,5000,,,52245
3728,,,,500,,52254
3729,,,,1500,,52257
3730,,,30000,,,52268
3731,,,,1500,,52269
3732,,,,1500,,52270
3733,,,10000,1500,,52271
3734,,,10000,1500,,52272
3735,,,60000,1500,,52274
3736,,10000,,,,52290
3738,,,10000,1500,,52305
3739,,,120000,,,52307
3740,,,6000,1500,,52311
3741,,,,1500,,52316
3742,,,60000,1000,,52321
3743,,,12000,1000,,52327
3744,,,,1000,,52331
3745,,,2000,1500,,52338
3746,,,,1500,,52341
3747,,,,1000,,52358
3748,,,60000,,,52362
3749,,6000,,1500,,52372
3750,,,,1500,,52373
3751,,,,1500,,52374
3752,,,,1500,,52375
3753,,,,1500,,52376
3754,,,,1500,,52377
3755,,6000,,1500,,52378
3756,,,,1500,,52379
3757,,,30000,,,52400
3758,,,9000,1000,,52401
3759,,12000,,,,52402
3760,,,500,,,52435
3761,,15000,,,,52440
3762,,,,1500,,52445
3763,,5000,,,,52451
3764,,8000,,,,52470
3765,,,,1500,,52492
3766,,,5000,,,52497
3767,,,,1500,,52504
3768,,,,1500,,52534
3769,,,,1500,,52551
3770,,,,1500,,52554
3771,,,,1500,,52560
3772,,,3000,,,52576
3773,,,10000,,,52588
3774,,,,1500,,52592
3775,,,500,,,52600
3776,,,10000,1500,,52601
3777,,,2000,1500,,52603
3778,,,,1500,,52604
3780,,,,1000,,52610
3781,,6000,,1500,,52611
3782,,,,1500,,52615
3783,,,,1500,,52630
3784,,,,1500,,52633
3785,,,,1500,,52634
3786,,,,1500,,52635
3787,,,,1500,,52636
3788,,300000,,,,52641
3789,,,,1500,,52657
3790,,,,1500,,52660
3791,,,,1500,,52666
3792,,5000,,,,52694
3793,,10000,,,,52697
3794,,2000,,,,52708
3795,,,,1500,,52714
3796,,,,1500,,52715
3797,,,,1500,,52717
3798,,6000,,1500,,52718
3799,,,,1500,,52720
3800,,,,1500,,52721
3801,,9000,,,,52736
3802,,,60000,1500,,52748
3803,,,,1500,,52755
3804,,5000,,,,52766
3805,,,,1500,,52771
3806,,,,1500,,52772
3807,,,,1500,,52773
3808,,,,1500,,52774
3809,,,10000,,,52781
3811,,,,1500,,52812
3812,,,,1500,,52813
3814,,,,1500,,52836
3815,,,30000,1500,,52869
3816,,,6000,,,52870
3817,,,,1500,,52889
3818,,,,1500,,52905
3819,,1000,,,,52909
3821,,,,1500,,52944
3822,,,,1500,,52964
3823,,,,1500,,52969
3824,,,,1500,,52970
3825,,,,1500,,52972
3826,,,,1500,,52974
3827,,,,1500,,52979
3828,,,,1000,,53030
3829,,,15000,1000,,53032
3830,,,,1500,,53043
3831,,,3000,1500,,53044
3832,,,15000,1500,,53058
3833,,,,1500,,53082
3834,,,,1500,,53086
3835,,,60000,1500,,53097
3836,,8000,8000,,,53110
3838,,,500,,,53114
3839,,,2000,,,53117
3840,,,,1500,,53140
3841,,,60000,1500,,53142
3842,,10000,,,,53144
3843,,,15000,1500,,53209
3844,,6000,,1500,,53214
3845,,,45000,,,53271
3849,,,,1500,,53316
3850,,,,1500,,53325
3851,,,,1500,,53333
3852,,,,1500,,53351
3854,,,6000,,,53363
3856,,,,1500,,53385
3858,,,,1000,,53400
3860,,5000,,1000,,53406
3863,,,,1000,,53418
3866,,,,1500,,53432
3870,,,360000,,,53478
3871,,,120000,,,53480
3872,,,180000,1500,,53490
3873,,,,1500,,53498
3874,,,,1000,,53499
3877,,,,1500,,53534
3878,,,,1500,,53536
3879,,,,1500,,53549
3880,,,,1500,,53550
3881,,,,1500,,53563
3882,,,,1500,,53595
3885,,,,1500,,53605
3886,,,,1500,,53607
3887,,,,1500,,53630
3888,,5000,,,,53634
3889,,,,1500,,53639
3890,,60000,,,,53670
3891,,180000,,1500,,53678
3892,,,300000,1500,,53681
3893,,,,1500,,53694
3895,,1000,,,,53755
3897,,1000,,,,53771
3898,,1000,,,,53773
3899,,1000,,,,53774
3900,,1000,,,,53775
3901,,1000,,,,53776
3902,,1000,,,,53777
3903,,1000,,,,53779
3904,,1000,,,,53780
3905,,1000,,,,53781
3906,,1000,,,,53782
3907,,1000,,,,53783
3908,,1000,,,,53784
3909,,,8000,1500,,53788
3911,,,,1500,,53850
3912,,,,1500,,53851
3913,,1000,,,,53910
3914,,1000,,,,53911
3915,,1000,,,,53913
3916,,1000,,,,53914
3917,,1000,,,,53915
3918,,1000,,,,54020
3919,,20000,,,,54021
3921,,,,1000,,54049
3922,,,,1500,,54094
3923,,,,1500,,54095
3924,,,,1500,,54096
3925,,,4000,,,54107
3926,,,4000,1500,,54109
3927,,,,1500,,54113
3928,,,600000,,,54114
3929,,,25000,,,54132
3930,,,5000,,,54135
3931,,,20000,,,54136
3933,,,120000,,,54166
3934,,,8000,,,54170
3935,,,,1000,,54185
3936,,,,1500,,54187
3937,,,,1500,,54194
3938,,,,1500,,54206
3940,,10000,,4000,,54259
3941,,,,1500,,54261
3944,,60000,,,,54308
3945,,5000,,,,54361
3946,,,250,,,54381
3947,,,250,,,54383
3948,,,250,,,54384
3949,,,,1500,,54400
3951,,3600000,,1500,,54403
3952,,,250,,,54405
3953,,,,1500,,54406
3961,,,1000,,,54420
3963,,,1500,,,54433
3964,,,7000,,,54458
3965,,,2000,,,54459
3966,,,12000,,,54460
3967,,,20000,1500,,54467
3968,,,,1500,,54469
3969,,,,1500,,54479
3970,,45000,,1500,,54506
3971,,,,1500,,54507
3972,,6000,,,,54517
3973,,,120000,,,54521
3974,,5000,,,,54524
3977,,6000,,1500,,54615
3978,,10000,,,,54644
3980,,,,1000,,54668
3981,,,,1500,,54670
3983,,,8000,,,54680
3984,,,,1500,,54683
3986,,60000,60000,,,54735
3987,,10000,45000,,,54757
3991,,,8000,,,54794
3992,,,15000,,,54795
3996,,,,1500,,54890
3997,,,,1500,,54891
3998,,,2000,,,54897
3999,,,3000,1500,,54900
4000,,,45000,1000,,54902
4001,,,,1000,,54904
4002,,,10000,1500,,54905
4003,,,10000,,,54907
4004,,,,1500,,54916
4005,,6000,5000,,,54965
4006,,,60000,,,55001
4007,,60000,120000,,,55004
4008,,,,1500,,55007
4009,,,,1500,,55030
4010,,3000,10000,1500,,55040
4012,,,,1500,,55068
4013,,30000,,,,55077
4014,,,1500,,,55081
4015,,,,1500,,55087
4016,,,,1500,,55090
4017,,5000,,,,55100
4018,,5000,,,,55106
4020,,4000,8000,,,55209
4021,,4000,8000,,,55210
4022,,,15000,1500,,55214
4023,,2000,,,,55218
4024,,,90000,,,55233
4025,,,3000,,,55238
4026,,7000,,,,55250
4027,,,,1500,,55255
4028,,18000,,,,55266
4029,,,,4000,,55269
4030,,,,1000,,55285
4031,,,,1000,,55292
4032,,45000,,,,55318
4033,,3000,6000,,,55320
4034,,,,1500,,55321
4035,,,,1500,,55323
4036,,,120000,1500,,55342
4037,,,,1500,,55346
4038,,,,1500,,55357
4039,,,,1500,,55366
4040,,,500,,,55414
4041,,,2000,,,55420
4042,,,1000,,,55426
4044,,,5000,,,55429
4045,,,5000,1000,,55460
4051,,,10000,,,55516
4052,,,5000,,,55519
4054,,,,1500,,55597
4055,,3000,10000,1500,,55598
4056,,,,1500,,55599
4057,,6000,,1500,,55624
4058,,,,1500,,55625
4059,,,,1500,,55635
4060,,20000,,1500,,55636
4061,,60000,,,,55643
4062,,,,1500,,55646
4063,,3000,12000,1500,,55659
4067,,480000,,,,55709
4068,,35000,,,,55719
4069,,,30000,,,55743
4071,,,5000,,,55755
4072,,,,1500,,55798
4073,,8000,,,,55807
4074,,,2000,,,55812
4075,,5000,,,,55815
4076,,,,1500,,55825
4077,,,2000,,,55872
4078,,,2000,,,55882
4079,,,2000,,,55886
4080,,,2000,,,55888
4081,,20000,,1500,,55918
4082,,,1500,1500,,55936
4083,,,30000,1500,,55951
4084,,,1000,,,55957
4085,,,6000,1500,,55958
4086,,,,1500,,55959
4087,,2000,,,,55964
4088,,10000,,,,55968
4089,,15000,,,,55974
4090,,,,1500,,55978
4091,,,4000,,,55980
4092,,10000,,,,55981
4093,,,8000,,,55982
4094,,,500,,,55987
4095,,7000,,,,56005
4096,,,,1500,,56036
4097,,20000,,1500,,56062
4098,,3000,,,,56090
4099,,,,1000,,56091
4100,,,,1000,,56092
4101,,,,1500,,56103
4102,,,,1500,,56190
4103,,,,1500,,56191
4104,,8000,,,,56222
4105,,,14400000,,,56273
4106,,,,1500,,56322
4107,,,,1500,,56326
4108,,,,1500,,56332
4109,,60000,60000,,,56350
4110,,,5000,,,56355
4111,,,,1500,,56361
4112,,,,1500,,56397
4113,,,,1500,,56402
4114,,,,1500,,56405
4115,,,,1500,,56407
4116,,,60000,,,56409
4117,,,12000,,,56425
4118,,3000,,,,56427
4121,,420000,,,,56444
4122,,,60000,,,56451
4124,,,2000,,,56491
4125,,,10000,,,56506
4126,,,,1500,,56520
4127,,,,1500,,56521
4128,,,,1500,,56525
4129,,,60000,,,56528
4130,,,,1500,,56539
4131,,,20000,,,56560
4132,,10000,,,,56575
4134,,5000,,1000,,56640
4135,,,,1500,,56641
4136,,10000,,,,56661
4137,,10000,,,,56663
4138,,,20000,,,56671
4139,,,10000,,,56683
4140,,,10000,,,56684
4141,,,1000,,,56686
4142,,,,1000,,56690
4143,,,,1500,,56698
4144,,,,1500,,56702
4145,,,3000,,,56704
4146,,,,1000,,56706
4147,,120000,,,,56707
4148,,,15000,,,56712
4149,,,,1500,,56716
4150,,,,1500,,56728
4151,,,,1500,,56737
4152,,,,1000,,56746
4153,,,10000,1000,,56747
4154,,,10000,1000,,56748
4155,,,5000,,,56750
4156,,,2000,,,56753
4157,,180000,,,,56785
4159,,,,1500,,56825
4160,,,,1500,,56827
4161,,,,1500,,56843
4162,,,,1500,,56861
4163,,,,1500,,56891
4164,,,,1500,,56896
4165,,,15000,1000,,56897
4166,,,,1500,,56898
4167,,,,1500,,56907
4168,,,,1500,,56938
4169,,,500,,,57053
4170,,,,1500,,57058
4171,,,,1500,,57060
4173,,12000,,,,57082
4174,,12000,,,,57083
4176,,,,1000,,57090
4177,,,30000,1000,,57092
4178,,,,1000,,57143
4181,,,20000,1500,,57375
4182,,,500,,,57382
4183,,,1000,,,57385
4185,,,500,,,57401
4186,,,,1000,,57407
4187,,,1000,,,57412
4188,,,,1000,,57430
4189,,,,1000,,57459
4190,,,,1500,,57463
4191,,,,1000,,57468
4192,,,10000,1500,,57532
4193,,,,1500,,57536
4194,,,,1500,,57539
4195,,,,1500,,57546
4196,,5000,,,,57579
4197,,,,1500,,57585
4198,,,3000,,,57596
4200,,35000,,,,57602
4201,,35000,,,,57603
4202,,35000,,,,57604
4203,,,2000,1500,,57606
4204,,,,1500,,57609
4205,,,,1500,,57616
4206,,,2000,1500,,57618
4207,,,,1500,,57635
4208,,,,1000,,57641
4209,,,15000,1000,,57643
4210,,,,1500,,57644
4211,,,,1500,,57645
4213,,,10000,1000,,57652
4214,,,,1500,,57654
4215,,,,1500,,57655
4216,,,,1000,,57657
4217,,,,1000,,57661
4218,,,,1000,,57665
4219,,,10000,1000,,57668
4220,,,,1500,,57670
4221,,,,1500,,57676
4222,,,,1500,,57680
4223,,,,1500,,57725
4224,,20000,,1500,,57728
4225,,5000,,1000,,57731
4226,,20000,,1500,,57741
4227,,,6000,1500,,57755
4228,,,,1500,,57765
4229,,,,1500,,57769
4230,,,,1500,,57774
4231,,,,1500,,57777
4232,,,,1500,,57778
4234,,,,1500,,57781
4235,,,,1500,,57790
4236,,45000,,1500,,57793
4237,,,,1500,,57795
4238,,,,1500,,57802
4239,,6000,,1500,,57832
4240,,,,1500,,57869
4241,,,,1500,,57882
4242,,,,1000,,57922
4243,,,30000,,,57934
4244,,,,1500,,57942
4245,,,1000,,,57988
4246,,,12000,,,57994
4247,,,,1500,,58053
4248,,,,1500,,58054
4249,,,,1500,,58153
4250,,60000,,1500,,58154
4251,,,,1500,,58203
4252,,,6000,1500,,58282
4253,,,,1500,,58283
4255,,,30000,1500,,58441
4256,,,,1500,,58442
4257,,,,1500,,58444
4258,,,,1500,,58454
4259,,,,1500,,58501
4260,,120000,,,,58506
4261,,5000,,1500,,58516
4262,,,2000,1500,,58541
4263,,,60000,1500,,58543
4264,,,,1500,,58544
4266,,,4000,1500,,58562
4267,,,,1500,,58563
4270,,,,1500,,58658
4271,,5000,,,,58663
4272,,4000,,,,58678
4273,,3000,,,,58693
4274,,3000,,,,58694
4275,,,,1500,,58770
4276,,,,1500,,58772
4278,,,,1500,,58813
4279,,,,1500,,58816
4280,,,,1500,,58817
4281,,,,1500,,58820
4282,,,,1500,,58822
4283,,,,1500,,58827
4284,,,,1500,,58830
4285,,,,1500,,58839
4286,,,,1500,,58843
4287,,,,1500,,58849
4288,,,,1500,,58852
4293,,,20000,1000,,58867
4294,,,60000,,,58875
4295,,,10000,1500,,58877
4297,,,10000,1000,,58912
4298,,,,1000,,58913
4299,,,4000,1000,,58916
4300,,,12000,1000,,58917
4301,,,,1500,,58921
4302,,20000,,1500,,58947
4303,,,,1500,,58958
4304,,3000,,,,58960
4306,,,8000,1500,,58972
4307,,6000,,1500,,58973
4308,,,,1500,,58975
4309,,20000,,1500,,58977
4310,,,,1500,,58980
4311,,,,1500,,58981
4312,,,120000,,,58984
4313,,,,1500,,59006
4314,,,10000,1500,,59013
4315,,,,1500,,59016
4316,,,10000,,,59025
4317,,,,1500,,59038
4318,,,5000,,,59039
4319,,,1500,,,59059
4320,,2000,2000,,,59061
4321,,,,1500,,59081
4322,,,,1500,,59102
4323,,,,1500,,59103
4324,,5000,,1000,,59106
4325,,5000,,,,59127
4326,,,,1500,,59130
4327,,6000,,1500,,59131
4328,,,,1500,,59133
4329,,,,1500,,59134
4330,,,10000,,,59139
4331,,,,1500,,59147
4332,,,,1500,,59160
4333,,,,1500,,59167
4334,,,,1500,,59168
4335,,,,1500,,59169
4336,,,,1500,,59182
4337,,,,1500,,59191
4338,,2000,1000,,,59193
4339,,2000,1000,,,59194
4340,,2000,1000,,,59196
4341,,6000,,1500,,59199
4342,,,,1500,,59200
4343,,,,1500,,59202
4345,,180000,,,,59228
4346,,,100,,,59234
4347,,6000,,1500,,59243
4348,,,,1500,,59244
4349,,,,1500,,59246
4350,,,,1500,,59250
4351,,,,1500,,59252
4352,,,,1500,,59254
4353,,,,1500,,59255
4354,,,,1000,,59270
4355,,120000,,,,59271
4356,,,,1500,,59273
4357,,,,1500,,59274
4358,,,2000,1500,,59284
4359,,,,1500,,59293
4360,,,,1000,,59300
4361,,,,1000,,59301
4362,,13000,,,,59322
4363,,3000,,,,59330
4364,,2000,,,,59331
4365,,,,1500,,59351
4366,,,,1500,,59357
4367,,,,1500,,59368
4368,,3000,,,,59369
4369,,5000,,,,59370
4370,,,,1500,,59377
4371,,,,1500,,59389
4372,,,10000,,,59407
4373,,,,1000,,59417
4374,,,,1000,,59419
4375,,5000,,1000,,59420
4376,,5000,,1000,,59421
4377,,,2000,1500,,59464
4378,,,,1500,,59471
4379,,,,1500,,59513
4380,,,,1500,,59515
4381,,6000,,1500,,59517
4382,,,,1500,,59519
4383,,20000,,,,59526
4384,,,120000,,,59542
4385,,,120000,,,59543
4386,,,120000,,,59544
4387,,,120000,,,59545
4388,,,120000,,,59547
4389,,,120000,,,59548
4390,,,5000,,,59564
4391,,,,1500,,59577
4392,,,500,,,59592
4394,,15000,,,,59605
4395,,,,1500,,59613
4396,,6000,,,,59616
4397,,6000,,,,59617
4398,,,250,,,59622
4401,,,300000,,,59643
4402,,,500,,,59654
4403,,,30000,,,59655
4405,,60000,,,,59675
4406,,60000,,,,59676
4407,,,,1500,,59683
4408,,45000,,1500,,59688
4409,,,5000,,,59702
4410,,2000,,,,59706
4411,,2000,,,,59708
4412,,2000,,,,59709
4413,,,,1500,,59713
4414,,6000,,1500,,59715
4415,,6000,,1500,,59716
4416,,6000,,1500,,59717
4417,,,500,,,59724
4419,,10000,,,,59726
4420,,2000,,,,59727
4421,,,1000,,,59730
4422,,,3000,,,59733
4423,,2000,,,,59734
4424,,,30000,,,59737
4425,,5000,,,,59744
4426,,,1500,,,59750
4427,,90000,180000,,,59752
4428,,,2000,1500,,59761
4429,,,8000,,,59790
4430,,7000,,,,59824
4431,,,,1000,,59828
4432,,,,1000,,59829
4433,,,,1500,,59840
4434,,,1500,,,59842
4435,,6000,,1500,,59844
4436,,,,1500,,59863
4437,,,,1500,,59864
4438,,,10000,1500,,59881
4439,,,,1500,,59975
4440,,,,1500,,59985
4441,,,,1000,,59988
4442,,,,1000,,59989
4443,,,,1500,,59991
4444,,,,1500,,60004
4445,,,,1500,,60005
4446,,,,1000,,60008
4447,,,,1500,,60009
4448,,,,1500,,60013
4449,,,,1500,,60015
4450,,,,1500,,60016
4451,,,,1500,,60017
4452,,,,1500,,60018
4453,,6000,,1500,,60019
4454,,,,1500,,60032
4455,,5000,,,,60067
4456,,,,1500,,60068
4457,,,,1500,,60073
4458,,,,1500,,60076
4459,,,60000,1500,,60077
4460,,,18000,1500,,60103
4461,,45000,,1500,,60108
4462,,,,1000,,60177
4463,,,,1500,,60182
4464,,,,1500,,60186
4465,,,,1500,,60205
4466,,,4000,1500,,60206
4467,,1000,,,,60218
4468,,,250,,,60287
4470,,,10000,,,60311
4471,,,,1500,,60440
4472,,,,1500,,60446
4473,,,1000,,,60458
4474,,,,1500,,60488
4475,,,,1500,,60502
4476,,,,1000,,60533
4477,,,,1000,,60540
4478,,,60000,,,60580
4479,,3000,10000,,,60586
4480,,,4000,1000,,60587
4481,,,,1500,,60590
4482,,,3000,1000,,60617
4483,,,15000,1000,,60642
4484,,,1000,1000,,60644
4485,,,,1500,,60646
4486,,,4000,1000,,60672
4487,,2000,,,,60742
4488,,1000,4000,,,60786
4489,,45000,,1500,,60793
4490,,,,1500,,60814
4491,,,,1500,,60829
4493,,60000,,,,60847
4495,,,180000,1500,,60856
4496,,5000,,,,60880
4497,,3000,,,,60893
4498,,3000,,,,60894
4499,,,,1500,,60932
4500,,,,1000,,60936
4501,,,,1000,,60939
4502,,,,1500,,60945
4503,,4000,8000,,,60949
4504,,,,1500,,60951
4505,,,,1500,,60954
4507,,1000,,,,60986
4508,,,,1500,,61015
4509,,,,1500,,61025
4510,,,,1500,,61044
4511,,6000,,1500,,61055
4512,,,,1500,,61061
4513,,3000,,,,61065
4514,,13000,,,,61076
4515,,,,1500,,61084
4516,,,,1500,,61088
4517,,2000,,,,61090
4518,,1500,1500,,,61093
4519,,,,1500,,61099
4520,,,,1500,,61109
4521,,30000,,,,61140
4522,,,,1000,,61162
4523,,,,1000,,61163
4525,,30000,,,,61184
4526,,,10000,1500,,61193
4527,,7000,,,,61207
4528,,,,14000,,61211
4529,,45000,,1500,,61241
4532,,,,1500,,61295
4533,,,,1500,,61304
4534,,,,1500,,61305
4535,,,,1500,,61306
4536,,,,1500,,61308
4537,,,,1500,,61311
4538,,,,1500,,61312
4539,,,120000,,,61313
4540,,,,1500,,61315
4542,,,,1500,,61326
4543,,,,1500,,61335
4545,,4000,,,,61343
4546,,,,1500,,61348
4547,,,,1500,,61349
4548,,,,1500,,61350
4549,,,,1500,,61351
4550,,,,1500,,61357
4551,,,3000,,,61359
4552,,,,1500,,61362
4553,,,1500,,,61374
4554,,,2000,,,61375
4555,,,6000,,,61376
4556,,,1500,1500,,61380
4557,,10000,,,,61408
4558,,2000,,,,61440
4559,,2000,,,,61441
4560,,2000,,,,61449
4561,,2000,,,,61450
4562,,,,1500,,61472
4563,,30000,,,,61490
4564,,,250,,,61496
4565,,,,1500,,61507
4566,,6000,,1500,,61528
4567,,5000,,,,61546
4568,,,,1500,,61558
4569,,,,1500,,61562
4570,,,,1500,,61563
4571,,6000,,,,61572
4572,,,,1500,,61577
4573,,,,1500,,61580
4574,,,,1500,,61597
4575,,,,1500,,61600
4577,,,180000,1500,,61648
4578,,,,1500,,61666
4579,,,,1500,,61667
4580,,6000,6000,1000,,61668
4581,,,20000,,,61684
4582,,,25000,1500,,61685
4583,,2000,,1000,,61693
4584,,2000,,1000,,61694
4585,,,4000,1500,,61696
4586,,,,1500,,61721
4587,,,,1500,,61725
4589,,,1000,,,61757
4590,,,,1500,,61773
4591,,,,1500,,61780
4592,,1000,3000,,,61784
4593,,1000,3000,,,61785
4594,,1000,3000,,,61786
4595,,1000,3000,,,61787
4596,,1000,3000,,,61788
4597,,,3000,,,61789
4598,,10000,,,,61810
4599,,,,1500,,61855
4600,,7000,,,,61869
4602,,,,1500,,61879
4603,,,,14000,,61881
4604,,,,1500,,61882
4605,,,,1500,,61893
4606,,,,1500,,61896
4607,,,,1500,,61914
4608,,,,1500,,61924
4609,,45000,,1500,,61934
4610,,,,1500,,61967
4611,,5000,,,,61968
4612,,3000,,,,61973
4614,,,,1500,,61991
4615,,,,1500,,61993
4616,,600000,600000,1500,,61999
4617,,750,1500,,,62022
4618,,750,1500,,,62023
4619,,750,1500,,,62024
4620,,,250,,,62025
4621,,500,500,,,62028
4623,,,,1500,,62102
4624,,,500,,,62110
4629,,8000,,,,62166
4630,,15000,,,,62215
4632,,2000,,,,62240
4633,,1000,,,,62242
4634,,4000,,,,62255
4635,,2000,,,,62258
4636,,4000,,,,62260
4637,,4000,,,,62262
4638,,,15000,1000,,62286
4639,,,,1000,,62299
4640,,,,1000,,62306
4641,,,4000,1500,,62308
4642,,,,1500,,62317
4643,,,,1500,,62318
4644,,6000,,,,62321
4645,,,2000,1000,,62324
4646,,4000,,,,62325
4647,,,,1500,,62328
4648,,2000,,,,62337
4649,,2000,,,,62339
4650,,10000,,,,62344
4651,,,,1500,,62345
4652,,,15000,2000,,62346
4654,,,,1000,,62358
4655,,,250,,,62359
4656,,,5000,,,62374
4657,,,,1500,,62375
4658,,,,1000,,62400
4659,,,,1000,,62412
4660,,2000,,,,62414
4661,,,,1000,,62416
4662,,,,1000,,62419
4663,,,10000,1000,,62425
4664,,,10000,1000,,62426
4665,,,10000,1000,,62427
4666,,,30000,10000,,62428
4667,,,,1500,,62432
4668,,,,1500,,62433
4669,,,,1500,,62434
4670,,,,1000,,62435
4671,,,,1000,,62436
4672,,6000,,,,62437
4673,,6000,,,,62439
4674,,,,1500,,62446
4675,,6000,,,,62450
4676,,,,1000,,62471
4677,,,,1000,,62472
4678,,,,1000,,62473
4679,,,,1000,,62479
4680,,,,1000,,62486
4681,,,,1000,,62490
4682,,,,1500,,62491
4683,,,,1000,,62492
4684,,,,1500,,62508
4685,,,,1500,,62510
4686,,,,1500,,62513
4687,,,,1500,,62514
4688,,,,1500,,62516
4689,,,10000,1500,,62522
4690,,,,1500,,62526
4691,,6000,,,,62529
4692,,,,1500,,62542
4693,,,1500,,,62544
4694,,5000,,,,62546
4695,,1500,3000,,,62552
4696,,1000,1000,1000,,62554
4697,,,,1500,,62561
4698,,,,1500,,62562
4699,,1500,4500,1500,,62563
4700,,,,1500,,62564
4701,,1500,,,,62575
4702,,8000,,,,62580
4703,,8000,,,,62604
4704,,,,1500,,62609
4705,,,180000,1500,,62618
4706,,6000,,,,62623
4707,,18000,,,,62632
4708,,,1000,,,62634
4709,,,1000,,,62645
4710,,2000,,,,62648
4711,,1000,,,,62649
4712,,,,1500,,62674
4713,,,,8000,,62680
4714,,5000,,,,62707
4716,,,,1500,,62746
4718,,,,2000,,62774
4719,,,,2000,,62779
4720,,,,2000,,62780
4721,,,,2000,,62781
4722,,,,2000,,62782
4723,,,,2000,,62783
4724,,,,2000,,62784
4725,,,,2000,,62785
4726,,,,2000,,62786
4727,,,,2000,,62787
4728,,,,1500,,62793
4729,,3000,,,,62796
4730,,,,1500,,62797
4731,,,,500,,62806
4732,,,,500,,62813
4733,,6000,,,,62859
4734,,6000,,,,62862
4735,,1000,1000,1000,,62863
4736,,6000,,,,62868
4737,,6000,,,,62872
4738,,,,200,,62874
4739,,2000,,,,62882
4740,,2000,,,,62883
4741,,2000,,,,62884
4742,,2000,,,,62920
4743,,4000,,,,62932
4744,,2000,,,,62933
4745,,1000,,,,62938
4746,,2000,,,,62939
4747,,,,1500,,62949
4748,,1500,4500,1500,,62960
4749,,,,1000,,62974
4750,,7000,,,,62997
4751,,2000,,2000,,63003
4752,,2000,,2000,,63010
4753,,4000,,,,63018
4754,,4000,,,,63024
4755,,5000,,,,63027
4756,,,,3000,,63033
4757,,,,1500,,63038
4758,,,,1500,,63042
4759,,,,1000,,63045
4760,,300000,,1500,,63148
4761,,,,1500,,63150
4762,,,,1500,,63152
4763,,,,2000,,63215
4764,,3000,,,,63236
4765,,,,1500,,63242
4767,,,5000,500,,63301
4768,,2000,,,,63317
4769,,,,1500,,63318
4771,,4000,,,,63356
4772,,,,5000,,63414
4773,,,,8000,,63472
4774,,5000,,,,63474
4775,,,,1500,,63479
4776,,7000,,,,63481
4777,,,,1500,,63499
4778,,,500,,,63507
4782,,5000,,,,63535
4783,,,,1500,,63556
4787,,4000,,,,63573
4789,,,6000,1500,,63619
4791,,,,2000,,63663
4792,,,,2000,,63664
4795,,,,1500,,63712
4797,,,,1500,,63744
4798,,,,1500,,63745
4799,,,,1500,,63747
4800,,,,1000,,63753
4801,,10000,,,,63766
4802,,,,2000,,63791
4803,,,,2000,,63792
4804,,,,1500,,63809
4805,,2000,,,,63815
4806,,,,1500,,63832
4807,,,,1500,,63833
4808,,,,1500,,63834
4809,,,,1500,,63835
4810,,,,1500,,63836
4811,,,,1500,,63837
4812,,,,1500,,63838
4813,,,,1500,,63839
4814,,,,1500,,63840
4815,,,,1500,,63841
4816,,3000,,,,63850
4817,,10000,,,,63891
4818,,,10000,1500,,63900
4819,,,,1500,,63934
4820,,8000,,,,63981
4821,,10000,,,,63983
4822,,4000,,,,64003
4823,,4000,,,,64006
4824,,,1500,,,64016
4825,,2000,,,,64021
4826,,,1500,,,64023
4827,,,45000,1500,,64044
4828,,1000,60000,1000,,64077
4829,,2000,,,,64087
4830,,,,1500,,64203
4832,,,,1500,,64210
4833,,5000,,,,64216
4834,,,,20000,,64218
4835,,4000,,,,64234
4836,,,,1500,,64235
4838,,,,1500,,64351
4839,,6000,,1500,,64363
4840,,6000,,1500,,64365
4841,,,40000,,,64376
4842,,,40000,,,64377
4843,,,180000,1500,,64382
4844,,8000,,,,64386
4845,,6000,,,,64396
4846,,20000,,,,64404
4847,,,30000,1000,,64414
4848,,4000,,,,64422
4849,,4000,,,,64443
4850,,5000,,,,64478
4851,,5000,,,,64489
4852,,7000,,,,64529
4853,,3000,,,,64539
4854,,6000,,,,64540
4855,,7000,,,,64542
4856,,3000,,,,64570
4857,,3000,,,,64584
4858,,,1500,,,64588
4859,,1500,,,,64595
4860,,5000,,,,64639
4861,,8000,,,,64640
4862,,5000,,,,64652
4863,,,60000,,,64660
4864,,5000,,,,64669
4866,,,60000,1500,,64677
4867,,4000,,,,64688
4868,,,,1500,,64696
4869,,,,1500,,64757
4871,,,20000,,,64779
4872,,3000,,,,64820
4873,,,,1000,,64840
4874,,,180000,1500,,64843
4875,,5000,,,,64847
4876,,5000,,,,64852
4877,,5000,,,,64870
4878,,,15000,1500,,64872
4880,,,180000,1500,,64901
4881,,3000,,,,64943
4882,,,250,,,64979
4883,,20000,120000,,,64981
4887,,5000,,,,64988
4888,,5000,,,,64991
4889,,,2400,,,65035
4890,,4000,,,,65121
4891,,3000,,,,65192
4892,,5000,,,,65279
4893,,,15000,,,65357
4894,,,,1500,,65358
4895,,,,1500,,65381
4896,,,,1500,,65382
4897,,,,1500,,65393
4903,,,,1500,,65428
4904,,,,1500,,65430
4905,,,,1500,,65490
4906,,8000,,,,65492
4907,,,,1500,,65500
4908,,,,1500,,65501
4909,,,6000,2000,,65541
4910,,,45000,2000,,65542
4911,,,30000,1500,,65543
4912,,,180000,1500,,65544
4913,,,120000,1500,,65545
4914,,,,2000,,65546
4915,,,120000,,,65547
4917,,,,1500,,65682
4918,,,24000,,,65790
4919,,,25000,,,65792
4920,,,15000,,,65793
4921,,,3000,2000,,65799
4922,,,,2000,,65800
4923,,,15000,2000,,65801
4924,,,300000,2000,,65802
4925,,,8000,2000,,65809
4926,,,,2000,,65810
4927,,,15000,2000,,65812
4928,,,,2000,,65814
4929,,,,2000,,65815
4930,,,,1500,,65816
4931,,,,2000,,65819
4932,,120000,,2000,,65820
4933,,,,2000,,65855
4934,,,5000,2000,,65856
4935,,,10000,2000,,65857
4936,,,6000,2000,,65859
4938,,,180000,1500,,65861
4939,,,,2000,,65863
4940,,6000,,1500,,65866
4941,,,3000,1500,,65867
4942,,,30000,1500,,65869
4943,,,90000,,,65871
4944,,60000,,1500,,65877
4945,,30000,,1500,,65880
4946,,,15000,1500,,65881
4947,,10000,,1500,,65883
4948,,5000,,1500,,65924
4949,,6000,,2000,,65926
4950,,15000,,,,65927
4951,,,120000,1500,,65930
4952,,,300000,2000,,65932
4953,,,60000,2000,,65935
4955,,,300000,1500,,65940
4956,,,90000,1500,,65947
4957,,,,1000,,65954
4958,,,2000,1000,,65955
4959,,,120000,1000,,65956
4960,,,10000,1000,,65957
4961,,,120000,1000,,65960
4962,,,90000,1000,,65961
4963,,,8000,1500,,65970
4964,,6000,,1500,,65973
4965,,,6000,1500,,65974
4966,,,600000,1500,,65980
4967,,5000,,,,65982
4968,,,300000,1500,,65983
4969,,15000,15000,1000,,65989
4970,,,,1000,,65990
4971,,,,1000,,65991
4972,,,,1000,,65992
4973,,,,1000,,65995
4975,,,6000,2000,,66003
4976,,,8000,2000,,66005
4977,,,10000,2000,,66006
4978,,40000,,2000,,66007
4979,,,60000,1500,,66008
4980,,300000,,1500,,66009
4981,,,300000,2000,,66010
4982,,,180000,,,66011
4983,,,35000,,,66017
4984,,,120000,2000,,66018
4985,,,5000,2000,,66019
4986,,,8000,1500,,66020
4987,,,8000,2000,,66021
4988,,,60000,,,66023
4989,,,,1500,,66030
4990,,,,1500,,66044
4991,,,,1500,,66045
4992,,,6000,1500,,66047
4993,,6000,,1500,,66053
4994,,,45000,1500,,66054
4995,,,,1500,,66055
4996,,,,1500,,66056
4997,,,10000,1500,,66057
4998,,15000,,,,66061
4999,,,,1500,,66063
5000,,,,2000,,66065
5001,,,,1500,,66066
5002,,,,2000,,66067
5003,,,,1500,,66068
5004,,,,1500,,66070
5005,,60000,,2000,,66071
5006,,,,1500,,66081
5007,,600000,,,,66086
5008,,,,2000,,66093
5009,,,,1500,,66096
5010,,,10000,,,66097
5011,,15000,,2000,,66099
5012,,,10000,2000,,66100
5013,,,,1500,,66104
5015,,,,1500,,66112
5016,,,,1500,,66113
5017,,,6000,1500,,66114
5018,,,25000,1500,,66115
5019,,,,2000,,66116
5020,,,,1500,,66135
5021,,,,1500,,66175
5022,,,,1500,,66177
5023,,,30000,1000,,66178
5024,,,,1500,,66183
5025,,,,1500,,66186
5028,,8000,,,,66197
5030,,,30000,,,66203
5031,,,6000,1500,,66207
5032,,2000,,,,66209
5035,,,,1500,,66218
5036,,,,1500,,66223
5037,,,,1500,,66224
5038,,6000,,,,66228
5039,,4000,,,,66237
5040,,,,1500,,66238
5041,,,3000,,,66250
5042,,,3000,,,66259
5043,,,3000,,,66260
5044,,,3000,,,66261
5045,,,3000,,,66262
5046,,,,1500,,66290
5047,,30000,,,,66407
5048,,,,2000,,66413
5049,,,,1500,,66456
5050,,,2000,,,66479
5051,,2000,2000,2000,,66480
5052,,2000,6000,2000,,66481
5053,,2000,4000,2000,,66482
5054,,1000,60000,1000,,66483
5055,,3000,,,,66513
5056,,,,1500,,66518
5057,,,,1500,,66520
5058,,4000,,,,66528
5059,,,,1500,,66529
5060,,,,1500,,66538
5061,,,30000,30000,,66541
5062,,,,1500,,66552
5063,,,,1000,,66588
5064,,40000,,2000,,66613
5065,,1000,,,,66658
5066,,1000,,,,66659
5067,,1000,,,,66660
5068,,1000,,,,66662
5069,,1000,,,,66663
5070,,1000,,,,66664
5071,,6000,,,,66665
5072,,6000,,,,66681
5073,,15000,,,,66734
5074,,,,1500,,66842
5075,,,,1500,,66843
5076,,,,1500,,66844
5077,,8000,,,,66863
5078,,5000,,,,66935
5079,,6000,,,,67009
5083,,,,1500,,67034
5084,,2000,,,,67038
5091,,,,1500,,67194
5092,,,30000,1500,,67195
5093,,,,1500,,67247
5097,,,,1000,,67372
5098,,45000,,1500,,67382
5099,,,,1500,,67413
5100,,,,1500,,67414
5101,,,,1500,,67415
5102,,,,1500,,67416
5103,,,,1500,,67417
5104,,,,1500,,67418
5105,,,,1500,,67419
5106,,,,1500,,67420
5107,,,3000,1500,,67440
5108,,,4000,1500,,67441
5110,,,2000,2000,,67452
5111,,,,1500,,67461
5113,,60000,,,,67486
5114,,60000,,,,67487
5115,,60000,,,,67489
5116,,60000,,,,67490
5117,,,,1500,,67514
5118,,8000,,1500,,67518
5120,,,,1500,,67527
5121,,6000,,1500,,67529
5122,,,,1500,,67530
5123,,,,1600,,67533
5124,,7000,,1500,,67541
5127,,,,1000,,67706
5128,,,,1000,,67709
5129,,4000,,,,67724
5130,,4000,,,,67725
5132,,60000,60000,,,67769
5133,,,,1500,,67777
5134,,,,1500,,67793
5135,,,300000,,,67795
5136,,,,1500,,67796
5137,,,15000,1500,,67797
5138,,600000,600000,,,67799
5142,,2000,,,,67888
5143,,60000,60000,,,67890
5264,,1500,4500,1500,,68282
5265,,2000,,2000,,68301
5269,,,,1500,,68326
5270,,,,1500,,68340
5271,,,,200,,68498
5272,,,1500,,,68505
5282,,,1500,,,68645
5295,,,1000,1500,,68767
5299,,,,1500,,68810
5305,,,5000,,,68835
5306,,,5000,,,68874
5307,,,,1500,,68885
5308,,,5000,,,68891
5309,,,5000,,,68910
5310,,15000,,,,68912
5311,,15000,,,,68939
5312,,2000,,,,68958
5313,,8000,,,,68959
5315,,,,1500,,68993
5316,,,,1500,,69002
5317,,,,1500,,69028
5318,,3000,,,,69037
5319,,,,1500,,69058
5320,,,,1500,,69066
5321,,,,1500,,69067
5322,,,,1500,,69080
5323,,,32000,,,69106
5324,,,,1500,,69128
5325,,10000,,,,69155
5326,,30000,,,,69165
5327,,,,1500,,69180
5328,,,,1500,,69181
5329,,,,1500,,69187
5330,,30000,,,,69195
5331,,,,1500,,69211
5332,,,,1500,,69212
5333,,,,1500,,69273
5334,,10000,,,,69275
5335,,20000,,,,69278
5336,,,,1500,,69355
5337,,,,1500,,69377
5338,,,,1500,,69378
5339,,,500,500,,69399
5340,,,1500,1500,,69401
5341,,,,1500,,69404
5344,,,,1500,,69452
5345,,3000,,,,69487
5346,,6000,,,,69492
5351,,,,1500,,69516
5352,,,,1500,,69528
5353,,,,1500,,69535
5354,,,,1500,,69536
5355,,,,1500,,69539
5356,,,,1500,,69541
5357,,5000,,,,69562
5358,,,,1500,,69565
5359,,,,1500,,69567
5360,,,,1500,,69569
5361,,,,1500,,69576
5362,,,,1500,,69577
5363,,600000,,,,69582
5364,,,,1500,,69583
5365,,,,1500,,69586
5367,,7000,,1500,,69652
5372,,,,1500,,69677
5376,,6000,,,,69712
5378,,,,1500,,69757
5379,,,,1500,,69808
5380,,,,1500,,69809
5381,,,,1500,,69810
5382,,,,1500,,69811
5385,,,,1500,,69869
5386,,,,1500,,69882
5387,,,,1500,,69898
5388,,,,1500,,69901
5389,,,,1500,,69902
5390,,,,1500,,69903
5391,,,,1500,,69906
5392,,,,1500,,69910
5393,,,,1500,,69912
5394,,,,1500,,69916
5395,,,,1500,,69920
5396,,,,1500,,69921
5397,,,,1500,,69923
5398,,,,1500,,69926
5399,,,,1500,,69927
5400,,,,1500,,69930
5401,,,,1500,,69934
5402,,,,1500,,69968
5403,,,,1500,,69969
5404,,,,1500,,69970
5405,,,,1500,,69972
5406,,,,1500,,69973
5407,,,,1500,,69984
5408,,,,1500,,69994
5409,,,,1500,,70080
5411,,10000,,,,70126
5412,,,,1500,,70144
5413,,,,1500,,70145
5414,,,,1000,,70150
5415,,,500,500,,70172
5416,,,1500,1500,,70174
5420,,1800000,,1500,,70195
5424,,,,1500,,70278
5429,,120000,,,,70287
5430,,,,1500,,70292
5432,,,1000,,,70360
5433,,6000,,,,70361
5434,,12000,,,,70363
5435,,,,1500,,70386
5437,,,,1500,,70388
5438,,,,2000,,70391
5439,,4000,,1500,,70407
5440,,,,1500,,70409
5442,,,,1500,,70425
5443,,,8000,,,70428
5444,,,10000,1000,,70431
5446,,,,1500,,70437
5447,,3000,,,,70449
5448,,,1000,,,70492
5449,,5000,,,,70498
5450,,,,1500,,70513
5451,,,,1500,,70517
5452,,,,1500,,70537
5453,,,1000,,,70539
5454,,,1000,,,70542
5455,,,,1500,,70613
5456,,,,1500,,70616
5457,,6000,,,,70670
5458,,,,1000,,70671
5459,,,,1000,,70710
5460,,,30000,,,70766
5462,,,10000,,,70792
5465,,,,1500,,71020
5470,,600000,,,,71088
5494,,,30000,,,71249
5495,,,8000,,,71251
5498,,,6000,2000,,71298
5499,,,,1500,,71316
5501,,,,1500,,71319
5502,,3000,,,,71336
5503,,,,1500,,71342
5506,,,,1500,,71361
5508,,,,1500,,71436
5509,,3000,,,,71445
5510,,15000,,,,71468
5512,,2000,,,,71471
5513,,,,1500,,71488
5514,,,,1500,,71489
5515,,4000,8000,,,71490
5516,,,1000,,,71516
5518,,15000,,1500,,71548
5519,,,6000,2000,,71549
5520,,,300000,2000,,71550
5521,,,8000,2000,,71551
5522,,6000,,2000,,71552
5523,,15000,,,,71553
5524,,,,1500,,71554
5525,,,60000,,,71565
5526,,,60000,,,71574
5527,,1000,,,,71586
5528,,60000,,1500,,71591
5529,,,,1500,,71595
5530,,,,1500,,71705
5531,,10000,,,,71718
5532,,15000,,1500,,71780
5534,,,,1500,,71782
5536,,40000,,2000,,71784
5537,,,,1500,,71840
5538,,,1500,,,71841
5539,,,1500,,,71842
5540,,3000,,,,71861
5542,,,,1000,,71925
5543,,,,1000,,71926
5544,,,,1500,,71932
5545,,,,1000,,71933
5546,,,,1500,,71934
5547,,,,1500,,71936
5548,,,,1500,,71937
5549,,,,1500,,71938
5550,,45000,,1500,,71961
5551,,,,1500,,71988
5553,,10000,,,,72034
5554,,10000,,,,72040
5556,,4000,,,,72106
5557,,7000,,,,72143
5561,,3000,,1500,,72149
5562,,,,1500,,72163
5564,,2000,,1500,,72169
5566,,,,1500,,72198
5567,,30000,,1500,,72215
5568,,4000,,1500,,72222
5569,,4000,,1500,,72268
5571,,8000,,,,72285
5573,,,2000,,,72293
5574,,,,1500,,72318
5576,,,,1500,,72321
5577,,,,1500,,72322
5579,,,,1000,,72335
5580,,,,1000,,72344
5582,,3000,,,,72363
5583,,3000,,,,72368
5585,,,16000,,,72378
5586,,,,1500,,72424
5587,,3000,,,,72426
5588,,4000,,,,72435
5592,,,,1500,,72465
5593,,,,1500,,72466
5598,,,,1500,,72586
5599,,,,1500,,72590
5605,,30000,,,,72752
5606,,30000,,,,72757
5607,,3000,,,,72762
5611,,8000,,,,72905
5618,,10000,,,,73075
5619,,,,500,,73082
5622,,,,1500,,73320
5623,,,60000,1500,,73324
5626,,3000,3000,,,73491
5627,,3000,3000,,,73492
5628,,3000,3000,,,73499
5631,,60000,,,,73654
5637,,,,1500,,73685
5638,,,4000,1500,,73740
5642,,,,1500,,73899
5644,,,12000,1500,,73920
5645,,,3000,,,73943
5646,,,,1500,,73975
5648,,,120000,,,74001
5649,,,3000,,,74035
5651,,,3000,,,74071
5652,,,3000,,,74080
5653,,,3000,,,74148
5654,,,,2000,,74153
5655,,1000,1000,,,74157
5656,,1000,1000,,,74159
5657,,1000,1000,,,74160
5658,,,2500,,,74174
5659,,,,2000,,74203
5660,,,,2000,,74204
5661,,,,2000,,74205
5662,,,3000,,,74219
5663,,,15000,,,74222
5668,,,1000,,,74307
5669,,3000,,,,74361
5671,,6000,,,,74452
5672,,10000,,,,74453
5673,,,,1000,,74608
5676,,,,1500,,74625
5679,,,1500,,,74707
5680,,,1000,,,74749
5681,,,1500,,,74764
5682,,,1500,,,74785
5683,,,1000,,,74797
5684,,,14400000,,,74842
5685,,,14400000,,,74847
5687,,,1800000,,,74890
5688,,,,1500,,74932
5689,,,3000,,,75086
5690,,,3000,,,75088
5691,,13000,,,,75125
5692,,,,1500,,75134
5693,,,,1500,,75136
5694,,,,1000,,75159
5695,,,,1000,,75160
5696,,,,1000,,75161
5697,,,,1500,,75330
5699,,,,1500,,75332
5700,,,,1500,,75333
5701,,20000,,1500,,75343
5702,,20000,,1500,,75349
5703,,6000,,1500,,75362
5704,,,,1500,,75366
5705,,6000,,1500,,75367
5706,,,,1500,,75368
5707,,,,1500,,75370
5708,,,10000,,,75381
5709,,,,1500,,75384
5710,,,,1500,,75412
5711,,,,1500,,75413
5712,,,,1500,,75417
5715,,,,1500,,75613
5716,,,14400000,,,75693
5717,,,,1500,,75906
5718,,,,1500,,75936
5719,,,,1500,,75973
5720,,,10000,,,76096
5723,,300000,,1500,,76568
5724,,,180000,1000,,76577
5730,,8000,,,,77276
5732,,,,1500,,77472
5734,,,,1500,,77575
5735,,,20000,,,77606
5736,,,6000,1500,,77758
5737,,120000,,1500,,77761
5738,,120000,,1000,,77764
5747,,,,1500,,78164
5748,,,,1500,,78381
5749,,,,1500,,78674
5750,,60000,60000,,,78675
5766,,,120000,,,79140
5767,,,,1500,,79187
5768,,,120000,,,79206
5780,,,,1500,,79623
5782,,,30000,1500,,80240
5783,,,45000,1500,,80313
5784,,,300000,,,80353
5790,,,120000,1500,,80483
5793,,25000,,,,80864
5810,,,,1500,,113
5811,,15000,,,,184
5812,,,,1500,,246
5813,,20000,,,,2601
5814,,15000,,,,2602
5815,,30000,,,,3136
5816,,30000,,,,3150
5817,,3000,,,,3229
5820,,120000,,,,3583
5821,,20000,,,,3604
5822,,60000,,,,4941
5823,,30000,,,,5413
5824,,30000,,,,5426
5825,,120000,,,,5916
5826,,5000,,,,6016
5827,,,,1500,,6146
5829,,45000,,,,6274
5830,,,,1500,,6595
5831,,60000,,,,6612
5832,,60000,,,,6613
5833,,60000,,,,6615
5834,,15000,,,,6749
5835,,30000,,,,6950
5836,,8000,,,,7074
5837,,120000,,,,7102
5838,,60000,,,,7125
5839,,60000,,,,7127
5840,,200000,,,,7132
5841,,7000,,,,7154
5842,,,,1500,,7951
5843,,10000,,,,7992
5844,,,,1500,,8078
5845,,,,1500,,8140
5846,,,,1500,,8147
5847,,3000,12000,1500,,8362
5848,,,,1500,,8990
5849,,,,1500,,8994
5850,,3600000,,1500,,9257
5851,,,,1500,,9552
5852,,,,1500,,11014
5853,,10000,,1500,,11436
5854,,,,1500,,11640
5855,,,,1500,,11641
5856,,,,1500,,11922
5857,,,,1500,,11939
5858,,420000,,,,12001
5859,,6000,,1500,,12058
5860,,6000,,1500,,12553
5861,,,,1500,,12746
5862,,,,1500,,12747
5863,,,10000,,,13585
5864,,,,1500,,13704
5865,,,,1500,,13730
5866,,10000,,1500,,13747
5867,,,,1500,,13864
5868,,,,1500,,14517
5869,,,,1500,,14518
5870,,,,1500,,15091
5871,,,,1500,,15279
5872,,,,1500,,15548
5873,,,,1500,,15588
5874,,,,1500,,15744
5875,,3000,20000,1500,,15786
5876,,,,1500,,16046
5877,,,,1500,,16798
5878,,5000,,,,16838
5880,,,,1500,,17151
5881,,,,1500,,17277
5882,,,,1500,,17393
5883,,,,1500,,17434
5884,,,,1500,,17435
5885,,60000,,,,17540
5886,,,,1500,,18376
5887,,,,1500,,18671
5888,,30000,,,,19030
5890,,,10000,,,19514
5891,,,,1500,,20735
5892,,,,1500,,21068
5893,,,,1500,,21331
5894,,,,1500,,21655
5895,,,,1500,,22127
5896,,,,1500,,22415
5897,,,10000,,,22418
5898,,,,1500,,22424
5900,,,,1500,,22696
5901,,,,1500,,22823
5902,,3000,20000,1500,,22910
5903,,,,1500,,23039
5904,,,,1500,,23113
5905,,60000,,,,24364
5907,,,,1500,,26453
5908,,60000,,,,28515
5909,,,,1500,,28822
5910,,23000,,,,30004
5911,,,,1500,,30478
5912,,,,1500,,30842
5913,,,,1500,,31279
5914,,,,1000,,31289
5915,,,,1500,,31405
5916,,,,1500,,32063
5917,,,,1500,,32197
5920,,,,1500,,34812
5921,,,,1500,,35199
5922,,6000,,1500,,37071
5923,,,,1500,,37113
5925,,,,1500,,39212
5926,,,,1500,,39273
5927,,,,1500,,39591
5928,,,,1500,,39621
5932,,,,1500,,41988
5933,,120000,,,,43133
5935,,,,1500,,45985
5936,,,,1500,,47782
5937,,,,1500,,48168
5938,,,,1500,,48562
5940,,,,1500,,51797
5941,,,,1500,,51876
5942,,,5000,,,52510
5943,,15000,,1500,,52606
5944,,,,1500,,53113
5945,,35000,,,,53276
5946,,60000,,,,53762
5948,,,,1500,,57599
5949,,,,1500,,57780
5950,,,,1500,,58811
5951,,,,1500,,58970
5952,,,,1500,,59217
5953,,,5000,,,59576
5954,,,,1500,,59669
5955,,,,1500,,60288
5956,,,,1500,,60290
5957,,45000,,,,60842
5958,,,,1000,,60850
5959,,,3000,1500,,62246
5960,,,1000,,,62515
5961,,,,1500,,62682
5962,,,10000,,,62788
5963,,,,1500,,62804
5966,,,1000,,,62885
5967,,,,4000,,62975
5968,,,,5000,,63520
5969,,,60000,,,63602
5970,,,120000,,,63603
5971,,,6000,1500,,63996
5973,,,3000,,,64306
5974,,6000,,1500,,64327
5975,,120000,,,,64585
5976,,,,500,,64664
5978,,,,1500,,65046
5979,,,5000,1000,,65048
5980,,,1000,,,65063
5981,,,9000,,,65216
5982,,,2000,,,65231
5983,,,15000,,,65232
5984,,,250,,,65373
5985,,,,1000,,65402
5986,,,,1000,,65406
5987,,,,1000,,65407
5988,,,1000,,,65423
5989,,,500,,,65479
5990,,,2000,,,65489
5991,,,5000,,,65550
5992,,4000,,,,65598
5993,,,120000,,,65656
5994,,,120000,,,65668
5995,,,120000,,,65672
5996,,,120000,,,65674
5997,,,120000,,,65676
5998,,,250,,,65713
5999,,,3000,,,65786
6000,,,30000,1500,,65798
6001,,,1000,1000,,65837
6002,,,32000,,,65864
6003,,,10000,,,65865
6004,,,6000,1500,,65912
6005,,,,1500,,65936
6006,,,,1500,,65951
6007,,,6000,1500,,65984
6008,,,5000,1000,,66298
6009,,,1500,1000,,66299
6010,,,10000,1000,,66300
6011,,,,2000,,66306
6012,,,500,,,66427
6013,,,3000,,,66811
6014,,,5000,,,66868
6015,,,500,,,66893
6016,,,1500,,,66909
6017,,,1500,,,66910
6018,,,1500,,,66911
6019,,,1500,,,66912
6020,,,1500,,,66913
6021,,,12000,,,66937
6022,,,,1500,,66967
6023,,,1500,,,67063
6024,,,,1500,,67171
6025,,,,1500,,67175
6026,,,,500,,67192
6027,,,,500,,67212
6028,,,,1500,,67219
6029,,,1500,,,67279
6030,,,1000,,,67362
6032,,,6000,,,67688
6033,,,,1500,,67794
6034,,,1500,1500,,67800
6035,,,8000,,,67805
6036,,,1500,,,67843
6037,,,12000,,,68172
6038,,,2000,,,68173
6039,,,20000,,,68177
6040,,,15000,,,68219
6041,,,1500,,,68235
6042,,,20000,,,68422
6043,,,10000,,,68440
6044,,,10000,,,68441
6045,,,1500,,,68445
6046,,,8000,,,68446
6047,,,120000,,,68469
6048,,,20000,,,68491
6049,,,15000,1000,,68548
6050,,,2000,,,68564
6051,,,1000,,,68596
6052,,,1000,,,68597
6053,,,1000,,,68598
6054,,,4000,,,68613
6055,,,,1500,,68659
6056,,,,1500,,68660
6057,,,30000,1500,,68668
6058,,,,1500,,68669
6059,,,,1500,,68670
6060,,,10000,1500,,68672
6061,,,,1500,,68676
6062,,,6000,1500,,68680
6063,,,10000,,,68728
6064,,,3000,,,68903
6065,,,10000,,,68945
6066,,,,1500,,68990
6067,,,90000,,,68992
6068,,,1500,,,68996
6069,,90000,90000,1500,,69041
6070,,,1800000,1500,,69046
6071,,90000,90000,1500,,69070
6074,,,120000,1500,,69179
6075,,,5000,1000,,69228
6076,,,,1000,,69280
6077,,6000,,1500,,69304
6078,,,,1500,,69305
6079,,,1000,,,69354
6080,,,500,,,69367
6081,,,500,,,69433
6082,,,500,,,69435
6083,,,5000,,,69453
6084,,,10000,,,69461
6085,,,2000,,,69517
6086,,,,1500,,69607
6087,,,,1500,,69608
6088,,,,1500,,69626
6089,,,,1500,,69630
6090,,,1000,,,69794
6091,,,,1500,,69867
6092,,,,1500,,69992
6093,,,,1500,,70051
6094,,6000,,,,70117
6095,,,5000,1000,,70151
6096,,,5000,1000,,70152
6097,,,,1500,,70171
6098,,,,2000,,70218
6099,,,,1500,,70340
6100,,,35000,,,70355
6101,,4000,,,,70410
6102,,,10000,1000,,70432
6103,,5000,,,,70456
6104,,,,250,,70607
6105,,,1000,,,70631
6106,,,,1500,,70732
6107,,,250,,,70735
6108,,,,1500,,70736
6109,,,,1500,,70741
6110,,,,1500,,70742
6112,,6000,,1500,,70796
6114,,,5000,,,71349
6115,,,,1500,,71526
6116,,,1000,,,71543
6117,,,5000,1000,,71658
6118,,,,1000,,71659
6119,,,10000,1000,,71660
6120,,,,1500,,71804
6121,,,,4000,,71812
6122,,,,1500,,71867
6123,,,,1500,,71924
6124,,,,1000,,71974
6125,,,300000,1500,,71975
6126,,,,1000,,71984
6127,,,,1500,,71985
6128,,,1500,,,72013
6129,,,,1500,,72014
6130,,,,1500,,72043
6131,,,1000,,,72051
6132,,6000,,1500,,72114
6133,,,6000,,,72177
6134,,,1500,,,72188
6135,,,,1500,,72205
6136,,,,1500,,72206
6137,,,1500,,,72210
6138,,,5000,,,72226
6139,,,,1000,,72240
6140,,,,1000,,72246
6141,,,,1000,,72294
6142,,,,1500,,72339
6143,,,2000,,,72375
6144,,,1000,,,72472
6145,,,5000,1000,,72520
6146,,,10000,,,72591
6147,,,1000,,,72596
6148,,,1000,,,72609
6149,,,1000,,,72616
6150,,,10000,,,72654
6151,,,1500,,,72741
6152,,,,20000,,72849
6153,,,,1000,,72887
6154,,,,1500,,72922
6155,,,,1500,,72932
6156,,,5000,1000,,72940
6157,,,,1500,,73066
6158,,,,1500,,73155
6159,,,1500,,,73207
6160,,,,1500,,73212
6161,,,,1500,,73254
6162,,,,1500,,73257
6163,,,,1500,,73291
6164,,,300000,,,73302
6165,,,,1000,,73393
6167,,,500,500,,73456
6168,,,,1500,,73461
6169,,,,1500,,73462
6170,,,,1500,,73463
6171,,,5000,500,,73477
6172,,1000,,,,73478
6173,,,,3000,,73485
6174,,,,3000,,73486
6184,,,,1500,,73507
6185,,,5000,5000,,73518
6188,,,1000,,,73673
6189,,,,1500,,73692
6190,,,1000,,,73742
6191,,1500,,,,73841
6192,,,5000,,,73851
6193,,,6000,2000,,73874
6194,,120000,600000,1000,,73903
6195,,,5000,,,73945
6196,,,3000,,,73958
6197,,,3000,,,73969
6198,,,,1500,,73976
6200,,1000,1000,,,73982
6201,,1000,1000,,,73983
6202,,,1000,,,73984
6203,,,,1000,,73991
6204,,,3000,1000,,73994
6205,,1000,15000,,,73995
6206,,,8000,1000,,73997
6207,,,1500,1000,,73998
6208,,1500,,,,74000
6209,,1500,,,,74003
6210,,1500,,,,74004
6211,,1500,,,,74005
6212,,6000,,1500,,74019
6213,,,,1500,,74020
6214,,,,1500,,74022
6215,,,10000,,,74089
6216,,3000,,1500,,74104
6217,,,,1500,,74122
6218,,5000,,,,74136
6220,,,250,,,74183
6221,,,5000,1000,,74309
6222,,,2000,,,74359
6224,,6000,,1500,,74425
6225,,,,1500,,74428
6226,,,10000,,,74489
6227,,,,1500,,74494
6229,,,,1500,,74498
6230,,30000,,,,74504
6231,,,1500,,,74578
6232,,,120000,,,74606
6234,,10000,,,,74640
6235,,10000,,,,74668
6236,,4000,,,,74739
6237,,4000,,,,74740
6238,,4000,,,,74741
6239,,,,1500,,74811
6240,,2000,2000,,,74922
6241,,5000,,,,74930
6242,,9000,,9000,,74934
6243,,9000,,9000,,74935
6244,,9000,,9000,,74937
6245,,,1000,,,74948
6246,,,,1500,,74973
6247,,2000,2000,,,74974
6248,,,,1500,,75014
6249,,,,1500,,75015
6250,,,,1500,,75019
6251,,,,1500,,75021
6253,,,3000,,,75067
6254,,,,1500,,75068
6255,,2000,2000,,,75070
6256,,,,1500,,75139
6263,,3000,,,,75158
6264,,3000,,1500,,75241
6265,,,,1500,,75242
6266,,,10000,,,75275
6267,,,,1000,,75342
6268,,30000,,,,75355
6270,,,140000,,,75392
6271,,,5000,,,75395
6272,,,60000,,,75400
6273,,,3000,,,75409
6274,,,3000,,,75410
6275,,,3000,,,75411
6276,,4000,,,,75428
6277,,,,1500,,75439
6278,,,3000,,,75443
6279,,,,1500,,75527
6280,,,,1500,,75528
6281,,,,5000,,75556
6282,,,1500,1500,,75557
6283,,,,1500,,75561
6284,,,,1500,,75562
6285,,,6000,1500,,75563
6286,,,,1500,,75604
6287,,10000,,1500,,75609
6288,,,,1500,,75635
6289,,,,1000,,75637
6290,,,1000,,,75638
6291,,20000,,,,75656
6292,,,5000,1000,,75668
6293,,,,1000,,75678
6294,,,6000,1500,,75684
6295,,,10000,1000,,75698
6296,,,,1500,,75722
6298,,,500,,,75776
6300,,,500,,,75794
6301,,,2000,,,75832
6302,,,,1500,,75833
6303,,,,1500,,75849
6304,,,,1500,,75923
6305,,,,1500,,75961
6306,,18000,,,,75967
6307,,18000,,,,75968
6308,,,30000,,,75994
6309,,,,1500,,76001
6310,,6000,,1500,,76016
6311,,,,1500,,76026
6312,,,,1500,,76047
6313,,,,1500,,76094
6314,,10000,,1500,,76100
6315,,,,1500,,76160
6316,,1000,,1500,,76170
6317,,1000,,1500,,76171
6318,,3000,,,,76184
6320,,,140000,,,76214
6321,,,140000,,,76217
6322,,7000,,,,76325
6323,,,10000,,,76337
6326,,,,1500,,76418
6327,,,,30000,,76460
6328,,,,1500,,76478
6329,,,,1500,,76484
6330,,,15000,1000,,76490
6331,,,,1000,,76511
6333,,,,1500,,76579
6334,,,,1500,,76584
6335,,,,1500,,76591
6336,,,60000,1500,,76597
6337,,6000,6000,1000,,76610
6338,,,,1000,,76643
6339,,,6000,1000,,76664
6340,,3000,,,,76674
6341,,3000,,,,76675
6342,,6000,,1500,,76680
6343,,,,1500,,76719
6344,,,,1500,,76720
6345,,5000,,,,76727
6346,,5000,,,,76729
6347,,6000,,1500,,76732
6348,,,,1500,,76815
6350,,,1500,,,76846
6351,,,1000,,,76859
6352,,,,1500,,76876
6353,,,1500,,,76887
6354,,,1500,,,76889
6355,,,30000,1500,,76903
6358,,,10000,1000,,77001
6359,,,,1500,,77023
6360,,3000,,,,77024
6362,,,,1500,,77042
6363,,,1500,,,77055
6364,,3000,,,,77060
6365,,3000,,,,77061
6366,,,,1500,,77069
6367,,3000,,,,77106
6368,,,,1500,,77160
6370,,,3000,,,77301
6371,,,,1500,,77313
6372,,,,1000,,77330
6373,,,,1500,,77345
6374,,,2000,,,77380
6375,,,3000,,,77408
6376,,,,1500,,77426
6377,,,,1500,,77434
6378,,20000,,,,77438
6379,,,,1500,,77457
6380,,,,1500,,77500
6381,,,,1500,,77508
6382,,3000,,,,77518
6383,,,1500,,,77526
6384,,,32000,,,77546
6385,,,,1500,,77553
6386,,3000,,,,77557
6387,,,,1500,,77567
6388,,2000,,1500,,77569
6389,,,5000,,,77571
6390,,,,1500,,77593
6392,,,2000,,,77628
6393,,,10000,,,77629
6394,,,,1500,,77645
6395,,,3000,,,77664
6396,,,,1500,,77670
6397,,2000,,1000,,77679
6398,,,3000,,,77682
6399,,,,1500,,77695
6400,,,,1000,,77699
6401,,,,1500,,77718
6402,,,,1500,,77721
6403,,,,1500,,77722
6404,,,,250,,77743
6405,,,15000,1500,,77745
6406,,,,1000,,77760
6408,,10000,,,,77780
6409,,3000,,1000,,77786
6410,,120000,,,,77806
6411,,,1000,,,77814
6412,,2000,,1500,,77896
6413,,,,1000,,77912
6414,,,,750,,77913
6415,,,6000,,,77917
6416,,6000,,1500,,77918
6417,,,,1500,,77921
6419,,,6000,,,77941
6420,,,10000,,,77977
6421,,,,1500,,77993
6422,,3000,,,,77995
6423,,8000,,,,77998
6424,,,,1500,,78011
6425,,,,1500,,78026
6426,,,,1500,,78060
6427,,,,1500,,78061
6428,,,,1500,,78066
6429,,1500,,,,78068
6430,,10000,,,,78075
6431,,,30000,,,78106
6432,,,3000,,,78109
6433,,,8000,1500,,78144
6434,,6000,,1500,,78145
6435,,,6000,1500,,78146
6436,,,300000,1500,,78151
6437,,,600000,1500,,78154
6438,,,,1000,,78155
6440,,,,1000,,78157
6441,,,,1000,,78158
6442,,,,1000,,78159
6443,,,,1500,,78160
6444,,,,1000,,78161
6445,,,1500,,,78176
6446,,,1500,,,78178
6447,,,1500,,,78179
6448,,,1500,,,78180
6449,,,,1500,,78183
6450,,15000,,,,78189
6451,,,,1000,,78222
6452,,,3000,,,78269
6453,,,,1500,,78273
6454,,,,1500,,78294
6455,,,,1000,,78295
6456,,,,4000,,78331
6458,,,,1000,,78371
6459,,,4000,1500,,78372
6460,,,1500,,,78403
6461,,,,1500,,78491
6462,,,,1500,,78521
6464,,10000,,,,78603
6465,,,,1500,,78623
6466,,6000,,1500,,78630
6467,,,15000,1000,,78638
6468,,,,1500,,78660
6469,,,,1500,,78678
6470,,,,1500,,78683
6471,,,,1500,,78685
6472,,,,1500,,78702
6473,,8000,,1500,,78732
6474,,3000,10000,1500,,78754
6475,,,,1500,,78770
6476,,10000,,,,78778
6477,,,,1500,,78799
6478,,,,1500,,78802
6479,,,,1500,,78808
6480,,,,1500,,78810
6481,,30000,,1500,,78823
6482,,,200,200,,78825
6483,,7000,,1500,,78828
6484,,,,1500,,78832
6485,,,,1500,,78841
6486,,60000,,,,78899
6487,,60000,,,,78906
6488,,5000,,,,78916
6489,,,,1500,,78921
6490,,,,1500,,78962
6491,,,,1500,,78966
6492,,,,1000,,78968
6493,,,8000,1000,,78972
6494,,60000,,,,78989
6495,,60000,,,,78990
6496,,,,1000,,79019
6497,,,10000,1000,,79020
6498,,8000,,,,79023
6499,,,250,,,79024
6500,,,250,,,79040
6501,,,100,,,79043
6502,,,250,,,79044
6503,,,250,,,79046
6504,,,,1000,,79050
6505,,,,1500,,79085
6506,,,1000,,,79205
6507,,,10000,1000,,79213
6508,,,,1000,,79222
6509,,,8000,1000,,79223
6510,,,10000,1000,,79224
6511,,,,500,,79247
6512,,,500,,,79319
6513,,,1000,,,79323
6514,,3000,,1000,,79340
6515,,,,1000,,79345
6516,,6000,,1000,,79351
6517,,,,1500,,79425
6518,,,,1000,,79429
6519,,,8000,,,79430
6520,,,,1000,,79431
6521,,,1000,,,79449
6522,,1000,,,,79470
6523,,60000,,,,79475
6524,,60000,,,,79476
6525,,8000,,,,79499
6526,,40000,,,,79507
6527,,,,1500,,79539
6528,,,,1500,,79558
6530,,,,1500,,79565
6531,,,,1500,,79571
6532,,,,500,,79572
6533,,2000,,,,79580
6534,,,,1500,,79581
6535,,,6000,1500,,79583
6536,,,,1500,,79584
6537,,18000,,1500,,79616
6538,,18000,,1500,,79619
6540,,1000,,,,79633
6541,,1000,,,,79634
6542,,,,1500,,79673
6543,,,,1500,,79719
6544,,30000,,1500,,79733
6545,,,,1500,,79777
6546,,,,1500,,79811
6547,,,,1500,,79831
6548,,,,1500,,79833
6549,,,,1500,,79847
6550,,,,1500,,79849
6551,,,,1000,,79851
6552,,,,1000,,79852
6553,,,,1500,,79857
6554,,,,1500,,79859
6555,,,30000,1000,,79864
6556,,,10000,,,79865
6558,,,15000,,,79870
6559,,20000,,1500,,79872
6560,,10000,,,,79878
6561,,,,1500,,79880
6562,,,,1500,,79881
6563,,,300000,1500,,79883
6564,,,,1500,,79884
6565,,,,1500,,79885
6566,,,,1500,,79886
6567,,,,1500,,79890
6568,,,,1500,,79891
6569,,,,1500,,79893
6570,,,,1500,,79895
6571,,,,1500,,79896
6572,,,8000,1500,,79899
6573,,,,1500,,79902
6574,,3000,,,,79904
6575,,,,1500,,79909
6576,,6000,,1500,,79913
6577,,8000,,1500,,79914
6578,,3000,,,,79921
6579,,,,1500,,79926
6580,,,,1500,,79927
6581,,,,1500,,79930
6582,,,,1500,,79932
6583,,,,1500,,79933
6584,,,,1500,,79934
6585,,,,1500,,79939
6586,,,,1500,,79949
6587,,,,1500,,79954
6588,,,,1500,,79956
6589,,,,1500,,79957
6590,,,,1500,,79958
6591,,,,1500,,79961
6592,,,,1500,,79962
6593,,,,1500,,79963
6594,,,,1500,,79964
6595,,,,1500,,79966
6596,,,,1500,,79967
6597,,,,1500,,79968
6598,,,,1500,,79971
6599,,,,1500,,79972
6600,,,,1500,,79976
6601,,,,1500,,79977
6602,,,,1500,,80003
6603,,,,1000,,80004
6604,,,,1500,,80009
6605,,,10000,1500,,80012
6606,,,,1000,,80015
6607,,,,1500,,80016
6608,,,,1000,,80018
6609,,,30000,,,80070
6610,,,,3000,,80101
6611,,3000,,,,80130
6612,,3000,,,,80145
6613,,,,1500,,80174
6614,,2000,,2000,,80183
6617,,,,1500,,80256
6619,,3000,,,,80270
6620,,,1000,,,80277
6621,,,,1500,,80304
6622,,,,1500,,80306
6623,,10000,,,,80352
6624,,,15000,1000,,80365
6625,,5000,,,,80390
6626,,,6000,6000,,80393
6628,,,6000,6000,,80436
6629,,,6000,6000,,80446
6631,,3000,,1500,,80451
6634,,,,1500,,80522
6636,,,,1500,,80555
6637,,,3000,,,80562
6638,,,,1500,,80564
6639,,,,1500,,80570
6640,,,,1500,,80576
6641,,,,1000,,80588
6642,,60000,,,,80597
6643,,,,1500,,80607
6644,,,,1500,,80638
6645,,13000,,,,80652
6647,,,,1500,,80820
6648,,6000,,1000,,80869
6649,,20000,,,,80920
6650,,,10000,,,80952
6651,,,,1500,,80966
6652,,,,1500,,80983
6653,,,1200000,1500,,80985
6654,,,10000,,,80994
6655,,,,1500,,81072
6656,,,,1500,,81087
6657,,,,1500,,81140
6658,,,,1500,,81167
6659,,,,1500,,81203
6660,,,,1500,,81212
6661,,,,1500,,81224
6662,,,,1500,,81236
6663,,,,1500,,81293
6664,,,3000,1500,,81342
6665,,,1500,,,81361
6666,,,3000,1500,,81365
6667,,,10000,1500,,81367
6668,,,4000,1500,,81369
6669,,,3000,1500,,81371
6670,,,,1500,,81419
6671,,,,1500,,81439
6672,,,,1500,,81440
6673,,,,1500,,81442
6674,,,,1500,,81453
6675,,,,1500,,81454
6676,,,,1500,,81455
6677,,,,1500,,81456
6678,,,5000,1500,,81457
6679,,,30000,,,81490
6681,,1500,1000,,,81506
6682,,1500,1000,,,81513
6683,,1500,1000,,,81514
6684,,,,1500,,81521
6685,,,10000,,,81526
6686,,,1000,500,,81529
6687,,1500,1000,,,81541
6688,,,8000,1500,,81576
6690,,10000,,,,81683
6772,,,,1500,,82326
6774,,,2000,,,81886
6775,,,,1500,,81888
6776,,,,1500,,81937
6777,,,,1500,,81954
6778,,,1000,,,81957
6779,,3000,,,,81958
6780,,,,1500,,81993
6781,,,,1500,,81996
6782,,,,1500,,82019
6783,,2000,,,,82036
6784,,45000,,1500,,82048
6785,,10000,,,,82049
6786,,,,1500,,82053
6787,,,,1500,,82061
6788,,,,1500,,82062
6793,,60000,,,,82184
6794,,60000,,,,82186
6795,,3000,,,,82203
6796,,60000,,1500,,82207
6797,,,15000,,,82208
6798,,3000,,,,82215
6799,,7000,,1500,,82226
6800,,,,1000,,82261
6801,,,120000,,,82269
6802,,,,1500,,82294
6817,,5000,,,,76030
6818,,5000,,,,76032
6820,,6000,,1500,,82405
6845,,,,1500,,82531
6847,,60000,,,,82538
6848,,,1200000,1500,,82540
6849,,,10000,,,82535
6852,,,5000,1500,,82577
6853,,,5000,1500,,82578
6854,,,,1500,,82580
6855,,,3000,1500,,82585
6856,,,,1500,,82587
6858,,,500,1500,,34026
6859,,,,1500,,82604
6860,,6000,,1500,,82611
6861,,,,1500,,82641
6865,,,,1500,,82671
6867,,,,1500,,82707
6868,,,,1500,,82708
6869,,4000,,,,82717
6870,,,30000,,,82726
6871,,,30000,,,82728
6873,,,,1500,,82738
6875,,,,1500,,82742
6877,,,,1500,,82760
6878,,180000,,,,82768
6879,,,,1500,,82674
6880,,5000,,,,82777
6881,,,,1500,,82783
6882,,,,1500,,82784
6883,,,,1500,,82785
6885,,5000,,,,82788
6886,,,,1500,,82789
6887,,,120000,1500,,82791
6888,,,120000,1500,,82792
6889,,,,1500,,82794
6890,,,,1500,,82795
6891,,,,1000,,82796
6892,,,,1500,,82798
6893,,,,1500,,82811
6895,,15000,,,,82746
6896,,,120000,,,82836
6897,,,,1500,,82844
6898,,,,1500,,82846
6899,,4000,,,,82856
6900,,,,1000,,82858
6901,,,,1500,,82878
6902,,,,1500,,82886
6924,,,30000,,,79586
6926,,,15000,,,65579
6927,,,,1500,,83006
6928,,,,1000,,83009
6929,,,45000,1000,,83010
6930,,,8000,,,83014
6931,,,,1500,,83015
6932,,18000,,,,83016
6933,,,,2000,,83017
6934,,600000,,,,83021
6935,,,2000,,,65009
6942,,,3000,,,83121
6943,,,3000,,,83135
6944,,,1000,,,83136
6949,,,,1500,,83175
6950,,3000,,,,83233
6951,,,,1500,,83242
6952,,,,1500,,83243
6953,,,,1500,,83244
6954,,,,1500,,83245
6956,,20000,,1500,,83370
6960,,90000,200000,,,82815
6961,,90000,200000,,,83085
6962,,90000,200000,,,83093
6963,,90000,200000,,,83452
6964,,10000,,,,83476
6966,,,,1500,,83497
6968,,,,1500,,83504
6969,,,,1500,,83540
6970,,,,1500,,83564
6971,,,,1500,,83567
6973,,,,500,,83573
6974,,,,1500,,83586
6975,,,,1500,,83596
6976,,,,1500,,83598
6977,,,,1500,,83599
6983,,5000,,,,83698
6986,,10000,,,,83718
6987,,,,1500,,83785
6988,,3000,,,,83790
6989,,,,1500,,83848
6990,,,,1500,,83849
6992,,,,1500,,83872
6993,,,15000,1500,,83902
6994,,,,1500,,83914
6995,,,1000,,,83939
6996,,,3600000,,,83958
7003,,5000,,,,83929
7004,,5000,,,,83985
7005,,,,1500,,84012
7019,,,120000,1500,,84126
7020,,18000,,,,84146
7021,,20000,,1500,,84165
7023,,,,1500,,84263
7028,,,,1500,,84309
7029,,,,1500,,84333
7030,,,,1500,,84342
7031,,600000,600000,1500,,84348
7033,,3000,,,,84402
7035,,10000,,,,84419
7036,,120000,,,,84442
7037,,,,1500,,84472
7038,,,,1500,,84492
7040,,,1600,,,84499
7041,,,,1500,,84533
7042,,,5000,,,84545
7043,,,,500,,84562
7044,,,,1000,,84575
7049,,,,1500,,84632
7052,,6000,,1500,,84675
7054,,20000,,1500,,84715
7056,,15000,,,,84724
7057,,5000,,,,84742
7058,,,,1500,,84752
7059,,5000,,1500,,84763
7061,,,,1500,,84766
7064,,13000,,,,84784
7066,,,2000,1500,,84804
7067,,,,1500,,84806
7068,,30000,,,,84813
7069,,,,1500,,84816
7070,,5000,,1500,,84817
7071,,,,1500,,84822
7072,,,,1500,,84824
7073,,6000,,1500,,84829
7074,,,,1000,,84832
7076,,,,1500,,84836
7078,,,,1500,,84845
7079,,,,1000,,84850
7080,,,,1500,,84853
7081,,,,1500,,84868
7087,,,,1500,,84875
7088,,,,1500,,84876
7089,,,,1500,,84883
7095,,2000,,,,84931
7097,,10000,,,,84948
7098,,10000,,,,84913
7100,,,,1500,,84992
7101,,,1500,,,84996
7102,,,1500,,,84997
7103,,,1500,,,84998
7104,,,1500,,,84999
7105,,,1500,,,85000
7107,,,,1500,,84963
7108,,,90000,,,31850
7128,,,1000,,,85144
7129,,,2000,1500,,85147
7133,,,10000,,,85216
7136,,,,1500,,85240
7137,,,,1500,,85243
7139,,,,1500,,85246
7140,,,12000,,,85227
7141,,,1000,,,85248
7142,,,,1500,,85256
7143,,,1500,,,85188
7145,,,,1500,,85288
7146,,,30000,,,84995
7150,,,10000,,,85491
7154,,,,1500,,85527
7157,,,,1500,,85563
7159,,,3000,,,85580
7160,,,,1500,,85222
7161,,,300000,,,85594
7162,,,,1500,,85600
7163,,,,1500,,85609
7165,,,,1500,,85673
7170,,,,1500,,85714
7171,,6000,,1500,,85715
7173,,,,1000,,85745
7174,,,30000,,,85754
7175,,,,1500,,85308
7179,,,,1500,,85800
7181,,3000,,,,85816
7191,,,2000,1500,,85846
7192,,,,1500,,85910
7193,,,,1500,,85948
7194,,,,1500,,85964
7195,,,,1500,,85966
7196,,,,1500,,85979
7202,,10000,,,,75790
7203,,10000,,,,75774
7213,,,,1500,,86042
7215,,,,1000,,86070
7216,,,,1000,,86071
7217,,,,1000,,86072
7218,,3000,,1500,,86079
7219,,,,1000,,86085
7220,,,,1500,,86090
7223,,,,1500,,86137
7231,,4000,,,,86226
7232,,,,10000,,86227
7234,,120000,,,,86237
7235,,,500,,,1234
7237,,,,2000,,86332
7241,,6000,,,,86377
7244,,,2000,,,86425
7246,,,,1500,,86507
7247,,6000,,,,86545
7248,,,1000,,,86561
7249,,,5000,1000,,86601
7251,,,30000,,,84971
7254,,,,1000,,85252
7255,,13000,,,,86695
7256,,,,1500,,86699
7257,,,,1500,,86717
7259,,5000,,1500,,86722
7265,,3000,,,,86801
7266,,6000,,1500,,86816
7267,,,,1500,,86817
7269,,,8000,,,81459
7270,,,,1500,,86861
7284,,4000,,,,87080
7285,,,,1500,,87113
7290,,3000,,,,83654
7291,,3000,,,,83113
7293,,,,2000,,87217
7294,,,,2000,,87219
7295,,,500,500,,87232
7296,,,1500,1500,,87238
7298,,,1500,,,87272
7299,,,10000,,,87274
7300,,,120000,,,87279
7301,,,60000,,,87277
7302,,,60000,,,87280
7304,,,15000,,,87281
7305,,,30000,,,87275
7306,,,30000,,,87282
7307,,,15000,,,87283
7309,,,15000,,,87278
7312,,,,1500,,87344
7313,,30000,,,,87347
7315,,,,1500,,87393
7317,,,300000,1500,,87441
7335,,,60000,,,87596
7342,,,10000,,,87606
7343,,,30000,,,87607
7344,,,15000,,,87608
7345,,,120000,,,87609
7346,,,60000,,,87611
7347,,,15000,,,87612
7348,,,30000,,,87613
7349,,,15000,,,87614
7352,,,12000,,,87094
7355,,3000,,,,87645
7357,,5000,,,,87698
7358,,10000,,,,87650
7359,,5000,,,,87662
7361,,,,1500,,87720
7362,,,,1500,,87732
7363,,,1500,,,87747
7364,,5000,,,,87753
7366,,20000,,1500,,87759
7368,,3000,,,,87762
7370,,300000,,1500,,87772
7374,,5000,,,,73872
7376,,,,1500,,87863
7377,,,20000,,,87851
7379,,,2000,,,87960
7380,,,2000,,,87963
7381,,,2000,,,87976
7382,,,,500,,87985
7383,,,1500,,,87997
7384,,,,1500,,88010
7385,,,,1500,,88032
7388,,,2000,,,88068
7390,,,,1500,,88074
7391,,,,1500,,88082
7392,,,,1500,,88084
7393,,5000,,,,88097
7394,,5000,,,,88100
7395,,,4000,,,88027
7398,,,10000,,,84788
7399,,,,1500,,88171
7400,,,,1500,,88201
7401,,,,1500,,88209
7403,,3000,,1500,,88253
7404,,,,1500,,88255
7406,,3000,,1500,,88287
7408,,,,1500,,88323
7409,,,,1500,,88342
7410,,,,1500,,88344
7411,,,60000,1500,,88345
7412,,,60000,1500,,88346
7413,,,1500,,,88354
7414,,,1000,,,88418
7415,,,,1500,,88434
7417,,,,1500,,88439
7418,,,120000,,,88448
7419,,,,1500,,88456
7420,,,1000,,,88478
7421,,,1000,,,88527
7423,,,60000,1500,,88625
7424,,,1000,,,88496
7426,,,1000,,,88650
7427,,,,1000,,88651
7428,,,,200,,88661
7429,,,,1500,,88663
7433,,,8000,,,88679
7443,,,,1500,,88747
7444,,,,1500,,88760
7449,,,,1500,,88839
7450,,,,1500,,88846
7451,,,250,,,88868
7452,,,,1500,,88879
7453,,,,1500,,88886
7454,,,2000,,,88890
7455,,,,1000,,88901
7456,,5000,,,,82859
7460,,,,1500,,88962
7461,,5000,,,,89001
7462,,19000,,,,84643
7463,,5000,,,,89016
7464,,5000,,,,89017
7465,,5000,,,,89018
7466,,,,1500,,89039
7469,,,,1500,,89050
7470,,,,1500,,89051
7473,,60000,,,,89078
7474,,10000,,,,89083
7476,,,,5000,,89145
7477,,,,5000,,89146
7478,,,7200000,1500,,89157
7479,,,7200000,1500,,89158
7480,,5000,,,,89208
7481,,,1500,,,89402
7484,,,120000,1500,,89424
7485,,,,1500,,89459
7486,,,2000,1500,,89463
7488,,,,1500,,89472
7491,,,,1000,,89496
7493,,5000,,,,89547
7495,,,1500,,,89570
7496,,3000,,,,89574
7498,,,10000,,,89593
7501,,,,1500,,89597
7502,,,,1500,,89598
7503,,,15000,,,89600
7505,,,,1500,,89670
7506,,,30000,,,89751
7507,,,30000,,,89766
7508,,,1500,,,89786
7509,,,20000,,,89792
7511,,,4000,1000,,89803
7512,,,15000,,,89808
7513,,,,500,,3110
7514,,,,1500,,89835
7515,,,,1500,,89836
7524,,,,1500,,89929
7525,,,,1500,,89930
7526,,,,1500,,89931
7532,,,,1500,,90051
7533,,,,1500,,90053
7534,,,,1500,,90054
7535,,,500,,,90067
7536,,,,1500,,90073
7539,,,1500,,,89809
7542,,,,1500,,90215
7543,,,,1500,,90272
7544,,,1500,,,90287
7547,,,,1500,,90325
7549,,10000,,,,90328
7551,,,60000,,,90339
7552,,,,1500,,90347
7553,,,4000,,,90350
7554,,,360000,,,90355
7555,,,30000,,,90361
7556,,,,9000,,90377
7557,,,,9000,,90380
7559,,,,1000,,90397
7560,,,,1500,,90399
7562,,,,1500,,90446
7564,,,,1500,,90490
7569,,,,1500,,90522
7570,,,,1500,,90523
7571,,,,1500,,90524
7577,,,,1500,,90551
7578,,,,1500,,90637
7580,,,1000,,,90672
7581,,,10000,1000,,90677
7583,,,,1500,,90694
7584,,,,1500,,90696
7585,,,,3000,,90679
7589,,8000,,,,76794
7591,,8000,,,,76797
7593,,,,1500,,90914
7594,,120000,,,,90954
7596,,,,1500,,90956
7598,,,,1000,,90960
7600,,,,5000,,90871
7601,,,,5000,,90976
7602,,,,1500,,91004
7604,,,,1500,,91018
7605,,,3000,,,89195
7606,,,,1500,,91064
7607,,,30000,,,91073
7609,,,,1500,,91088
7611,,,5000,,,91055
7616,,,,1500,,91099
7617,,,3000,,,91114
7619,,,5000,,,91131
7621,,,3000,,,91172
7624,,3000,,,,91180
7625,,3000,,,,91181
7626,,,3000,,,91200
7628,,3000,,,,91212
7629,,,,1500,,91220
7630,,,10000,,,83176
7638,,,3000,,,91271
7640,,,,1500,,91289
7641,,,,1500,,91290
7642,,,,1500,,91291
7643,,18000,,,,91294
7645,,20000,,1500,,91313
7646,,,,1500,,91324
7647,,,,1500,,91325
7648,,,,1500,,91335
7649,,,,1500,,91343
7650,,3000,,,,91408
7654,,3000,,,,83776
7656,,2000,,,,91418
7665,,,50,,,91571
7666,,,10000,500,,91574
7667,,,10000,,,91587
7668,,,,1500,,91623
7670,,,3000,,,91647
7671,,,,1500,,91668
7672,,,,1000,,91689
7673,,,200,,,91687
7674,,,8000,1500,,91646
7675,,,,1000,,91707
7678,,1000,,,,91722
7680,,,1000,1000,,91723
7681,,,2000,2000,,91726
7682,,,1000,1000,,91727
7686,,,,1500,,91750
7687,,,10000,1500,,91649
7688,,,18000,1500,,91704
7689,,,20000,1500,,91710
7691,,,,1000,,91778
7692,,,,2000,,91788
7694,,,20000,,,85208
7695,,,90000,,,91797
7696,,,90000,,,91800
7697,,,30000,,,91802
7698,,,30000,,,91809
7699,,,45000,1000,,91837
7700,,,45000,1000,,91838
7717,,,5000,,,91877
7720,,6000,,,,75789
7722,,,,1500,,91979
7723,,,,1500,,91997
7724,,,,1500,,92025
7725,,3000,,,,92047
7726,,,5000,,,92064
7727,,,6000,1500,,92072
7729,,,4000,,,92141
7730,,,25000,1500,,92157
7735,,1000,,,,89244
7736,,1000,,,,86654
7737,,,,1500,,92266
7743,,6000,,,,79466
7745,,4000,,,,78807
7746,,60000,,,,92336
7747,,60000,,,,92337
7748,,,200,,,92339
7754,,14400000,28800000,1500,,92395
7755,,14400000,28800000,1500,,92396
7756,,14400000,14400000,1500,,92397
7757,,14400000,14400000,1500,,92398
7758,,,5000,,,92432
7759,,,200,,,92434
7760,,,5000,,,92436
7761,,,10000,1500,,92440
7763,,,250,,,92443
7773,,15000,,,,92548
7775,,,,1500,,92621
7781,,,,1500,,92649
7787,,,4000,,,92687
7789,,,10000,,,92696
7790,,,,1500,,92700
7791,,,,1500,,92703
7792,,,,1500,,92704
7794,,,,1500,,92712
7795,,,4000,1000,,92715
7796,,,1500,,,92721
7797,,,3000,,,92717
7798,,,,1500,,92727
7799,,,20000,,,92728
7800,,1000,,,,92730
7801,,,,1500,,92733
7804,,,,1500,,92739
7805,,,,1500,,92742
7806,,,,1500,,92743
7807,,,,1500,,92744
7808,,,,1500,,92745
7809,,,3000,,,92605
7817,,,30000,,,92796
7819,,,,1500,,92799
7821,,,,1500,,92802
7823,,,,1500,,92805
7824,,,60000,,,76421
7828,,120000,,,,92857
7830,,,,1500,,92915
7852,,,,1500,,93044
7853,,,,1500,,93045
7854,,120000,,,,93046
7855,,,,1500,,93047
7859,,,,1500,,93094
7860,,,200,,,93100
7861,,,,1000,,93101
7862,,,90000,1500,,93224
7863,,,20000,,,93282
7864,,,3000,,,93323
7865,,,,1500,,93325
7866,,,,1500,,93331
7867,,13000,,,,93373
7870,,,5000,,,93392
7871,,,,1500,,93402
7872,,12000,,,,93423
7873,,,14000,,,93433
7877,,,,1500,,93461
7878,,,,200,,93478
7879,,,,200,,93480
7882,,5000,,,,93527
7883,,5000,,,,93543
7884,,,,1500,,93546
7885,,10000,,,,93562
7888,,8000,,,,93581
7890,,,,1500,,93589
7891,,5000,,,,93620
7892,,,,1500,,93624
7894,,300000,,,,93636
7901,,,,1500,,93693
7903,,,,1500,,93711
7905,,,,1500,,93722
7906,,,,1500,,93723
7907,,,50,,,93724
7908,,,10000,,,93725
7909,,,,1500,,93728
7910,,,,1500,,93731
7911,,8000,,,,93687
7915,,,,1500,,93739
7916,,60000,,,,93742
7917,,,,1500,,93744
7919,,,,1500,,93760
7920,,,15000,,,93794
7921,,,15000,,,93803
7922,,,,1500,,93813
7923,,,,1500,,93815
7924,,,,1500,,93817
7925,,,,1500,,93818
7926,,,,1500,,93823
7927,,7000,,1500,,93833
7928,,,,1500,,93836
7929,,,,1500,,93837
7930,,,,1500,,93838
7931,,,,1000,,93861
7932,,10000,,,,93932
7933,,60000,,,,93933
7940,,,,1500,,94019
7941,,,,1500,,94022
7942,,,200,,,94068
7943,,,,500,,94069
7944,,,,1500,,94070
7945,,,20000,,,73854
7946,,,30000,,,87034
7947,,,1000,,,87030
7948,,,10000,,,80704
7951,,300000,300000,,,82626
7952,,,3000,3000,,68553
7953,,,3000,3000,,67054
7954,,3000,,,,93738
7955,,3000,,,,93752
7969,,6000,,,,93720
7971,,,,1500,,94366
7984,,1000,,,,78866
7991,,300000,300000,1500,,94548
7993,,1000,,,,80244
7997,,3000,,,,77839
7998,,,10000,10000,,86748
7999,,,,1500,,78640
8003,,,10000,,,93320
8004,,,2000,,,94654
8008,,,,1500,,94719
8009,,60000,,,,94826
8050,,,,1500,,94954
8051,,2000,,,,93561
8052,,2000,,,,93578
8053,,2000,,,,94968
8054,,2000,,,,93576
8059,,,10000,1500,,95061
8060,,,,1500,,88728
8062,,60000,,,,95185
8063,,,1000,,,95214
8064,,1000,,,,95216
8084,,1500,,,,95280
8085,,5000,,,,95323
8086,,4000,,,,95326
8088,,2000,,,,95347
8095,,,2000,,,51699
8096,,5000,,,,93695
8097,,,1000,,,72187
8098,,2000,,,,93629
8101,,2000,,,,93707
8104,,,,1500,,95463
8118,,,4000,,,72767
8120,,,6000,,,95746
8122,,,,1500,,95786
8123,,,,1500,,95787
8124,,10000,,,,80053
8128,,10000,,,,80157
8129,,,5000,,,76694
8130,,1000,,,,87770
8134,,,10000,,,89019
8135,,,,1500,,95909
8138,,,1500,,,64603
8140,,,,1500,,95918
8141,,,1500,,,95921
8143,,,,1500,,95925
8147,,,1500,,,85590
8154,,,3500,,,90102
8157,,,30000,,,65361
8158,,,1500,,,78811
8159,,,300000,,,96017
8161,,,3000,,,96026
8162,,,,1000,,49461
8163,,,,1000,,49345
8164,,,,1000,,49462
8167,,,,1500,,96089
8168,,,,1500,,96098
8169,,,,1500,,96114
8170,,,20000,,,74138
8173,,,8000,,,96116
8174,,,1500,,,89431
8175,,,,1500,,96154
8176,,,,1500,,77773
8177,,,,1500,,96175
8179,,,2000,,,96212
8182,,15000,,,,96231
8183,,,8000,,,96259
8191,,,,1500,,96333
8192,,,,1500,,96334
8193,,2000,,,,96345
8194,,,,1500,,96346
8197,,,35000,,,81953
8198,,,1000,,,96145
8199,,,1000,,,96146
8211,,,10000,,,96414
8212,,,,1500,,96416
8214,,,,1500,,96422
8217,,,,1500,,96440
8222,,8000,,,,96438
8223,,8000,,,,96461
8224,,6000,,,,96435
8229,,,,1500,,96562
8230,,,,1500,,96563
8231,,,,1500,,96571
8233,,,,1000,,93604
8234,,,,1000,,93593
8238,,,,1500,,96679
8239,,,500,,,96791
8241,,,250,,,96806
8242,,,,1500,,96817
8243,,,,1500,,96819
8246,,,,13000,,96849
8247,,,1000,1500,,96863
8249,,,1000,1500,,96866
8250,,,,1500,,96871
8251,,3000,,,,96423
8255,,,500,,,96961
8256,,1000,,,,96988
8257,,,1000,,,97012
8273,,1000,,,,97145
8274,,,,1500,,97153
8275,,,,1500,,97154
8276,,,,1500,,97156
8284,,,,1500,,96312
8285,,,3000,,,97240
8297,,,,1500,,97306
8300,,6000,,,,96682
8301,,6000,,,,96761
8302,,,1000,,,97324
8308,,,1800000,,,97394
8309,,,,1500,,97395
8310,,,,1500,,97396
8311,,,180000,,,97402
8312,,,,1500,,97425
8337,,,,1500,,97456
8338,,,180000,1500,,97462
8339,,,,1500,,97474
8344,,,15000,,,97498
8346,,,,1500,,97516
8347,,,5000,,,97517
8348,,45000,,1500,,97521
8349,,,1800000,,,97555
8350,,45000,,1500,,97557
8353,,,1500,,,97605
8354,,3000,,,,97627
8355,,3000,,,,97628
8356,,3000,,,,61603
8357,,,,1500,,97636
8358,,,,1500,,97637
8359,,,,1500,,97638
8360,,3000,,,,43429
8361,,3000,,,,43430
8363,,3000,,,,97640
8364,,,,1500,,97642
8365,,,,1500,,97667
8369,,90000,200000,,,97678
8370,,90000,200000,,,97679
8374,,120000,,,,97692
8376,,,1500,,,97709
8377,,,,1500,,97723
8378,,,3000,,,97753
8379,,,3000,,,97754
8380,,,3000,,,97755
8381,,,3000,,,97756
8382,,,3000,,,97757
8383,,,3000,,,97758
8385,,,,1500,,97779
8426,,,120000,1500,,97934
8431,,,,1000,,97676
8432,,,,1000,,97668
8433,,,,1000,,98008
8437,,,,1500,,98079
8442,,,,1500,,98098
8443,,15000,,,,98106
8444,,15000,,,,98110
8445,,,,1500,,98211
8446,,6000,,1500,,98213
8447,,8000,,,,98269
8448,,8000,,,,98270
8449,,60000,,,,98275
8456,,6000,,,,77840
8458,,,,1500,,98401
8467,,6000,,1500,,98439
8468,,,1800000,,,98445
8481,,,5000,,,98294
8483,,,15000,,,97202
8484,,,2000,,,98471
8485,,,,1500,,98571
8487,,,,1500,,98587
8489,,,,1500,,98716
8490,,,10000,,,98725
8491,,,,1500,,98736
8501,,,,1500,,56969
8503,,,20000,20000,,98919
8504,,6000,,1500,,98954
8506,,6000,,1500,,98985
8507,,6000,,,,82299
8510,,6000,,1500,,99003
8511,,6000,,1500,,99006
8512,,6000,,1500,,99008
8513,,6000,,1500,,99010
8515,,,,1500,,99062
8516,,,1000,1500,,99110
8517,,30000,,,,99114
8518,,,,1500,,99115
8519,,,1000,1500,,99120
8520,,1500,,,,99130
8521,,1500,,,,99133
8523,,,,1500,,99141
8524,,15000,35000,,,99107
8525,,15000,35000,,,99108
8526,,,35000,,,99109
8527,,,1000,1500,,99160
8528,,,1000,1500,,99161
8529,,,1000,1500,,99163
8530,,,1000,1500,,99164
8531,,,1000,1500,,99166
8532,,,1000,1500,,99167
8538,,,,2000,,88591
8539,,,,2000,,88592
8542,,,2000,,,98313
8547,,,1600,,,99421
8550,,,1000,,,99520
8551,,,1000,,,99521
8552,,,1000,,,99522
8553,,,1000,,,99523
8554,,,,1500,,99578
8555,,,1000,,,99588
8557,,,2000,,,99647
8558,,,,1500,,99663
8559,,,,1500,,99668
8560,,2000,,,,99693
8561,,,5000,,,99706
8562,,,1000,,,99727
8563,,5000,,,,99752
8564,,,300000,1500,,99762
8565,,300000,,,,99767
8566,,5000,,,,99781
8568,,,1500,,,62430
8570,,,15000,,,99822
8571,,5000,,,,99827
8572,,5000,,,,99830
8573,,7000,,,,99836
8574,,7000,,,,99839
8575,,,,1500,,99865
8576,,,2000,,,99934
8577,,,,1000,,99941
8578,,,2000,,,99974
8582,,,,1500,,100016
8583,,,300000,,,100030
8586,,,,1500,,100035
8587,,30000,,,,100058
8588,,,2000,,,100062
8589,,,3000,,,100068
8591,,,,3000,,100082
8593,,,,3000,,100078
8595,,,,3000,,100076
8597,,,,3000,,100080
8598,,,,3000,,100089
8599,,,,3000,,100090
8600,,,,3000,,100091
8601,,,,3000,,100092
8604,,,,1500,,100130
8611,,6000,,,,100169
8612,,,,1500,,100202
8613,,,,1500,,100203
8614,,,,1500,,100204
8615,,,,1500,,100205
8619,,,,1500,,100330
8620,,,3000,,,100338
8621,,,3000,,,100339
8622,,,,1500,,97423
8627,,2000,,,,100431
8630,,,,1500,,100516
8631,,,,1500,,100537
8632,,,,1500,,100576
8636,,,,1500,,100677
8637,,,,1500,,100684
8639,,,,1500,,100694
8641,,,,1500,,100764
8642,,,,1500,,100765
8644,,,,1500,,100780
8646,,3000,,1500,,100784
8648,,5000,,,,100795
8649,,90000,,1500,,100804
8650,,,,1500,,100805
8657,,30000,,,,100913
8659,,,10000,,,100951
8660,,,,1500,,100959
8661,,,,1500,,100970
8664,,,,1500,,100980
8666,,15000,,,,96920
8668,,,,1500,,101048
8671,,,,1500,,101152
8672,,7000,,,,75146
8673,,7000,,,,75142
8674,,7000,,,,75144
8675,,7000,,,,75145
8676,,7000,,,,75141
8689,,,3600000,,,101184
8694,,,,500,,97128
8698,,,10000,,,101259
8699,,,1500,1500,,97241
8701,,,,1500,,101363
8702,,,,1500,,101378
8705,,,,1500,,101399
8706,,3000,,,,101411
8707,,,,1500,,101424
8711,,,,1500,,101493
8712,,,250,,,101498
8713,,,1800000,,,101500
8724,,,30000,1000,,101545
8725,,,,1500,,101546
8726,,8000,,,,101567
8727,,10000,,,,101517
8728,,3000,,,,101412
8729,,3000,,,,101404
8730,,,1000,,,101604
8731,,,,1500,,101606
8735,,,2000,,,101612
8737,,,10000,,,101639
8739,,,10000,1500,,101643
8740,,,,1500,,101650
8742,,,,15000,,101680
8743,,,,3000,,101119
8744,,,6000,,,98757
8745,,,,1500,,101733
8746,,,,1500,,101812
8747,,,,1500,,101816
8754,,,7000,7000,,99332
8756,,,1000,,,100713
8759,,,1000,,,101872
8760,,10000,,,,101910
8763,,30000,,,,32134
8765,,10000,,,,101938
8768,,,,1500,,101986
8769,,,,1500,,101989
8776,,,,1500,,102046
8777,,,,1500,,102048
8779,,,2000,,,102058
8782,,3000,,,,102063
8783,,3000,,,,101888
8784,,3000,,,,101919
8785,,,1500,,,82563
8787,,,2000,,,102121
8788,,20000,,,,99526
8799,,3000,,,,102257
8800,,3000,,,,102259
8801,,,,1500,,102263
8802,,,,1500,,102265
8803,,,,1500,,102266
8804,,10000,,,,101942
8805,,10000,,,,101945
8807,,,20000,,,102274
8808,,,30000,1500,,102280
8809,,,1000,,,102292
8810,,,6000,,,102297
8811,,,20000,,,102303
8813,,,10000,,,102314
8815,,,,1500,,102317
8818,,,90000,,,102342
8820,,,30000,1500,,102351
8822,,,,1500,,102353
8824,,,30000,1500,,102359
8826,,1000,,,,102356
8827,,,600000,,,102362
8828,,,600000,,,102365
8829,,,,1000,,102381
8831,,15000,15000,,,102383
8834,,15000,15000,,,102401
8835,,,,1500,,102405
8836,,15000,15000,,,102416
8837,,15000,15000,,,102417
8840,,,,1500,,101817
8841,,,,1500,,101811
8842,,30000,,,,102444
8843,,,,1500,,101820
8844,,13000,,,,102463
8846,,,,1500,,102482
8847,,180000,180000,,,102543
8851,,,6000,,,102547
8852,,180000,180000,,,102558
8857,,,,1500,,102598
8858,,,,1500,,102599
8859,,,,1500,,102600
8860,,,,1500,,102601
8861,,4500,,,,102647
8862,,4500,,,,102648
8863,,4500,,,,102649
8869,,,1600,,,102717
8875,,12000,,,,98703
8878,,,1000,,,102790
8880,,,60000,1500,,102793
8892,,,,1000,,102925
8894,,,,1000,,102967
8895,,,,1500,,102975
8897,,,,30000,,102953
8905,,,,1500,,103074
8907,,,,1500,,103076
8909,,,,1500,,103125
8915,,5000,,,,103236
8916,,,20000,,,103254
8917,,,3000,,,103124
8926,,5000,5000,,,103527
8927,,,,1500,,103544
8928,,,,1500,,103549
8930,,,,1500,,103588
8932,,,6000,,,103633
8933,,,,1000,,103690
8934,,850,,,,103693
8935,,850,5000,,,103695
8936,,850,15000,,,103696
8941,,,,1500,,103859
8943,,10000,,,,101625
8946,,,,1500,,103947
8953,,5000,5000,,,104002
8955,,,2000,,,104005
8967,,,,1500,,104047
8969,,,,1500,,104049
8970,,5000,,,,104050
8994,,,10000,,,104238
8996,,,20000,1500,,104316
8998,,,,1500,,104322
8999,,10000,,,,103946
9001,,,2000,,,104380
9002,,6000,,,,104448
9003,,,1000,,,104463
9004,,,3000,,,104473
9021,,,12000,,,104527
9022,,,2000,,,104529
9023,,,2000,,,104530
9024,,,2000,,,104531
9025,,,2000,,,104532
9026,,,2000,,,104533
9027,,,2000,,,104535
9028,,,2000,,,104536
9029,,,2000,,,104538
9030,,,2000,,,104539
9044,,3000,,,,103434
9055,,1000,,,,104717
9056,,1000,,,,104718
9057,,10000,20000,,,103888
9058,,600000,,,,104625
9059,,,180000,,,104773
9061,,,,1500,,104849
9062,,12000,,,,104905
9065,,,6000,,,105002
9066,,,20000,1000,,105013
9070,,3000,,,,105033
9078,,3000,,,,105048
9080,,,,1500,,105122
9082,,,2000,,,105114
9083,,,2000,,,105115
9085,,,,1500,,105228
9087,,,,1500,,105287
9094,,,3000,,,105370
9095,,,10000,,,105383
9096,,,8000,1500,,105355
9097,,,3000,,,105382
9098,,,,1500,,105416
9102,,,10000,,,105486
9103,,,20000,,,105497
9104,,10000,,,,105505
9106,,1500,,,,105571
9107,,,60000,,,105588
9110,,,,1500,,105633
9111,,5000,,1500,,105671
9114,,1000,,,,105697
9115,,60000,,,,105698
9116,,60000,,,,105702
9117,,60000,,,,105704
9118,,1000,,,,105706
9120,,60000,,,,105709
9121,,,10000,,,105447
9135,,,3000,3000,,105759
9137,,,300000,,,105914
9139,,22000,,,,105828
9140,,8000,,,,105065
9141,,8000,,,,104936
9142,,,4000,,,105999
9151,,,3000,3000,,106219
9152,,,1500,,,106243
9153,,,1500,,,106263
9154,,,1500,,,106266
9155,,,1500,,,106276
9160,,,5000,,,106108
9184,,,,1500,,106459
9185,,,30000,,,106466
9186,,,1500,,,106599
9187,,12000,,,,106626
9190,,,,1500,,106740
9191,,,5000,,,106752
9192,,,20000,,,106751
9193,,,,1000,,106785
9194,,,3000,,,106795
9198,,,6000,1000,,106830
9199,,15000,,,,106839
9200,,7000,,,,106853
9201,,7000,,,,106454
9202,,7000,,,,106434
9210,,1000,,,,106823
9213,,3000,,,,106826
9215,,7000,,,,106865
9218,,120000,,1500,,106898
9227,,,5000,,,106918
9230,,1500,,,,106925
9233,,180000,180000,,,106951
9235,,,,1500,,106966
9238,,,1500,,,106696
9239,,8000,,,,106400
9247,,,4000,,,107020
9252,,,10000,,,46368
9253,,,120000,1000,,107079
9254,,,,1500,,107082
9255,,,,1500,,107096
9256,,,,1500,,107100
9257,,,,1500,,107101
9258,,20000,,1500,,107102
9259,,,,1500,,107104
9260,,,,1000,,107105
9261,,,,1500,,107116
9262,,,,5000,,80690
9263,,,3000,,,97187
9264,,,3000,,,100052
9302,,,3000,,,107200
9349,,,,1500,,107428
9351,,,90000,,,107574
9352,,,2000,,,102268
9354,,8000,,,,107796
9358,,3000,,,,107831
9369,,,60000,,,30024
9370,,5000,,,,101613
9371,,2000,,,,107918
9373,,,5000,,,107933
9374,,,60000,,,107990
9375,,,180000,,,107883
9376,,,180000,,,107863
9378,,,180000,,,107882
9379,,,20000,1500,,108126
9380,,,500,,,108129
9381,,,1000,,,108156
9386,,,60000,,,108201
9387,,,45000,1500,,108194
9388,,,90000,1500,,108199
9390,,,35000,,,108206
9392,,3000,,,,108218
9393,,,90000,,,108238
9394,,,5000,,,108229
9395,,,10000,,,108287
9397,,300000,300000,1500,,108291
9398,,300000,300000,1500,,108292
9399,,300000,300000,1500,,108293
9400,,300000,300000,1500,,108294
9417,,,120000,,,108359
9419,,,60000,,,108416
9427,,,,1500,,108446
9433,,3000,,,,108474
9438,,,800,,,107427
9439,,90000,,,,108501
9440,,,30000,1500,,108503
9453,,12000,,,,108610
9462,,,1600,,,108699
9465,,,1000,,,108803
9469,,,500,,,108853
9473,,5000,,1500,,108922
9484,,,300000,,,108968
9489,,1000,60000,,,108978
9490,,10000,,,,108955
9491,,10000,,,,108938
9501,,,,1000,,109079
9502,,,,1000,,109080
9504,,,800,,,109131
9505,,,800,,,109132
9514,,,45000,,,85499
9516,,,25000,,,108843
9519,,,60000,,,108273
9520,,,180000,1000,,108270
9521,,,120000,,,108271
9522,,8000,,,,103571
9523,,,120000,,,108281
9524,,,180000,1000,,108280
9525,,,5000,5000,,108584
9527,,,5000,5000,,108651
9530,,,5000,5000,,108650
9534,,,500,500,,89828
9537,,,,4000,,107594
9538,,1500,,,,109396
9540,,10000,,,,109464
9561,,,5000,,,109197
9562,,,5000,,,109199
9563,,,1500,,,109666
9567,,,3000,,,108175
9576,,,20000,1000,,109772
9582,,3000,,,,109851
9583,,3000,,,,109854
9585,,,,1500,,101845
9586,,,,1500,,101847
9587,,,,1500,,101993
9588,,,,1500,,101992
9591,,,20000,,,109935
9592,,,90000,,,109964
9598,,,,1500,,110029
9599,,5000,,,,109196
9600,,5000,,,,109664
9601,,5000,,,,109673
9602,,8000,,,,109886
9603,,5000,,,,109892
9604,,5000,,,,109901
9605,,,3000,,,110027
9608,,8000,,,,109988
9609,,1500,,,,110102
9610,,8000,,1500,,110117
9612,,5000,,,,110123
9623,,3000,,,,110290
9624,,3000,,,,110291
9625,,3000,,,,110294
9626,,1500,,,,110297
9632,,,1500,,,110169
9633,,,250,,,110410
9634,,5000,,,,110326
9635,,,1500,,,110514
9638,,,300000,300000,,110553
9658,,,1000,,,110653
9659,,,5000,5000,,110225
9663,,,,1500,,110695
9665,,,1500,,,110697
9676,,,60000,60000,,110751
9677,,,60000,60000,,110752
9678,,8000,,,,110780
9687,,,10000,1500,,110896
9688,,,10000,1500,,110897
9694,,,1000,,,110946
9695,,,3000,,,110952
9696,,,120000,1500,,110959
9710,,,500,,,111123
9712,,,,1000,,111240
9713,,,5000,,,111242
9746,,,5000,,,111418
9766,,,1000,1000,,111446
9776,,,,1500,,111580
9787,,,10000,,,111626
9790,,,500,,,111666
9791,,,,1500,,111673
9799,,3000,,,,111847
9800,,6000,,,,111813
9802,,5000,,,,111801
9803,,90000,,1500,,111859
9804,,,120000,1500,,111898
9805,,10000,,,,111899
9806,,90000,,1500,,111897
9807,,90000,,1500,,111896
9808,,90000,,1500,,111895
9809,,,,1500,,111922
9810,,,,1500,,111923
9839,,,,1500,,112042
9841,,20000,180000,,,12975
9849,,60000,,1500,,84714
9851,,,30000,1500,,112833
9853,,,,1500,,112866
9854,,,,1500,,112867
9855,,,,1500,,112868
9856,,,,1500,,112869
9857,,,,1500,,112870
9866,,1500,,,,112911
9867,,,,1500,,112918
9868,,180000,180000,1500,,112921
9869,,180000,,1500,,112927
9870,,,,1500,,112929
9877,,15000,30000,,,112992
9878,,,,1500,,112994
9881,,1000,,,,112996
9891,,,500,500,,108554
9892,,5000,,,,113021
9893,,,30000,1500,,107570
9894,,,2000,2000,,111595
9896,,,800,,,113053
9902,,,600000,,,113095
9903,,,5000,,,113142
9904,,,600000,1500,,113143
9908,,,30000,1000,,113190
9941,,,5000,,,113352
9972,,,800,1000,,113512
10009,,,24000,1000,,113656
10010,,,1500,,,113687
10013,,,,1500,,113712
10014,,45000,,1500,,113724
10016,,,30000,,,113703
10017,,,1000,,,113684
10027,,8000,,,,113764
10028,,,120000,,,113860
10039,,5000,,,,113808
10040,,,,1500,,113966
10042,,,360000,1000,,114018
10044,,5000,,,,114016
10045,,3000,3000,3000,,114019
10047,,,1500,,,114033
10048,,,120000,,,114030
10051,,,180000,,,114049
10052,,,180000,1500,,114050
10054,,,180000,1500,,114052
10055,,20000,,1500,,114061
10056,,9000,,,,114062
10062,,,,1500,,114090
10064,,600000,,1500,,20707
10065,,,,1500,,114117
10067,,,1000,1000,,114147
10070,,,60000,1500,,114158
10071,,,,1500,,114160
10074,,,45000,1500,,114165
10078,,,10000,1500,,111771
10083,,,6000,6000,,114208
10087,,3000,,,,114241
10088,,,,1500,,88423
10089,,,,1500,,114282
10090,,,5000,,,114297
10094,,,,1500,,114330
10097,,,,1500,,114401
10103,,,,1500,,114479
10104,,6000,,,,114480
10106,,,100,,,114505
10112,,10000,,,,114563
10114,,,60000,60000,,114619
10116,,,60000,60000,,114612
10121,,5000,,,,114646
10122,,5000,,1500,,114650
10124,,,45000,1500,,109248
10125,,,,1500,,114569
10128,,,,1500,,114683
10129,,,,1000,,114687
10130,,,1000,1500,,22842
10139,,5000,,,,114706
10145,,5000,,1500,,114718
10148,,5000,,1500,,114745
10155,,1000,,,,114780
10157,,5000,,1500,,114789
10159,,5000,,1500,,114792
10163,,,,1500,,114826
10164,,5000,,,,114495
10165,,4000,,,,114807
10168,,,20000,1500,,114852
10169,,,20000,1500,,114862
10172,,,20000,1500,,114870
10173,,,20000,1500,,114871
10174,,,,1500,,77130
10179,,,,1500,,114923
10181,,600000,,,,114967
10182,,,2000,,,114968
10183,,8000,,,,114965
10195,,5000,,,,115006
10197,,4000,,,,115007
10198,,3000,,,,115030
10199,,5000,5000,5000,,115038
10200,,3000,,,,115040
10201,,5000,,,,115041
10203,,3000,,,,115054
10205,,5000,,,,115062
10206,,,2000,,,115063
10207,,,,1000,,115072
10209,,45000,,1500,,115078
10210,,,120000,1500,,115080
10211,,,,1500,,111400
10212,,5000,,,,115082
10213,,5000,,,,115087
10214,,,1500,,,115092
10223,,5000,,,,115132
10226,,,,1500,,115155
10231,,,300000,,,115176
10232,,,,1500,,115178
10233,,,,1000,,115180
10234,,,15000,1000,,115181
10235,,,2000,,,115191
10237,,,360000,,,115203
10243,,,10000,1500,,115236
10244,,,,1500,,115264
10245,,,10000,,,115276
10248,,,60000,,,115288
10249,,,,1500,,115294
10255,,,1000,1500,,115310
10257,,,10000,1500,,115313
10258,,,10000,1000,,115315
10261,,,500,,,115347
10262,,,,1500,,115356
10263,,,,1500,,115369
10264,,3000,,,,115363
10265,,3000,,,,115358
10267,,1000,,,,115394
10272,,6000,,,,115423
10273,,6000,,,,115417
10274,,2000,,,,115436
10275,,,30000,,,115437
10277,,,,1500,,115450
10279,,5000,,,,115455
10283,,5000,,,,115438
10287,,4000,,,,115530
10288,,5000,,,,115510
10289,,25000,40000,,,112956
10291,,,8000,,,115546
10292,,,1000,,,115503
10293,,5000,,,,115549
10294,,,1000,,,115591
10295,,,250,,,115600
10297,,5000,,,,115620
10298,,5000,,,,115083
10300,,5000,,,,115619
10301,,,,1000,,115625
10302,,9000,,,,115627
10303,,,,1000,,114014
10304,,5000,,,,115632
10305,,5000,,,,115639
10306,,5000,,,,115355
10307,,1000,,,,115641
10308,,1000,,,,115645
10309,,3000,,,,115656
10311,,3000,,,,115678
10320,,,,1500,,115716
10322,,7000,,,,115734
10324,,,,500,,115746
10325,,,,1000,,115748
10326,,,90000,1500,,115750
10329,,,,1500,,115759
10331,,3000,,,,115680
10332,,3000,,,,115744
10333,,3000,,,,115761
10334,,3000,,,,115754
10335,,,6000,,,115770
10336,,,,1000,,115778
10337,,24000,24000,,,115781
10338,,,5000,,,115785
10340,,,5000,,,115794
10341,,,,1500,,115805
10342,,,,1500,,115806
10343,,,45000,,,115831
10345,,5000,,,,115838
10346,,5000,,,,115848
10347,,5000,,,,115821
10348,,3000,,,,115850
10349,,5000,,,,115853
10350,,5000,,,,115871
10351,,5000,,,,115874
10352,,,1500,,,114035
10354,,,2000,,,114038
10355,,3600000,,1500,,115876
10356,,500,,,,115857
10358,,5000,,,,115385
10359,,5000,,,,115908
10365,,5000,,,,115949
10367,,5000,,,,115959
10368,,,1000,,,115961
10369,,,45000,1500,,115989
10371,,5000,,,,115997
10372,,5000,,,,116007
10373,,5000,,,,116010
10374,,5000,,,,116013
10375,,,10000,1500,,116011
10376,,5000,,,,116026
10377,,,,1500,,116032
10384,,,,1500,,116066
10385,,,3000,,,116069
10386,,500,500,,,116073
10387,,500,10000,,,116075
10388,,,,1500,,116095
10389,,,1500,,,116111
10390,,,1000,,,116119
10391,,5000,,,,116121
10392,,5000,,,,114272
10393,,5000,,,,116128
10394,,,,1500,,116130
10396,,5000,,,,114974
10397,,,60000,,,116159
10398,,5000,,,,116160
10399,,5000,,,,114006
10406,,5000,,,,116187
10409,,5000,,,,116192
10410,,5000,,,,116217
10415,,5000,,,,116258
10416,,5000,,,,116273
10420,,3000,,,,116293
10422,,3000,,,,116319
10424,,1000,,,,116337
10425,,1000,,,,116338
10426,,1000,,,,116339
10427,,1000,,,,116340
10428,,1000,,,,116341
10430,,,,1000,,116356
10431,,,,5000,,116357
10434,,,,1500,,116406
10435,,,1000,1000,,116408
10437,,,,1000,,116465
10439,,,,1000,,116470
10441,,,1200000,,,116484
10442,,3000,,,,116489
10443,,1000,,,,116506
10444,,1000,,,,116480
10445,,,1000,,,116533
10446,,,8000,,,116543
10447,,3000,,,,114140
10448,,3000,,,,114144
10453,,,,1500,,116670
10455,,,5000,,,116671
10457,,,15000,,,116705
10458,,3000,,,,116710
10459,,3000,,,,116715
10460,,,,1000,,108196
10463,,3000,,,,116725
10464,,3000,,,,115153
10466,,,3000,,,116809
10468,,7000,,,,116830
10469,,,30000,1500,,116841
10471,,,45000,1500,,116844
10472,,,6000,1500,,116847
10473,,,750,,,116849
10475,,,,1500,,116858
10485,,13000,,,,116960
10486,,,,1500,,116974
10492,,4000,,4000,,116972
10493,,3500,,3500,,116971
10494,,3500,,3500,,116968
10495,,,180000,1500,,108285
10504,,6000,,,,117215
10505,,6000,,,,117218
10506,,6000,,,,117219
10507,,6000,,,,117222
10508,,10000,,,,117227
10509,,10000,10000,10000,,117241
10510,,10000,,,,117309
10512,,,,1500,,117312
10513,,,,1000,,117401
10514,,,,1500,,117406
10519,,,,1500,,117467
10524,,5000,,,,114997
10530,,,10000,,,117623
10531,,,15000,,,117671
10532,,,3000,,,117677
10534,,5000,,,,117720
10536,,,,1500,,117765
10538,,,600000,,,117771
10539,,,,1500,,117779
10540,,5000,5000,5000,,116805
10542,,8000,,,,117830
10543,,3000,,,,114994
10544,,3000,,,,115973
10545,,3000,,,,115957
10546,,3000,,,,116004
10547,,3000,,,,115814
10548,,10000,,,,117860
10550,,,,1500,,117882
10553,,20000,,,,117913
10555,,,,1500,,117931
10556,,,,1500,,117933
10557,,,,1500,,117934
10558,,,,1500,,117952
10559,,,90000,,,117962
10560,,10000,,,,117975
10561,,,5000,5000,,115562
10562,,,,1500,,107520
10563,,10000,,,,117986
10564,,,30000,1500,,118000
10566,,,120000,1500,,118009
10567,,,120000,,,118038
10568,,5000,,,,118072
10570,,16000,,,,118077
10575,,,,1500,,118228
10577,,4000,,,,118275
10580,,10000,,,,118045
10581,,8000,,,,118088
10582,,,,1500,,118301
10584,,,3000,,,115730
10585,,,3000,,,116922
10586,,,3000,,,116936
10587,,,3000,,,116938
10588,,,3000,,,118194
10589,,,3000,,,118197
10590,,,60000,,,117588
10591,,,60000,,,118337
10593,,,40000,,,118345
10595,,,5000,,,36213
10609,,2500,,,,116969
10610,,,8000,1500,,118400
10611,,,,1500,,118413
10612,,,,1500,,118414
10613,,,,1500,,118417
10614,,,,1500,,118418
10615,,,,1500,,118419
10617,,,5000,,,118465
10622,,,,1500,,117014
10623,,,,1500,,118525
10625,,4000,,,,118533
10626,,4000,,,,118570
10632,,,10000,,,118638
10634,,,30000,1000,,51485
10637,,,55000,,,115817
10643,,,30000,1500,,118779
10644,,2000,,,,118783
10671,,120000,,,,118968
10672,,5000,,,,118969
10673,,,10000,,,118297
10679,,,20000,1000,,119090
10739,,5000,,,,119354
10740,,,60000,1500,,119381
10741,,,30000,1500,,119392
10744,,5000,,,,119420
10745,,,10000,,,64231
10748,,,10000,1000,,119431
10749,,,20000,1000,,119432
10756,,8000,,,,119535
10757,,8000,,,,119547
10759,,3000,,,,119583
10769,,2000,,,,119541
10773,,27000,,,,117519
10779,,,,1000,,119743
10780,,,,1000,,119033
10786,,5000,,,,119875
10788,,,30000,,,119899
10793,,24000,24000,,,119911
10794,,,25000,,,119913
10796,,,45000,,,119915
10797,,120000,,1000,,119920
10798,,,,1000,,119975
10799,,,,1500,,119980
10803,,,45000,1500,,119996
10804,,,180000,,,105809
10806,,5000,,,,120024
10807,,5000,,,,119999
10810,,,,1500,,120065
10812,,30000,30000,30000,,120072
10814,,5000,,,,120096
10815,,5000,,,,120093
10818,,,3000,,,120109
10820,,,,1500,,120145
10821,,,60000,1500,,120146
10823,,5000,,,,119902
10824,,5000,,,,119903
10833,,,1000,,,120285
10836,,15000,,,,120327
10837,,15000,,,,120328
10840,,,20000,1500,,120360
10848,,,,5000,,120352
10849,,7000,,1500,,120442
10854,,8000,,,,120467
10858,,7000,,1500,,120487
10859,,,,1500,,120501
10860,,,,1500,,120502
10861,,,,1500,,120507
10862,,15000,,1500,,110744
10863,,,,1500,,120512
10864,,60000,,1500,,120517
10865,,,,1500,,120524
10873,,,2000,,,120550
10875,,,,1000,,120560
10876,,,,1500,,120595
10881,,60000,,1500,,120644
10886,,4000,,,,120669
10887,,8000,,,,120458
10889,,,,5000,,120753
10891,,,,1500,,120788
10899,,,5000,5000,,120842
10906,,5000,,,,110099
10909,,,3000,,,120754
10935,,,120000,,,121093
10941,,10000,10000,1000,,121118
10970,4,,,1500,,65546
10971,6,,,1000,,65546
10973,4,,,1000,,65800
10974,6,,,,,65819
10975,5,,5000,1500,,65856
10976,6,,5000,1500,,65856
10977,6,6000,,1500,,65926
10978,6,10000,,,,65927
10979,6,,20000,,,66017
10980,6,,,1000,,66056
10981,6,,15000,1500,,66115
10983,4,,,1000,,66116
10984,5,,,1500,,66116
10986,6,,20000,1000,,66178
10988,4,2000,,,,66197
10989,5,2000,,,,66197
10991,,25000,,1500,,121135
10996,,,,1500,,121165
10998,,,8000,1500,,121183
11000,,,1000,1000,,121253
11001,,,5000,,,121254
11006,,,200,200,,121298
11007,,,,1500,,121299
11008,,,6000,,,121307
11015,,,24000,,,19647
11068,,,90000,,,121471
11069,,5000,,,,121484
11081,,,1000,,,121490
11082,,,1000,,,121527
11083,,,,1500,,121536
11084,,,,1500,,121547
11085,,,300000,2000,,121548
11090,,,20000,1500,,121551
11091,,,20000,1500,,121552
11101,,3000,,,,121580
11102,,,,1500,,121601
11302,6,,,2000,,65800
12952,,60000,,,,121717
12963,,,,1000,,56814
12970,,,300000,1000,,121818
12993,,7000,,1500,,121900
12994,,,,1500,,121925
12995,,,3000,,,121915
12997,,,,1000,,121936
12998,,,60000,1000,,121948
12999,,,,1000,,121903
13000,,,,1500,,105174
13002,,7000,,1500,,121979
13003,,,,15000,,122009
13107,,5000,5000,5000,,122080
13111,,,,1500,,122118
13112,,15000,,1500,,122121
13114,,,10000,,,122134
13115,,5000,,,,122142
13116,,5000,,,,122145
13117,,,5000,,,122153
13118,,,,1500,,122160
13119,,,3000,,,122177
13120,,,60000,,,122158
13122,,,3000,,,122187
13123,,,3000,,,122188
13126,,,120000,,,122278
13139,,,6000,,,122389
13140,,,6000,,,122395
13141,,,1500,,,122397
13143,,,,1500,,122224
13146,,,6000,,,122402
13148,,,,1500,,122411
13149,,2000,20000,,,121966
13150,,6000,,,,122167
13151,,3000,,,,122462
13152,,,90000,,,122470
13153,,,1500,,,118927
13154,,,,1500,,122485
13155,,,,1500,,122487
13157,,,,1500,,122489
13158,,,,1500,,122490
13159,,,30000,,,122506
13160,,20000,180000,,,122507
13161,,,1500,,,122531
13162,,,,500,,122542
13165,,,120000,,,122710
13166,,8000,,,,122719
13167,,,,1500,,122748
13168,,2000,,,,122750
13169,,2000,,,,122751
13177,,,1000,,,122779
13178,,,90000,,,122783
13179,,,1000,,,122796
13180,,,,1500,,122801
13181,,10000,10000,1000,,122802
13182,,10000,10000,1000,,122804
13183,,10000,10000,1000,,122806
13184,,10000,10000,1000,,122807
13185,,,,1500,,122808
13186,,10000,10000,1000,,122809
13187,,10000,10000,1000,,122811
13189,,,,1500,,122814
13191,,,,45000,,122844
13192,,,,1500,,122847
13193,,,120000,,,122860
13194,,30000,,1500,,122861
13196,,,,1500,,122865
13197,,,,1500,,122866
13198,,,,1500,,122867
13199,,,,1500,,122868
13200,,,,1500,,122869
13201,,,,1500,,122870
13202,,,,1000,,122876
13203,,,,1500,,122878
13204,,,,1000,,122879
13205,,,,1000,,122880
13206,,,,1500,,122882
13207,,,,1500,,122883
13208,,,,1500,,122885
13209,,,,1500,,122886
13210,,,,1500,,122892
13211,,,,1500,,122893
13212,,10000,,,,111850
13213,,40000,,,,122440
13214,,40000,,,,122444
13215,,40000,,,,122448
13216,,40000,,,,122454
13217,,40000,,,,122474
13218,,40000,,,,122479
13219,,40000,,,,122496
13220,,40000,,,,122497
13221,,40000,,,,122513
13222,,40000,,,,122514
13227,,,10000,,,122950
13232,,10000,,,,122933
13233,,5000,,,,122761
13234,,,30000,,,122972
13236,,,,1500,,122979
13242,,60000,,1500,,123040
13245,,,,1000,,123063
13246,,,,1500,,123131
13248,,,1500,,,123148
13249,,,,60000,,123155
13250,,,1500,,,123156
13251,,,2000,,,123164
13254,,,20000,,,122747
13256,,20000,,,,123203
13257,,,10000,,,118249
13258,,,,1500,,123212
13259,,,,1500,,123214
13262,,20000,,,,123247
13268,,,,1500,,123302
13269,,,120000,,,117686
13270,,,500,,,123353
13271,,,500,,,123355
13272,,,500,,,123356
13274,,,,1000,,123362
13275,,,,1000,,123367
13276,,,500,,,123375
13277,,,500,,,123380
13279,,,,1000,,123389
13282,,,,1500,,123419
13283,,,60000,,,123421
13284,,,30000,1500,,123434
13285,,,,1000,,123435
13286,,,,1000,,123436
13287,,,20000,1000,,123437
13288,,,500,,,123445
13289,,,500,,,123451
13294,,10000,,,,122982
13295,,2000,,,,123173
13298,,,,1000,,123486
13299,,20000,,,,123511
13300,,,500,,,123516
13301,,,500,,,123522
13302,,,500,,,123524
13305,,,,1000,,123537
13307,,,500,,,123548
13308,,,500,,,123549
13310,,,,1000,,123566
13311,,,,1000,,123567
13313,,,500,,,123570
13314,,,500,,,123571
13317,,,500,,,114591
13318,,,,1500,,123648
13320,,,,1500,,123654
13325,,,,1500,,123691
13326,,,25000,1000,,123693
13327,,10000,,10000,,119981
13328,,20000,,20000,,120100
13329,,10000,,10000,,120167
13330,,10000,,10000,,120194
13331,,40000,,,,123721
13332,,40000,,,,123722
13333,,,,1000,,123725
13334,,1500,,,,123735
13337,,,,1000,,123744
13340,,,500,,,123771
13347,,,,1500,,123778
13348,,,,1500,,123784
13349,,,1000,,,123786
13355,,,30000,,,123495
13359,,12000,,,,113806
13366,,,500,,,123895
13367,,1500,,,,104596
13369,,,120000,1000,,123904
13370,,,1500,,,114653
13371,,,1500,,,118984
13372,,5000,5000,5000,,123913
13373,,5000,,,,123914
13374,,,3000,,,123931
13375,,5000,,,,123938
13376,,5000,,,,123940
13377,,5000,,,,123941
13378,,3000,,,,116845
13379,,4000,,,,116886
13380,,,,1500,,123954
13381,,,,1500,,123958
13383,,,30000,1500,,123986
13385,,5000,40000,,,123985
13387,,,,1500,,124000
13388,,,1500,,,119718
13389,,,,1500,,124004
13390,,,5000,1000,,124007
13391,,2000,,,,123997
13392,,5000,13000,,,124015
13394,,,,1500,,124028
13395,,,,1500,,124030
13397,,,,1500,,124036
13399,,5000,,,,124048
13400,,15000,15000,15000,,124079
13401,,,30000,1500,,124081
13402,,2000,2000,2000,,124082
13403,,,1000,,,124106
13404,,,,1500,,124107
13407,,,,1500,,124139
13408,,,,1500,,124140
13410,,2000,,,,114873
13411,,2000,,,,114872
13412,,,,1500,,124152
13413,,3000,,,,124156
13414,,3000,,,,124071
13415,,5000,,,,124172
13416,,5000,,,,119346
13417,,,,1000,,124200
13418,,5000,,,,124253
13419,,,6000,,,124256
13420,,,1000,,,124282
13421,,,1000,,,124281
13423,,2000,,,,124284
13424,,,1000,,,124298
13425,,,1000,,,124299
13426,,5000,,,,124289
13427,,5000,,,,124297
13430,,,3000,3000,,124323
13431,,,3000,3000,,124329
13432,,12000,,,,124277
13433,,,120000,,,124385
13434,,,6000,,,124435
13436,,6000,,,,124389
13438,,,,1500,,124660
13439,,15000,,,,124666
13440,,8000,,,,124678
13441,,,,1500,,124682
13442,,10000,,,,124683
13445,,4000,,,,124690
13446,,,,1500,,124692
13477,,,3000,,,120105
13481,,,,1500,,124793
13486,,,,1500,,124797
13488,,5000,,,,122149
13489,,,20000,,,124828
13492,,4000,,,,124847
13493,,3000,,,,124850
13494,,9000,,,,122406
13496,,2000,,,,124859
13507,,,1000,,,124927
13508,,15000,,,,124860
13509,,5000,,,,124854
13510,,5000,,10000,,124935
13511,,,5000,,,124944
13512,,5000,,,,124946
13514,,,,1500,,124956
13516,,,90000,,,124974
13517,,,,1500,,124975
13519,,5000,,5000,,122852
13520,,5000,,,,124980
13521,,3000,,,,124976
13525,,,,2000,,125010
13527,,,,1500,,125021
13530,,,,1500,,125048
13532,,,,1500,,125050
13538,,500,500,500,,125055
13539,,,,1500,,125056
13542,,,,1000,,125099
13543,,20000,,,,125149
13544,,,8000,1000,,125150
13545,,,,600000,,125183
13548,,,,1500,,125204
13549,,5000,,,,125212
13553,,5000,,,,125241
13556,,1000,,,,125282
13557,,,,1500,,125290
13559,,4000,,,,125323
13561,,4000,,,,125343
13562,,4000,,,,125350
13563,,4000,,,,125353
13564,,12000,,,,125363
13565,,3000,,,,125311
13566,,2000,,,,125365
13569,,7000,,,,125370
13570,,3000,,,,125373
13571,,5000,,,,125398
13573,,,1000,,,125452
13575,,6000,,,,125480
13577,,5000,,,,125623
13579,,3000,,,,125624
13581,,,1000,,,125644
13582,,,,1500,,125646
13583,,2000,,,,125450
13584,,2000,,,,125645
13585,,,,1500,,125662
13586,,,,1500,,125665
13599,,480000,,,,125439
13602,,,1000,,,125475
13603,,,8000,,,125476
13604,,2000,,,,125720
13606,,2000,,,,125734
13607,,,5000,,,125700
13608,,,,1000,,125759
13614,,,1500,,,115079
13615,,10000,,,,125809
13616,,2000,,,,125825
13617,,6000,,,,125911
13618,,,5000,,,125923
13620,,,,1000,,125930
13623,,,120000,,,125957
13625,,5000,,,,125978
13626,,15000,,,,125980
13627,,5000,,,,125983
13630,,8000,,,,125997
13631,,4000,,,,125985
13632,,4000,,,,125987
13633,,5000,,,,126005
13634,,,30000,,,126009
13636,,3000,,,,126014
13637,,5000,,,,126015
13639,,12000,,,,126011
13640,,5000,,,,126026
13642,,2000,,,,126031
13643,,5000,,,,126037
13644,,5000,,,,126062
13645,,5000,,,,126063
13646,,5000,,,,126064
13647,,5000,,,,126066
13648,,,,1500,,126070
13649,,5000,,,,126072
13650,,5000,,,,126075
13651,,7000,,,,126108
13653,,5000,,,,126112
13654,,5000,,,,126117
13655,,,,1000,,126118
13657,,5000,,,,126120
13658,,,6000,1500,,126123
13659,,8000,,,,126128
13660,,180000,,1500,,126135
13661,,,,1500,,126139
13663,,5000,,,,126147
13664,,5000,,,,126149
13665,,5000,,,,126151
13666,,8000,,,,126177
13668,,5000,,,,126181
13669,,8000,,,,126189
13671,,8000,,,,126194
13672,,5000,,,,126202
13673,,10000,,,,126209
13674,,10000,10000,1000,,126213
13675,,10000,10000,1000,,126214
13676,,10000,10000,1000,,126215
13677,,10000,10000,1000,,126216
13678,,5000,,,,126218
13680,,8000,,,,126232
13681,,8000,,,,126235
13682,,,,1500,,126241
13684,,,,1500,,126247
13685,,,,1500,,126249
13686,,,,1500,,126251
13687,,5000,,,,126253
13688,,5000,,,,126254
13689,,,,1500,,126259
13690,,9000,,,,126261
13692,,6000,,,,126277
13693,,,,1500,,126283
13694,,,10000,,,126288
13697,,,,1000,,126311
13701,,5000,,,,126338
13702,,5000,,,,126339
13703,,5000,,,,126340
13705,,5000,,,,126350
13707,,5000,,,,126356
13708,,,,1500,,126364
13709,,12000,,,,126367
13710,,,,1500,,126371
13711,,,1000,,,126372
13713,,5000,,,,126374
13714,,,1000,,,126377
13715,,5000,,,,126381
13716,,180000,,,,126389
13718,,5000,,,,126398
13720,,5000,,,,126410
13721,,5000,,,,126415
13723,,7000,,,,126437
13724,,8000,,,,126426
13730,,8000,,,,126463
13731,,5000,,,,111050
13732,,999000,,,,126460
13737,,5000,,,,126475
13738,,8000,,,,79607
13741,,15000,,,,126491
13742,,6000,,,,126517
13744,,5000,,,,126522
13746,,6000,,,,126560
13748,,,60000,1500,,126578
13750,,7000,,,,126580
13751,,5000,,,,126581
13753,,5000,,,,126595
13754,,5000,,,,126353
13755,,5000,,,,126307
13756,,5000,,,,126329
13757,,5000,,,,126601
13758,,5000,,,,126608
13759,,5000,,,,126612
13760,,,,1500,,126615
13761,,4000,,,,126620
13762,,5000,,,,126623
13763,,5000,,,,126625
13764,,5000,,,,126628
13765,,5000,,,,126631
13766,,8000,,,,126633
13767,,5000,,,,126644
13768,,5000,,,,126663
13769,,5000,,,,126269
13770,,5000,,,,126668
13772,,5000,,,,126730
13773,,10000,60000,,,126734
13774,,,10000,,,126744
13775,,,3000,,,126742
13776,,5000,,,,126750
13777,,5000,,,,126753
13778,,,,1500,,126755
13779,,5000,,,,126786
13780,,5000,,,,120471
13781,,5000,,,,126793
13782,,3000,,,,126794
13784,,4000,,,,126808
13785,,,,1500,,126819
13786,,3000,,,,125441
13787,,,,1500,,126833
13789,,10000,,,,126847
13790,,8000,,,,126818
13791,,10000,,,,126872
13792,,5000,,,,126876
13793,,12000,,,,126880
13794,,10000,,,,126881
13795,,,,1500,,126885
13796,,8000,,,,126886
13797,,60000,,1000,,126892
13798,,,,1000,,126893
13800,,,,1000,,126895
13802,,7000,,,,126903
13803,,8000,,,,126908
13804,,8000,,,,126911
13805,,8000,,,,126913
13806,,12000,,,,126918
13807,,5000,,,,126919
13808,,7000,,,,113501
13809,,5000,,,,126920
13810,,8000,,,,126922
13811,,5000,,,,126923
13812,,7000,,,,126924
13813,,5000,,,,126927
13814,,7000,,,,126929
13815,,7000,,,,126936
13816,,5000,,,,81574
13817,,8000,,,,126943
13818,,8000,,,,126949
13819,,4000,,,,126955
13820,,8000,,,,126951
13821,,,,1500,,127006
13822,,,,1500,,127008
13823,,,,1500,,127010
13824,,,25000,,,127111
13831,,5000,,,,127171
13832,,8000,,,,127189
13834,,10000,,,,127234
13836,,10000,,,,127275
13837,,5000,,,,127281
13839,,,15000,1000,,127344
13840,,,120000,,,127355
13842,,,,1500,,127145
13843,,10000,,,,127353
13844,,10000,,,,127384
13845,,5000,,,,127415
13846,,10000,,,,127422
13847,,5000,,,,127462
13848,,5000,,,,127463
13849,,5000,,,,127466
13850,,5000,,,,127482
13851,,12000,,,,127483
13852,,5000,,,,127484
13853,,8000,,,,127492
13854,,8000,,,,127493
13858,,,1000,,,127506
13863,,45000,90000,,,127543
13864,,45000,90000,,,127544
13865,,,,1500,,127552
13866,,5000,,,,127553
13868,,13000,,,,127561
13869,,,1000,,,118786
13870,,4000,,,,127586
13872,,4000,,,,127601
13873,,4000,,,,126275
13876,,,60000,,,105708
13879,,1000,,,,126104
13882,,25000,,1500,,127632
13885,,,,1500,,118330
13886,,,30000,,,88081
13888,,8000,,,,127706
13895,,3000,,,,127724
13896,,8000,,,,127729
13899,,1000,,,,127770
13900,,,5000,,,127551
13905,,,,1500,,127813
13906,,,,1500,,127815
13907,,,,1500,,127816
13908,,,6000,,,127817
13909,,,1000,1000,,115749
13910,,10000,,,,127824
13913,,,1500,,,127397
13914,,,6000,,,127885
13916,,,,1500,,124900
13917,,,,1500,,124703
13919,,5000,5000,5000,,107130
13920,,,,1500,,127933
13921,,4000,,,,127909
13923,,2000,,,,127934
13924,,5000,,,,127938
13925,,,180000,1000,,127945
13926,,2000,,,,127987
13927,,2000,,,,127941
13928,,5000,,,,128031
13929,,,,1500,,128044
13930,,,,1500,,128049
13931,,10000,,,,128046
13932,,5000,,,,128052
13933,,4000,,,,128050
13934,,5000,,1500,,128056
13935,,4000,,,,128057
13936,,3000,,,,128061
13941,,5000,,,,128078
13942,,,,1500,,128094
13943,,7000,,,,128096
13944,,,,1500,,128098
13945,,5000,,,,128099
13946,,6000,,1500,,128100
13947,,,,1500,,128103
13948,,5000,,,,128106
13950,,6000,,,,128123
13951,,,1800000,,,128150
13953,,,,1500,,128167
13954,,10000,,,,128148
13955,,5000,,,,128166
13956,,6000,,,,128177
13961,,10000,,,,125310
13962,,,120000,1500,,109304
13963,,,,1500,,128232
13965,,,,1500,,128252
13966,,3000,,,,113682
13967,,5000,,,,128304
13968,,5000,,,,128305
13969,,5000,,,,106421
13980,,5000,,,,128368
13981,,7000,,,,128381
13982,,7000,,,,128425
13985,,5000,,,,128435
13986,,5000,,,,128436
13988,,3000,,,,125733
13989,,2000,,,,128459
13990,,,1000,,,124201
13991,,,3000,,,126308
13992,,,1000,,,126312
13998,,,120000,,,128594
13999,,,,1000,,128632
14000,,500,500,500,,116554
14003,,2000,,,,128724
14008,,,,1500,,128748
14009,,7000,,1500,,128749
14010,,,,1500,,128766
14012,,,,1000,,128787
14013,,,,1500,,128791
14014,,,,1500,,128797
14015,,5000,,,,128810
14016,,6000,,,,127476
14017,,4000,,,,127474
14022,,,,1000,,128828
14023,,,,1000,,128845
14024,,,,1500,,128848
14025,,,,1000,,128849
14027,,,,3000,,128871
14028,,,,1500,,128872
14029,,,,1000,,128885
14031,,,,1000,,128903
14032,,,,1500,,128910
14033,,,,1000,,128918
14034,,120000,,,,128933
14035,,,,1000,,128937
14036,,,,1000,,80596
14037,,,,1000,,128951
14038,,,,1000,,128952
14039,,,,1000,,128953
14040,,,,1500,,128955
14041,,,,1000,,128957
14042,,20000,,,,128963
14043,,7000,,1500,,128969
14045,,,1500,,,127250
14047,,,1000,,,128968
14048,,,5000,,,128949
14052,,,10000,,,123758
14053,,,10000,10000,,123769
14055,,,10000,10000,,123734
14056,,,,1000,,129003
14059,,,,1500,,129018
14060,,,,1500,,129019
14061,,,180000,,,129020
14062,,4000,,,,129034
14063,,,,1500,,129035
14064,,,,1500,,129082
14066,,2000,,,,118663
14067,,2000,,,,118657
14068,,,3000,,,129115
14069,,,3000,,,129116
14070,,3000,,,,129112
14071,,3000,5000,,,119007
14072,,,,5000,,118990
14075,,,1000,,,129108
14076,,5000,,,,119594
14077,,5000,,,,129145
14086,,120000,,,,129208
14087,,,,1500,,105724
14103,,,2000,,,103745
14106,,30000,,,,129325
14110,,4000,,,,118667
14111,,4000,,,,118671
14112,,10000,,,,116364
14113,,,1000,1000,,123199
14114,,3000,,,,116417
14115,,3000,,,,116574
14116,,3000,,,,116576
14117,,3000,,,,116577
14122,,,6000,,,104737
14124,,,,1500,,129409
14125,,,,1500,,129411
14126,,5000,,5000,,117372
14128,,5000,,5000,,129438
14133,,3000,,,,129496
14134,,4000,,,,129502
14135,,,,1500,,129512
14136,,1000,,,,129524
14137,,1000,,,,129525
14138,,1000,,,,129526
14139,,1000,,,,129527
14140,,1000,,,,129528
14141,,1000,,,,129529
14142,,1000,,,,129530
14143,,1000,,,,129532
14144,,1000,,,,129533
14145,,,,1500,,129534
14146,,,,1500,,129554
14147,,60000,,,,15822
14148,,60000,,,,24360
14149,,60000,,,,28504
14150,,,1500,,,129570
14152,,6000,,1500,,129575
14153,,6000,,1500,,129577
14154,,,,1500,,127292
14156,,,1000,,,127291
14157,,,120000,1000,,129597
14160,,,,15000,,129643
14161,,4000,,1500,,129656
14162,,,500,,,129673
14163,,,500,,,129674
14164,,,500,,,129675
14165,,,500,,,129676
14166,,,500,,,129687
14167,,,,1000,,129697
14168,,5000,,,,129701
14169,,,500,,,129705
14170,,,,1000,,129726
14171,,5000,,,,118510
14172,,,,1000,,129744
14174,,2000,,,,117960
14175,,3000,,,,117954
14176,,,500,,,129757
14177,,10000,,,,125124
14178,,10000,,,,125094
14179,,3000,,,,129669
14181,,5000,,1500,,129785
14182,,,500,,,129796
14183,,,500,,,129814
14184,,,500,,,129843
14186,,3000,,,,129837
14187,,,3000,,,115911
14189,,,500,,,129887
14191,,,3000,,,129948
14192,,,,1000,,129952
14197,,,500,,,129983
14198,,,500,,,129984
14199,,1000,,,,129888
14200,,2000,,,,32914
14203,,,3000,,,125319
14204,,,500,,,130025
14205,,,500,,,130026
14206,,,500,,,130042
14207,,,500,,,130043
14208,,,15000,1000,,130073
14211,,1000,,,,130085
14212,,,500,,,130109
14213,,5000,,,,130115
14215,,5000,,,,130120
14217,,5000,30000,,,122740
14218,,,500,,,130140
14219,,,,1000,,130150
14220,,,,1000,,130159
14221,,,50,,,130162
14222,,,6000,1500,,130163
14223,,,500,,,130168
14225,,,,1000,,130178
14226,,,,1000,,130191
14227,,,,1500,,130198
14228,,,,3000,,121297
14229,,,2000,,,130204
14230,,,,1500,,130205
14231,,,2000,,,130206
14232,,,,1500,,130221
14233,,2000,,,,130116
14234,,,2000,,,130235
14235,,,2000,,,130240
14236,,3000,5000,,,130257
14237,,,,2000,,125026
14238,,,500,500,,130264
14239,,45000,,,,130298
14240,,45000,,,,130297
14241,,3000,,,,130302
14242,,4000,,,,130299
14243,,2000,,,,118576
14244,,1000,,,,130311
14245,,2000,,,,130310
14246,,,,1000,,130315
14248,,,6000,,,130323
14250,,1000,,,,125557
14251,,,,1500,,130390
14253,,,,1500,,130433
14254,,,,1500,,130437
14255,,,6000,,,130396
14258,,,,1000,,130475
14259,,,1000,,,130469
14260,,60000,,,,130486
14261,,5000,,,,130488
14262,,5000,,,,130479
14263,,,,,,105794
14266,,,,,,106041
14271,,10000,,10000,,130515
14273,,,1000,,,130546
14276,,,,,,130575
14278,,,2000,,,105332
14279,,,50,,,130629
14280,,,6000,1500,,130630
14281,,,60000,,,130649
14282,,,60000,,,130650
14286,,,6000,,,130720
14287,,,6000,,,130721
14288,,,6000,,,130725
14289,,,,1500,,130726
14291,,1000,,,,116499
14294,,,,1500,,130759
14298,,2000,,,,130769
14299,,2000,,,,130781
14300,,,,1500,,130786
14303,,,6000,,,130794
14305,,2000,,,,130788
14306,,2000,,,,130818
14307,,,,1500,,130824
14308,,,6000,,,130829
14310,,,6000,,,130847
14311,,,6000,,,130883
14312,,,,1500,,130940
14314,,,,1500,,130941
14316,,,,1500,,130958
14317,,,1000,,,130973
14321,,,6000,,,130996
14322,,,6000,,,130997
14323,,,6000,,,130998
14326,,8000,,,,131046
14328,,,5000,,,131060
14329,,8000,,,,131061
14330,,8000,,,,131074
14335,,8000,,,,131088
14337,,,,1000,,131093
14338,,,,1000,,131094
14339,,,,1000,,131095
14340,,4000,,,,131089
14341,,5000,,,,131090
14348,,10000,10000,,,131120
14349,,10000,15000,,,131121
14350,,10000,15000,,,131122
14351,,10000,60000,,,131126
14355,,,1000,,,131130
14356,,,2000,,,131133
14359,,5000,,,,131139
14363,,8000,,,,131155
14364,,,10000,,,129491
14365,,10000,15000,,,131158
14366,,5000,,,,131164
14367,,5000,,,,131169
14368,,5000,,,,131172
14369,,5000,,,,131173
14370,,5000,,,,131174
14371,,5000,,,,131177
14372,,2000,,,,131141
14373,,5000,,,,131190
14374,,5000,,,,131193
14375,,,5000,,,131195
14376,,5000,,,,131198
14377,,5000,,,,131203
14378,,28800000,,1500,,131204
14379,,28800000,,1500,,131205
14381,,28800000,,1500,,131206
14384,,2000,,,,131199
14385,,28800000,,1500,,131222
14386,,28800000,,1500,,131225
14387,,28800000,,1500,,131228
14388,,28800000,,1500,,131229
14389,,28800000,,1500,,131231
14390,,28800000,,1500,,131232
14391,,,1000,,,131284
14394,,,,1500,,131376
14395,,,,1500,,131381
14396,,,5000,,,131412
14399,,30000,30000,,,131459
14400,,,5000,,,131465
14415,,,100,,,125243
14417,,,3000,,,131332
14418,,,3000,,,131321
14419,,,3000,,,131310
14420,,,,1500,,131570
14421,,,,1500,,131577
14423,,5000,,,,131589
14424,,,,1500,,131590
14425,,1000,,,,131593
14426,,8000,,,,131594
14427,,,,1000,,131617
14428,,5000,,,,131614
14431,,5000,,,,131626
14432,,12000,,,,131630
14433,,5000,,,,127908
14434,,5000,,,,127922
14435,,,60000,60000,,131635
14437,,3000,,,,106872
14438,,5000,,,,131642
14439,,,,1500,,131650
14440,,5000,,,,131653
14442,,1000,,,,131686
14443,,1000,,,,131688
14444,,5000,,,,131689
14445,,1000,,,,131690
14446,,1000,,,,131691
14447,,1000,,,,131695
14448,,5000,,,,131696
14450,,8000,,,,131704
14452,,5000,,,,131726
14453,,5000,,,,131729
14454,,,,1500,,172
14455,,5000,,,,131761
14456,,5000,,,,131762
14457,,5000,,,,131763
14461,,,6000,,,131780
14462,,,600000,,,131784
14464,,1000,,,,131798
14465,,,,1500,,131806
14466,,10000,,,,131555
14467,,10000,,,,131550
14468,,,1000,,,123962
14470,,,15000,1000,,131833
14471,,,10000,,,131844
14472,,3000,,,,131813
14474,,,1000,,,131861
14475,,,5000,,,131864
14476,,,60000,1500,,131894
14478,,,,1000,,131944
14479,,,,1500,,131315
14480,,,,1500,,131948
14481,,3000,,,,131968
14482,,3000,,,,131972
14483,,8000,,,,119888
14484,,,10000,,,131979
14485,,,,1000,,131991
14492,,,2000,,,105960
14495,,,,1000,,132031
14499,,,1500,,,132102
14535,,,,1500,,132157
14538,,,,1000,,132165
14539,,,5000,,,131866
14558,,,1500,,,115058
14562,,3000,,,,67730
14563,,3000,,,,119517
14564,,,250,,,131474
14571,,,3000,,,132292
14572,,,3000,,,132293
14573,,,3000,,,132294
14574,7,21000,,,,117519
14575,4,10500,,,,117519
14576,,15000,15000,,,132302
14584,,4500,,1500,,132331
14589,,,5000,,,121798
14590,,,5000,,,130559
14591,,,,1500,,132399
14592,,,,1500,,132400
14595,7,,25000,,,115817
14596,,24000,24000,,,132409
14598,,,15000,1500,,132411
14599,,,120000,1000,,132413
14600,,2500,,,,132425
14610,,30000,,1500,,132469
14622,,5000,,,,132480
14649,,,5000,,,104362
14651,,11000,,,,116018
14669,,4000,,,,138795
14701,,5000,,,,132563
14703,,,,1500,,132574
14704,,,120000,1000,,132578
14705,,,,1500,,132580
14716,,60000,,1500,,132604
14717,,180000,,1500,,132603
14718,,,1000,,,131958
14720,,,1000,1000,,111021
14721,,,1000,1000,,116310
14722,,,1000,1000,,116311
14723,,,1000,1000,,116314
14724,,,1000,1000,,116315
14725,,,1000,1000,,116316
14726,,,1000,1000,,129543
14727,,,1000,1000,,129544
14728,,,1000,1000,,129545
14729,,,1000,1000,,129546
14730,,,1000,1000,,129547
14731,,,1000,1000,,129548
14732,,,1000,1000,,129549
14733,,,1000,1000,,129550
14734,,,1000,1000,,129551
14736,,,1000,1000,,111019
14737,,,60000,1500,,132620
14738,,,,1500,,132621
14739,,,60000,1500,,132626
14740,,,,1500,,132627
14741,,,,1500,,132647
14742,,,,1500,,132651
14751,,,3000,,,132633
14753,,,10000,,,132700
14754,,10000,,1500,,132704
14756,,,,1500,,132711
14764,,15000,,1500,,132728
14767,,,,1500,,132738
14768,,2000,,,,131521
14769,,,,1500,,132743
14770,,,,1500,,132756
14771,,,,1500,,132759
14772,,,,1500,,132762
14773,,,,1500,,132763
14774,,10000,,1000,,132764
14775,,,,1500,,132785
14777,,,,1500,,132789
14879,,,,1500,,132947
14882,,,,1500,,132963
14884,,,1000,,,132983
14886,,,2000,1500,,133008
14889,,,,3000,,114577
14890,,,8000,,,114576
14891,,,,1500,,133021
14892,,60000,,,,133024
14894,,,10000,1500,,133034
14895,,,6000,,,133033
14896,,,1000,,,133043
14897,,,,1500,,133066
14898,,4000,,1500,,133068
14899,,4000,,1500,,133073
14900,,10000,,,,133079
14901,,,,1000,,133085
14903,,,500,,,133106
14912,,,,1500,,133240
14916,,10000,,,,133286
14964,,,6000,,,133377
14966,,,1000,,,133383
14967,,,6000,,,133424
14968,,,1000,,,133428
14971,,,30000,1000,,133459
14972,,,,500,,133473
14977,,,1500,,,133518
14979,,1000,,,,133363
14981,,3000,,,,133293
14984,,,20000,,,133618
14985,,,,1500,,133627
14986,,,,1500,,133629
14987,,,1000,,,133632
14988,,,,1500,,133633
14989,,,3000,,,133655
14990,,,4000,,,133654
14996,,,50,,,133704
14997,,,6000,1500,,133705
14998,,,6000,,,133728
15000,,,6000,,,133730
15010,,,,500,,133801
15011,,,,500,,133808
15012,,,45000,,,133703
15016,,,4000,1000,,9053
15017,,,,1000,,13339
15018,,,,1000,,3105
15019,,,1000,,,133876
15021,,,3000,,,133878
15022,,,,1500,,133889
15023,,,180000,,,133892
15026,,,120000,,,133929
15027,,,6000,,,133941
15028,,,5000,,,133955
15030,,,,1500,,134003
15031,,15000,,,,134008
15033,,,,1500,,134026
15034,,,1500,,,134031
15035,,,,1500,,134033
15040,,,60000,,,134055
15041,,,1000,,,134094
15043,,,,1500,,134119
15044,,,60000,,,133476
15045,,,1000,,,134155
15046,,,1000,,,134160
15047,,,,1000,,134205
15049,,,1000,,,134219
15051,,,,1000,,134233
15065,,,15000,,,133755
15066,,,,1500,,134477
15067,,,,1500,,134538
15072,,3000,,,,134623
15073,,,1000,,,134642
15075,,3000,,,,134650
15076,,,3000,,,134663
15077,,3000,,,,134664
15078,,2000,,,,134674
15080,,8000,,,,134688
15081,,,,1500,,134703
15088,,2000000,2000000,2000000,,130194
15089,,5000,,,,134777
15093,,,,1500,,134822
15094,,,,1500,,134826
15096,,,1000,,,134832
15097,,,1000,,,134833
15099,,,1000,,,134852
15100,,,,1500,,134878
15102,,,,1500,,134892
15103,,,,1500,,134894
15104,,,,1500,,134895
15106,,,1000,,,113902
15107,,,1000,,,134955
15111,,,1000,,,134976
15113,,1000,,,,134986
15114,,60000,,,,134987
15115,,1000,,,,134989
15116,,,60000,,,134998
15117,,300000,,,,135002
15118,,300000,,,,135011
15119,,,5000,,,135014
15120,,,20000,,,135029
15121,,500,,,,133556
15122,,300000,,,,135081
15123,,,,1500,,135082
15124,,300000,,,,135088
15129,,,,1000,,135106
15132,,,,1500,,135156
15133,,,,1000,,135161
15134,,300000,,,,135149
15135,,11000,,,,135199
15136,,20000,,1000,,135200
15137,,,120000,,,135201
15138,,5000,,,,135207
15139,,20000,,1000,,135219
15140,,11000,,,,135223
15141,,11000,,,,135225
15142,,45000,120000,,,135233
15143,,,,1500,,135254
15144,,,,1500,,135255
15145,,,,1500,,135256
15146,,,,1500,,135257
15147,,,,1500,,135258
15148,,,,1500,,135259
15149,,,,1500,,135261
15150,,,,1500,,135263
15151,,,,1500,,135264
15152,,,,1500,,135265
15153,,,,1500,,135266
15154,,,,1500,,135267
15155,,,,1500,,135268
15157,,500,500,,,133505
15158,,,1000,,,135307
15159,,,1000,,,135320
15160,,,1000,,,135325
15164,,6000,,,,135342
15165,,11000,,,,135361
15166,,,5000,,,135422
15167,,,120000,1500,,135449
15168,,2000,,,,135468
15169,,5000,,,,135498
15170,,7000,,,,135499
15171,,,,1500,,135503
15172,,,60000,1500,,135517
15175,,5000,40000,,,135521
15177,,,30000,1500,,135572
15178,,,,1500,,135573
15180,,,,1500,,135575
15181,,,,1500,,135576
15182,,,,500,,135592
15183,,,,1500,,135593
15184,,,11000,1500,,135594
15185,,,,1500,,135596
15186,,,1000,1000,,135599
15188,,,,1500,,135604
15190,,5000,,,,135612
15191,,1000,,,,135614
15192,,300000,,,,135615
15193,,,,500,,135631
15194,,15000,,1500,,135649
15195,,,,1500,,135650
15196,,5000,15000,,,135577
15198,,10000,60000,,,135591
15199,,,,1500,,135664
15201,,6000,,1500,,135693
15202,,,,1500,,135704
15203,,,,1500,,135710
15204,,,,1500,,135711
15205,,,,1500,,135712
15206,,,,1500,,135713
15207,,,,1500,,135714
15208,,,,1500,,135715
15209,,,,1500,,135716
15210,,,,1500,,135717
15211,,,,1500,,135719
15213,,,,1500,,135831
15214,,,3000,,,135851
15215,,,30000,1000,,135862
15216,,5000,,,,135932
15218,,5000,,5000,,135458
15220,,,10000,,,135999
15221,,,1000,,,127871
15222,,,1500,,,19873
15225,,3000,20000,,,136037
15227,,8000,,,,135545
15228,,4000,,,,79894
15230,,10000,30000,,,136062
15236,,,,1500,,136099
15237,,,12000,,,135605
15238,,,1000,1000,,136106
15239,,,1000,1000,,136107
15241,,,15000,,,136110
15244,,,,1500,,115151
15247,,3000,6000,,,136050
15248,,,20000,,,136172
15249,,,,1000,,136173
15258,,5000,5000,5000,,123945
15259,,4000,12000,,,136216
15260,,,5000,,,125411
15261,,,5000,,,125420
15262,,,1000,,,134868
15264,,,15000,,,136284
15265,,,,1500,,136287
15269,,,15000,,,136297
15271,,1000,,,,136333
15273,,8000,,,,136338
15274,,8000,,,,136340
15279,,1000,,,,134772
15282,,8000,,,,136339
15284,,,,1500,,136378
15286,,5000,,1500,,136374
15287,,1000,,,,135728
15288,,8000,,,,135749
15289,,2000,,,,135780
15290,,1500,,1500,,136377
15291,,,,1500,,136383
15295,,,,1000,,125883
15297,,,,1500,,136422
15298,,,,1500,,136426
15301,,,,1500,,136462
15303,,5000,1500,,,136480
15304,,,,1500,,136484
15306,,,,1500,,136508
15307,,,45000,,,136511
15308,,5000,,,,136512
15309,,5000,,,,136487
15311,,4000,,,,42380
15312,,5000,,,,136475
15317,,5000,,,,136564
15319,,5000,,,,136587
15321,,,,1500,,136597
15322,,1500,,,,136488
15323,,1500,,,,136506
15324,,1500,,,,136509
15328,,5000,,,,136644
15330,,5000,,,,133939
15331,,3000,,,,134920
15341,,5000,,,,136719
15342,,5000,,,,136725
15343,,5000,,,,136737
15345,,,180000,1000,,136764
15347,,8000,,,,136741
15348,,100,,,,136769
15351,,1000,10000,,,136483
15352,,,,1500,,136794
15354,,,,1500,,136811
15357,,,10000,,,136824
15358,,,,1500,,136828
15359,,8000,,,,136865
15361,,,10000,,,136868
15362,,5000,25000,,,136228
15365,,1500,1500,1500,,120108
15366,,,3000,,,136909
15367,,60000,,,,136904
15368,,3000,,,,136925
15369,,25000,,,,136938
15371,,20000,,,,136951
15372,,,5000,,,136970
15373,,,,1500,,136985
15374,,3000,6000,,,137000
15375,,45000,,,,136917
15378,,10000,,,,137070
15382,,5000,,,,137142
15385,,11000,,,,137226
15387,,11000,,,,137228
15388,,11000,,,,137229
15389,,11000,,,,137230
15390,,11000,,,,137231
15391,,11000,,,,137232
15399,,45000,,1500,,137343
15402,,,1000,,,137373
15403,,,,1000,,137384
15404,,14000,,,,137404
15405,,3000,,,,137401
15406,,4000,,,,137412
15407,,5000,,,,137415
15410,,30000,,,,137203
15411,,30000,,,,137350
15412,,30000,,,,136521
15416,,,1500,,,137311
15417,,12000,,,,137491
15418,,5000,,,,137435
15419,,5000,,,,137434
15420,,1000,,,,137493
15422,,,,1000,,137497
15423,,5000,,,,137457
15424,,3000,,,,137502
15425,,3000,,,,137504
15426,,3000,,,,137511
15427,,3000,,,,137508
15428,,5000,,,,137505
15430,,,,30000,,137465
15432,,,,1500,,137568
15434,,45000,,,,137575
15437,,,,1500,,137588
15438,,,,40000,,137578
15439,,,,8000,,137464
15440,,,,14000,,137466
15441,,,,1500,,137602
15444,,,40000,,,137619
15447,,500,,,,137643
15449,,60000,,1500,,137653
15451,,6000,,,,137670
15453,,,,1500,,137704
15454,,,,1500,,137705
15455,,,25000,1500,,137706
15457,,10000,,,,136752
15458,,12000,,,,137531
15459,,15000,,,,137729
15460,,2000,,,,137733
15461,,2000,,,,137735
15462,,,,1500,,137740
15463,,2000,,,,137742
15464,,,60000,,,137744
15465,,20000,,,,137719
15466,,3000,,,,137738
15467,,3000,,,,137739
15468,,6000,,,,137749
15470,,6000,,,,137884
15471,,,,1500,,137977
15472,,2500,,,,134611
15473,,,,1500,,137984
15474,,,,1500,,137997
15475,,,60000,,,138001
15476,,,60000,,,138005
15477,,,60000,,,138013
15478,,3000,,,,137995
15479,,3000,,,,137994
15481,,30000,,,,137891
15483,,,,1500,,138021
15484,,,,1500,,138023
15487,,,,6000,,136294
15489,,7000,,,,138036
15492,,,5000,1500,,138072
15493,,,10000,,,138073
15494,,,,1500,,138076
15495,,,,1500,,138082
15496,,,,1500,,138087
15497,,7000,,,,138040
15498,,,3000,,,138110
15499,,10000,,,,138042
15500,,8000,,,,138043
15501,,7000,,,,138044
15502,,,,1000,,138121
15504,,,,1000,,138123
15507,,4000,,,,138142
15508,,,,1500,,138161
15509,,,,1500,,138165
15511,,,1000,,,138170
15512,,,,1500,,138174
15515,,,5000,1500,,138249
15516,,,,1500,,138285
15517,,,,1500,,138287
15518,,,,1000,,138306
15520,,4500,,,,137194
15521,,6000,,,,137161
15525,,,,1500,,138369
15526,,,,1500,,138374
15527,,,,1500,,138380
15528,,,,1500,,138381
15529,,,,1500,,138382
15531,,,,1500,,138439
15532,,,3000,,,136199
15533,,,10000,,,138412
15534,,,3000,,,138487
15535,,,,1500,,138490
15536,,,,1500,,138493
15537,,,,1000,,138537
15540,,,,1000,,138562
15541,,,,1500,,138566
15542,,10000,10000,1000,,138574
15543,,10000,10000,1000,,138580
15544,,2000,,,,138583
15545,,,,1500,,138604
15546,,,,1500,,138606
15549,,,120000,,,138634
15550,,,120000,,,138637
15551,,1000,,,,138646
15552,,5000,,,,138668
15553,,5000,,,,138690
15554,,5000,,,,138693
15557,,6000,,1500,,138698
15558,,,,1500,,138712
15563,,5000,,,,134366
15566,,3000,,,,138765
15567,,5000,,,,138766
15568,,8000,,,,138772
15569,,,,1500,,138784
15570,,7000,,,,138769
15571,,5000,,,,138768
15572,,3000,,,,138803
15573,,,20000,,,138796
15574,,,6000,,,138794
15575,,,10000,,,138813
15577,,,,1500,,138815
15578,,5000,,,,138817
15579,,1000,,,,138822
15580,,,,1500,,138824
15581,,,,1500,,138825
15582,,,20000,1000,,138827
15584,,,20000,,,138829
15585,,6000,,,,135091
15589,,15000,,,,138845
15590,,,,1500,,138899
15592,,,,1500,,138913
15594,,5000,,,,138923
15595,,10000,,,,138937
15596,,60000,,,,138941
15597,,,,1500,,138951
15599,,,3000,,,137246
15601,,8000,,,,139003
15602,,6000,,,,139004
15603,,5000,,,,139010
15604,,6000,,,,136844
15605,,5000,,,,136855
15606,,,5000,,,138862
15608,,5000,,,,139016
15609,,6000,,,,139014
15610,,5000,,,,139015
15611,,,3000,,,138112
15612,,,3000,,,139039
15613,,,3000,,,139041
15614,,,3000,,,139050
15615,,,,1500,,139059
15617,,5000,,,,139122
15618,,5000,,,,139125
15619,,,30000,,,139123
15620,,2500,,,,139138
15621,,3000,,,,139144
15622,,,,1500,,139148
15623,,,,1500,,139153
15624,,5000,,,,137162
15625,,,180000,,,138630
15626,,7000,,,,139146
15627,,7000,,,,139147
15628,,1000,,,,139176
15629,,3000,,,,139184
15630,,5000,,,,139178
15631,,4500,,,,139203
15632,,,,1500,,139215
15633,,10000,10000,1000,,139226
15634,,10000,10000,1000,,139227
15636,,10000,,,,139248
15637,,10000,,,,137099
15638,,6000,,,,136881
15639,,6000,,,,139260
15640,,6000,,,,139262
15641,,10000,,,,139269
15642,,3000,,,,139275
15644,,,1500,,,139287
15645,,,1500,,,139290
15646,,,,1500,,139295
15647,,,,1500,,139309
15648,,,,1500,,139310
15649,,,1000,,,139335
15650,,,180000,1000,,139341
15653,,,,1500,,139361
15654,,,,1500,,139362
15655,,,,1500,,139363
15656,,,,1500,,139365
15657,,8000,,,,139378
15660,,7000,,,,139409
15661,,,,1500,,139413
15662,,,,1500,,139418
15663,,,,1500,,139419
15664,,,,1500,,139420
15665,,3600000,,1500,,139432
15666,,3600000,,1500,,139437
15668,,120000,120000,1500,,139459
15669,,,,1500,,139462
15670,,,,1500,,139465
15671,,,60000,,,139438
15672,,1000,,,,139488
15673,,1000,,,,139489
15674,,1000,,,,139490
15675,,1000,,,,139492
15676,,,60000,,,139493
15677,,1000,,,,139495
15678,,1000,,,,139497
15679,,,250,,,139505
15681,,6000,,,,139468
15682,,3000,,,,139527
15684,,2000,,,,139605
15699,,,3000,,,139657
15701,,1000,1000,,,139732
15702,,10000,,,,139772
15703,,15000,,,,139838
15704,,15000,,,,139841
15706,,3000,,,,139594
15712,,,6000,,,139888
15713,,1000,,,,139863
15714,,1000,,,,139887
15716,,3000,,,,139895
15717,,1000,,,,139898
15718,,5000,,,,139886
15719,,5000,,,,139635
15720,,3000,,,,139894
15721,,8000,,,,139900
15722,,5000,,,,139903
15723,,,,1500,,139914
15724,,,,1500,,139932
15725,,,,1500,,139933
15726,,,,1500,,139934
15727,,8000,,,,136770
15729,,8000,,,,139961
15731,,,,1000,,139975
15732,,,,1000,,139977
15733,,,,1000,,139978
15735,,,,1000,,139981
15736,,8000,,,,139976
15737,,,,1000,,139983
15738,,,,1000,,139986
15739,,5000,,,,139990
15740,,5000,,,,139360
15741,,5000,,,,139447
15742,,5000,,,,139375
15743,,5000,30000,,,139382
15744,,5000,,,,139358
15745,,15000,,,,139991
15746,,1000,,,,140040
15747,,1000,,,,140041
15748,,1000,,,,140050
15749,,1000,,,,140060
15751,,6000,,,,136845
15755,,,20000,,,140189
15756,,6000,,,,140199
15757,,5500,,,,140207
15758,,,,1500,,140218
15759,,6500,,,,140220
15760,,11000,,,,140222
15761,,,,1500,,140226
15762,,,,1500,,140228
15763,,,,1500,,140235
15766,,5000,,,,134370
15768,,4000,,,,140261
15769,,6000,,,,140278
15770,,6000,,,,140277
15771,,15000,,,,140281
15772,,6000,,,,140288
15775,,,600000,1500,,140295
15776,,6000,,,,140291
15777,,6000,,,,140290
15778,,,600000,1500,,140300
15779,,5000,,1500,,140315
15782,,,,1500,,140339
15786,,5000,,,,140346
15787,,5000,,,,140347
15788,,6000,,,,140080
15789,,6000,,,,140079
15790,,,5000,,,140329
15791,,5000,,,,140360
15794,,10000,,,,140354
15795,,3000,,,,140374
15797,,,,1500,,140375
15798,,45000,,1500,,140376
15799,,9000,,,,140317
15800,,6000,,,,140381
15802,,15000,,,,140401
15803,,5000,,,,140273
15804,,5000,,,,140408
15805,,5000,,,,140409
15806,,5000,,,,140411
15812,,2000,,,,134856
15813,,4000,,,,140414
15814,,2000,,,,140415
15815,,1500,,,,140433
15817,,,6000,,,140441
15818,,,,1500,,140445
15819,,20000,,1500,,140446
15820,,5000,,,,140397
15830,,,1500,,,139049
15831,,,1500,,,139861
15835,,7000,,,,140480
15837,,,,1500,,140503
15839,,10000,,,,140530
15842,,,65000,,,140013
15843,,,3000,,,138961
15844,,5000,,,,140600
15856,,5000,,,,140618
15857,,5000,,,,140619
15858,,,,1500,,140624
15859,,6000,,,,138573
15860,,5000,,,,140620
15861,,3000,,,,140626
15862,,3000,,,,140629
15863,,3000,,,,140628
15864,,3000,,,,140630
15866,,3000,,,,140676
15867,,3000,,,,140673
15868,,10000,,,,140669
15869,,3000,,,,140677
15870,,5000,,,,140684
15871,,2000,,,,140682
15882,,,,1500,,140736
15883,,,5000,,,137136
15884,,,5000,,,140559
15886,,180000,,1500,,140763
15888,,2000,,,,134628
15889,,2000,,,,136192
15890,,2000,,,,135145
15892,,,15000,,,135112
15893,,,,1500,,140795
15894,,,,1500,,140798
15896,,,,1500,,140817
15899,,4000,,,,140855
15900,,2000,,,,138823
15903,,2000,2000,,,140861
15905,,2000,,,,140859
15906,,2000,,,,140860
15911,,,10000,,,140889
15938,,6000,24000,,,140983
15939,,6000,,,,140982
15940,,,,3000,,140950
15946,,6000,,,,136295
15949,,30000,,,,141038
15950,,2000,,,,141041
15951,,2000,,,,141100
15952,,2000,,,,141103
15953,,2000,,,,141102
15954,,2000,,,,141104
15970,,,1000,,,141139
15971,,,20000,,,141223
15972,,,,5000,,141238
15973,,15000,,,,141064
15974,,,,1000,,141264
15981,,,10000,1000,,141415
15983,,,,1500,,141433
15984,,,,1500,,141434
15985,,,,1500,,141435
15986,,,,1500,,141436
15987,,,,1500,,141437
15988,,8000,8000,8000,,141421
15989,,,,1500,,141446
15990,,,,1500,,141447
15991,,,,1500,,141448
15992,,,,1500,,141449
15993,,,,1500,,141450
15994,,,,1500,,141451
15996,,,10000,,,141152
15998,,,,1000,,141488
15999,,,,1000,,141495
16000,,,,1000,,141509
16002,,5000,5000,5000,,141600
16006,,10000,,,,141612
16008,,2000,,,,141622
16009,,2000,,10000,,141500
16011,,5000,,,,141649
16014,,3000,,,,141510
16019,,,,1500,,141789
16020,,8000,,,,141794
16021,,6000,,,,141882
16023,,,,1500,,141929
16025,,,1000,,,141961
16027,,1500,1500,1500,,141970
16028,,1500,1500,1500,,141930
16029,,1500,1500,1500,,141917
16030,,,,1500,,142028
16031,,,,1500,,142029
16032,,,,1500,,142030
16040,,,20000,1000,,142060
16048,,3000,,,,142103
16049,,3000,,,,142111
16050,,3000,,,,142108
16051,,3000,,,,142113
16053,,3000,,,,142127
16054,,6000,,,,142135
16055,,6000,,,,142147
16057,,15000,,,,142152
16058,,4000,,,,142171
16059,,,,1500,,142180
16060,,,,1500,,142181
16061,,,10000,,,142207
16062,,3000,,,,142163
16063,,3000,,,,142199
16064,,,,1500,,142211
16065,,,10000,,,142215
16066,,,,1500,,142252
16067,,,20000,,,142270
16068,,,60000,,,142278
16069,,3000,,,,142295
16072,,3000,,,,142303
16074,,3000,,,,142324
16075,,,,1500,,142325
16076,,,2000,,,142326
16077,,,8000,1500,,142338
16078,,13000,,,,142348
16080,,4000,,,,142349
16081,,,15000,1500,,142421
16082,,4000,,,,142401
16085,,10000,,,,142139
16087,,3000,,,,142447
16088,,10000,,,,142453
16090,,,8000,,,142475
16091,,4000,,,,142481
16092,,4000,,,,142472
16093,,4000,,,,142384
16094,,4000,,,,142340
16095,,4000,,,,142327
16097,,,,5000,,142512
16098,,,1000,,,142518
16099,,30000,,,,142537
16100,,,8000,,,142571
16105,,30000,30000,,,142598
16106,,,30000,,,142618
16107,,,,1500,,142624
16108,,,,1500,,142625
16111,,,,1500,,142664
16112,,,4000,1500,,142665
16117,,,30000,,,142702
16118,,,999998976,,,142651
16120,,,,1000,,142770
16121,,3000,,,,142771
16122,,3000,,,,142773
16125,,,,1500,,142880
16126,,,1800000,,,142905
16127,,,180000,,,142909
16129,,,,1500,,142923
16130,,1000,,,,142976
16134,,1000,,,,143011
16136,,,10000,,,143036
16137,,,10000,,,143037
16138,,,10000,,,143038
16139,,,10000,,,143039
16140,,,10000,,,143043
16141,,,10000,,,143044
16142,,,10000,,,143045
16143,,,10000,,,143046
16152,,,60000,,,143217
16153,,,120000,,,143218
16157,,1000,,,,143255
16158,,20000,,,,143225
16165,,,120000,,,143319
16172,,1000,2000,,,143338
16173,,,120000,,,143373
16175,,1000,8000,,,143376
16177,,1000,5000,,,143378
16179,,4000,,,,141407
16180,,4000,,,,132980
16182,,,,1500,,143256
16184,,25000,,,,143447
16190,,,,1500,,143481
16191,,,,3000,,143480
16194,,2000,,,,143502
16198,,5000,,,,143568
16199,,7000,,,,134947
16204,,,,1500,,143637
16205,,5000,,5000,,143654
16206,,,120000,,,142514
16207,,1000,1000,,,143686
16208,,1000,1000,,,142546
16210,,,,1500,,143703
16216,,,,1500,,143732
16218,,13000,,,,143762
16221,,30000,,,,143280
16222,,20000,,,,142948
16223,,30000,,,,143243
16224,,40000,20000,,,143696
16225,,10000,20000,,,143709
16226,,30000,,,,142564
16227,,15000,,,,142668
16231,,30000,,,,143336
16234,,5000,,,,143813
16239,,,,3000,,143882
16245,,,180000,,,143951
16246,,,50000,,,143964
16248,,5000,,,,144039
16249,,,15000,1000,,144080
16250,,,,500,,143423
16251,,,30000,,,144111
16253,,6000,,,,143330
16260,,5000,,,,143939
16261,,1000,10000,,,144181
16262,,,,1500,,144230
16263,,1000,,,,144232
16264,,,,1500,,144240
16266,,,,1500,,144246
16267,,,,1500,,144249
16268,,,,1500,,144250
16269,,,,1500,,144251
16270,,,,1500,,144252
16271,,8000,,1500,,144254
16272,,,,1500,,144257
16273,,,,1500,,144258
16274,,,,1500,,144261
16275,,,,1500,,144268
16276,,,,1500,,144271
16277,,,,1500,,144272
16278,,1000,2000,,,144274
16279,,1000,5000,,,144275
16280,,1000,8000,,,144276
16284,,8000,,,,136947
16285,,4000,,,,120824
16286,,7000,,,,120929
16287,,1000,8000,,,144285
16288,,1000,15000,,,144286
16289,,1000,,,,144300
16290,,3000,,,,144303
16291,,3000,,,,144304
16292,,,30000,,,144305
16293,,,,1500,,144312
16297,,,3000,,,81808
16298,,5000,,,,143019
16299,,10000,,,,143027
16301,,,,1500,,144321
16304,,,,1500,,144372
16305,,,,1500,,144374
16310,,9000,,,,144396
16312,,,,1500,,144434
16313,,,,1500,,144435
16314,,500,,500,,144445
16315,,3000,,500,,144454
16316,,,1500,1500,,144457
16317,,500,500,,,144481
16318,,11000,,,,144483
16320,,6000,,,,144174
16321,,5000,,,,143842
16323,,6000,,,,144461
16324,,6000,,,,144468
16325,,6000,,,,144473
16330,,7000,7000,7000,,144512
16331,,,,1000,,144598
16332,,,,1500,,144603
16334,,3000,,,,144606
16335,,15000,,,,144611
16336,,3000,,,,144610
16337,,,500,,,144620
16338,,,,1500,,144621
16339,,15000,,,,144635
16340,,5000,,,,144631
16341,,5000,,,,144642
16342,,5000,,,,144640
16345,,6500,,,,144677
16346,,3000,,,,144688
16347,,3000,,,,144689
16349,,8000,,,,144692
16350,,6000,,,,144695
16351,,8000,,,,144700
16352,,8000,,,,144702
16355,,30000,,,,144740
16356,,4000,,,,143491
16361,,,,1500,,144761
16364,,1000,,,,144358
16372,,1500,1500,,,142901
16373,,1500,1500,,,142397
16374,,1500,1500,,,142116
16375,,6000,,1500,,144882
16376,,,,,,144890
16377,,5000,,,,144892
16384,,,,500,,113828
16388,,,,500,,145002
16390,,,45000,1000,,145009
16392,,,,1000,,145031
16399,,,6000,1500,,145045
16400,,,6000,1500,,145046
16401,,20000,,1500,,145047
16402,,,20000,,,145048
16403,,5000,,,,145053
16404,,,1500,,,145054
16405,,,120000,,,145057
16406,,8000,,,,145058
16407,,,,1500,,145060
16408,,,15000,1500,,145067
16409,,15000,,,,145105
16412,,,1000,,,145112
16413,,,,1000,,145111
16415,,,,1500,,145131
16416,,,30000,,,145027
16420,,,,1500,,145200
16421,,,,1500,,145205
16422,,,,1500,,145208
16437,,,,1500,,145405
16438,,,,1500,,145406
16439,,,,1500,,145412
16440,,,,500,,145415
16441,,,,500,,145416
16442,,,,500,,145417
16443,,,,500,,145418
16444,,,,500,,145422
16445,,,6000,,,145423
16446,,,,500,,145424
16447,,,24000,,,145426
16448,,,15000,,,145427
16450,,,,1500,,145436
16451,,3000,,1500,,145437
16452,,,,1500,,145442
16453,,,,800,,145451
16464,,24000,,,,145530
16465,,,,1500,,145532
16466,,300000,,1500,,145533
16467,,,300000,,,145534
16468,,15000,,1500,,145535
16471,,,,1500,,145552
16472,,,,3000,,145561
16473,,,,1500,,145562
16474,,3000,,,,145568
16475,,,3000,1500,,145569
16483,,,3000,1500,,145625
16484,,,32000,,,145626
16491,,,,1500,,145657
16492,,,,1500,,145658
16493,,,,1000,,145661
16495,,,30000,1000,,145665
16496,,,30000,,,145666
16497,,,,1000,,145667
16498,,,25000,,,145668
16502,,,,1500,,145696
16503,,,,1500,,145697
16504,,,,1500,,145698
16505,,,,1500,,145699
16507,,,12000,1500,,145727
16508,,,,1500,,145728
16509,,,,1500,,145731
16510,,,,1000,,145654
16511,,,,1500,,145753
16512,,,3000,,,145759
16518,,5000,,,,145812
16519,,5000,,,,145692
16520,,5000,,,,145786
16521,,5000,,,,142539
16522,,5000,,,,145288
16523,,5000,,,,145461
16524,,2500,,,,144922
16525,,5000,,,,145712
16526,,5000,,,,142934
16527,,5000,,5000,,142947
16541,,8000,,,,144596
16544,,,,1500,,142917
16545,,,,1500,,146006
16546,,,,1500,,146018
16553,,,10000,,,146086
16554,,8000,,,,146107
16557,,5000,,,,146213
16558,,,1000,,,144776
16560,,5000,,,,146253
16562,,500,,,,146364
16563,,,,2000,,146389
16564,,,,2000,,146402
16565,,,,1500,,146407
16566,,10000,,,,146415
16568,,,,1000,,146419
16569,,,,1000,,146420
16574,,,4000,1500,,146475
16575,,,4000,,,146488
16578,,1500,,,,146519
16579,,1500,,,,146521
16580,,,,2000,,146421
16581,,,,2500,,146422
16582,,,,3000,,146423
16583,,5000,,,,146526
16585,,5000,,,,146410
16586,,,300000,,,146555
16587,,,10000,1500,,146570
16588,,,6000,1500,,146571
16589,,,15000,1500,,146573
16590,,,60000,1500,,146574
16591,,,6000,1500,,146575
16592,,,10000,1500,,146576
16593,,,60000,1500,,146577
16594,,,60000,1500,,146578
16597,,5000,,,,146598
16602,,,,1500,,146630
16603,,,6000,1500,,146664
16604,,,,1500,,146666
16605,,,,1500,,146667
16606,,,,1500,,146668
16607,,,,1500,,146669
16608,,,4000,1500,,146676
16609,,2000,,,,146681
16611,,,,1500,,146715
16613,,,,1500,,146720
16614,,,,1500,,146722
16617,,,,1500,,146735
16618,,,,1500,,146736
16621,,2000,,,,146741
16622,,,,1500,,146750
16623,,,,1500,,146753
16625,,10000,,,,146760
16626,,,,1500,,146761
16627,,,,1500,,146762
16628,,45000,,1500,,146767
16629,,10000,,,,146771
16630,,,,1500,,146772
16631,,,10000,1500,,146789
16632,,,,1500,,146814
16633,,,,1500,,146864
16636,,,999998976,,,146889
16644,,10000,,,,146996
16645,,,,1500,,147000
16646,,,,1500,,147050
16647,,1000,,,,147055
16648,,,,1500,,147060
16651,,14000,,,,145887
16652,,8000,,,,145884
16653,,8000,,,,146918
16654,,,4000,1500,,147093
16655,,,,1500,,147102
16657,,,,1500,,147124
16660,,3000,3000,,,147126
16665,,,,1500,,147176
16668,,1000,,,,147226
16669,,120000,,,,147275
16670,,,60000,,,147277
16671,,5000,,,,147309
16672,,5000,,,,147310
16673,,5000,,,,147306
16674,,,,1500,,147328
16676,,4000,,,,147335
16677,,3000,,,,147344
16678,,3000,,,,147345
16680,,7000,,,,147347
16681,,3000,,,,143958
16682,,,24000,,,147362
16683,,5000,,,,147384
16684,,5000,,,,147354
16685,,5000,,,,147382
16686,,5000,,,,147386
16687,,30000,,,,147394
16688,,,,1000,,147395
16689,,,,1000,,147396
16690,,2000,,,,147400
16691,,,2500,1500,,147414
16692,,,,1500,,147420
16693,,5000,,,,147422
16694,,5000,,,,147427
16695,,15000,,,,147439
16696,,,8000,1500,,147447
16697,,1000,,,,147476
16700,,7000,,,,147492
16701,,1000,,,,146449
16703,,,4000,,,147514
16704,,,,1000,,147525
16705,,45000,,,,147530
16706,,,,1000,,147533
16711,,7000,,,,147557
16712,,7000,,,,147560
16713,,5000,,,,147571
16714,,5000,,,,147590
16715,,1500,1500,,,147598
16716,,,,1500,,147600
16717,,,,1500,,147601
16720,,7000,,,,147529
16721,,8000,,,,147612
16725,,,1000,,,144724
16726,,,1000,,,144725
16727,,,1000,,,144726
16728,,,1000,,,144727
16729,,,1000,,,146826
16730,,,1000,,,146827
16731,,,1000,,,146828
16732,,,1000,,,146829
16733,,,1000,,,146830
16734,,,1000,,,146831
16735,,,1000,,,146832
16736,,,1000,,,146834
16737,,,1000,,,146833
16738,,,1000,,,146835
16739,,,1000,,,146836
16740,,,1000,,,146837
16741,,,,1500,,147676
16742,,,,1500,,147677
16743,,,,1500,,147678
16744,,5000,,,,142416
16745,,,8000,,,147683
16746,,,,1500,,147686
16747,,,,1500,,147687
16748,,8000,,,,147694
16751,,2500,,,,144923
16754,,,,1500,,120741
16770,,5000,,5000,,147884
16773,,900000,,1500,,147901
16774,,900000,,1500,,147902
16775,,,,1500,,147985
16776,,,,1500,,147988
16792,,,45000,1500,,148039
16793,,,15000,,,148041
16795,,,,1500,,147597
16796,,,,1500,,148046
16797,,,,1500,,148047
16798,,,,1500,,148049
16799,,,,1500,,148050
16800,,,,1500,,148051
16801,,,,1500,,148052
16803,,,,1500,,148058
16804,,,,1500,,148059
16805,,,,1500,,148060
16806,,,,1500,,148061
16807,,,,1500,,148062
16808,,,,1500,,148063
16809,,,,1500,,148065
16810,,,,1500,,148066
16811,,,,1500,,148067
16812,,,,1500,,148068
16813,,,,1500,,148069
16814,,,,1500,,148099
16815,,,,1500,,148103
16816,,,,1500,,148104
16817,,,300000,,,148118
16820,,3000,,,,148140
16821,,4000,,,,148141
16822,,3000,,,,148160
16823,,,45000,1500,,147709
16824,,3500,,,,148169
16831,,5000,,,,148147
16836,,,,1000,,148215
16849,,,,1500,,148373
16853,,,2000,,,84071
16854,,,6000,,,148412
16855,,,10000,,,67001
16856,,,,1500,,148427
16857,,2000,,,,148430
16863,,,,1500,,148449
16865,,4000,,1500,,147107
16867,,,5000,,,148467
16869,,,,1500,,148520
16871,,,4000,,,148524
16872,,,,1500,,148527
16873,,,,1500,,148530
16874,,,,1500,,148551
16875,,,,1500,,148552
16876,,300000,,,,148553
16879,,,3000,,,148579
16880,,,1000,,,148581
16881,,3000,,,,145489
16882,,3000,,,,148518
16883,,3000,,,,148513
16884,,3000,,,,148515
16885,,3000,,,,148582
16887,,,50000,,,148608
16889,,,,1500,,148612
16890,,15000,,,,147689
16891,,15000,,,,147682
16892,,15000,,,,148677
16893,,,,1500,,148684
16894,,,5000,,,147204
16895,,,5000,,,146897
16899,,180000,,,,148773
16903,,,60000,,,146890
16904,,,10000,,,113886
16905,,,10000,,,113890
16907,,,,1500,,148810
16908,,,,1500,,148815
16909,,,,1500,,148819
16910,,,,1500,,26533
16911,,,,1500,,148567
16912,,,,1500,,26541
16913,,,,1500,,148842
16914,,,10000,,,148846
16916,,,10000,,,82992
16922,,,6000,1500,,148944
16923,,,,1500,,148952
16929,,1500,1500,,,145166
16930,,1500,1500,,,145169
16931,,1500,1500,,,145196
16934,,,,1500,,149065
16938,,500,,,,147104
16939,,9000,,,,146769
16942,,8000,,,,149180
16948,,1500,1500,,,149222
16949,,1500,1500,,,149223
16951,,6000,,,,144492
16953,,2000,,,,148029
16954,,2000,,,,149262
16955,,6000,,,,144545
16956,,6000,,,,144530
16958,,3000,,,,149302
16959,,4000,,,,146499
16960,,1000,,,,149308
16961,,1000,,,,149313
16962,,,60000,,,149335
16964,,,60000,,,149346
16965,,1500,,,,143343
16966,,1000,,,,143706
16967,,,60000,,,149349
16968,,,500,,,146398
16969,,10000,10000,1000,,149365
16970,,1000,,,,149368
16972,,1000,,,,149389
16974,,,,1500,,149410
16977,,,4000,1500,,149417
16978,,1000,,,,149456
16982,,,5000,,,149482
16985,6,2500,,,,143958
16986,5,2500,,,,143958
16988,,,6000,,,149514
16989,,,6000,,,147230
16991,,,1500,,,149538
16999,,,10000,,,149558
17000,,,1500,,,149560
17001,,,1500,,,149561
17003,,,3000,,,143445
17009,,15000,,,,149613
17010,,,1500,,,149661
17013,,10000,,,,149663
17020,,,,1500,,149787
17022,,,,1500,,149792
17024,,,,1500,,149801
17025,,,,1500,,149810
17028,,3000,12000,,,144485
17030,,3000,,,,149851
17031,,,5000,,,149876
17035,,5000,,,,149903
17036,,9000,,,,149908
17037,,,5000,,,149916
17038,,10000,,,,149947
17039,,10000,,,,149895
17044,,,,1500,,149992
17045,,,2000,,,117164
17050,,10000,,,,149599
17053,,,,1500,,150136
17064,,2000,,,,143494
17065,,,60000,,,150258
17066,,,,1500,,150261
17067,,5000,,,,150273
17068,,1000,,,,150280
17069,,,,1500,,150281
17070,,,,1500,,150289
17072,,,,1500,,150297
17073,,,,1500,,150302
17075,,,,2000,,150316
17080,,8000,,,,150332
17082,,,,1500,,150421
17083,,,,2000,,150424
17086,,2000,,,,150380
17087,,10000,,,,150460
17089,,30000,,,,148085
17092,,3000,,,,150513
17094,,8000,,,,150550
17095,,,5000,,,150560
17104,,,5000,,,144653
17106,,,15000,,,150596
17107,,,1500,,,150626
17108,,,,1500,,150628
17109,,,,1500,,150629
17110,,300000,,1500,,150630
17112,,8000,,1500,,150659
17114,,15000,,,,150700
17115,,15000,,,,150684
17116,,5000,,,,150706
17117,,,,1500,,150741
17121,,3000,,,,150214
17122,,3000,,,,150326
17124,,3000,,,,150755
17126,,5000,,,,150716
17127,,10000,10000,1500,,150808
17128,,6000,,,,150848
17129,,5000,,,,150849
17130,,5000,,,,150859
17131,,5000,,1500,,150759
17134,,12000,,,,150904
17135,,9000,,,,150881
17136,,,5000,,,150916
17137,,3000,,,,150981
17139,,,10000,,,150986
17140,,,1000,,,147638
17142,,5000,,,,151012
17144,,500,,,,151018
17145,,500,,,,151019
17146,,,1000,,,151088
17147,,,,1500,,151110
17148,,1500,10000,,,151108
17150,,5000,,,,150901
17152,,15000,,,,151183
17155,,15000,,,,151248
17158,,5000,,,,151098
17159,,5000,,,,150996
17160,,5000,,,,150911
17161,,5000,,,,150873
17162,,11000,,,,150770
17163,,5000,,,,150701
17164,,3000,,,,151285
17165,,5000,,,,151149
17166,,5000,,,,151153
17168,,,,15000,,151329
17170,,,180000,1000,,151339
17172,,,,30000,,151384
17173,,,,6000,,151386
17184,,3000,,,,151421
17185,,5000,,,,151447
17186,,3000,,,,151415
17187,,8000,,,,151454
17188,,8000,,,,151432
17189,,5000,,,,151475
17190,,,,1500,,151503
17191,,,,1000,,151506
17205,,5000,,,,151542
17206,,,,1500,,151545
17227,,5000,,,,151581
17239,,15000,,,,151659
17255,,5000,,,,151697
17273,,4000,,,,151838
17274,,4000,,,,150655
17275,,4000,,,,150646
17276,,10000,,,,151732
17277,,10000,,,,151766
17280,,,20000,,,151874
17281,,,30000,,,151876
17283,,3000,,,,151887
17284,,3000,,,,151827
17288,,,,1500,,151895
17293,,6000,,,,150615
17294,,6000,,,,151962
17295,,8000,,,,151998
17315,,5000,,,,151990
17316,,3000,,,,151965
17320,,3000,,,,152073
17321,,,30000,1500,,152108
17328,,,120000,,,152151
17329,,,20000,2000,,152150
17332,,,10000,1000,,152208
17335,,,20000,,,152212
17336,,,20000,,,152223
17337,,,,1500,,152235
17341,,8000,,,,152136
17342,,8000,,,,151547
17350,,2000,,,,152247
17351,,2000,,,,150278
17352,,,10000,,,151102
17354,,,,1500,,152280
17355,,6000,,,,152282
17357,,8000,,,,151810
17361,,,120000,,,152279
17365,,,500,,,152318
17366,,1500,10000,,,152216
17367,,3000,15000,,,152348
17368,,10000,10000,,,152324
17369,,,500,,,152358
17370,,,5000,,,152214
17371,,1000,10000,,,152360
17373,,1500,10000,,,152366
17390,,,,1500,,152421
17392,,5000,,,,151144
17399,,8000,,,,152456
17401,,,5000,,,151126
17402,,8000,,,,152486
17403,,8000,,,,152489
17404,,,60000,,,147630
17405,,,20000,,,146327
17408,,,60000,,,152514
17409,,,15000,,,144932
17411,,,10000,,,147477
17420,,,15000,,,152575
17421,,,15000,,,152602
17428,,,,1500,,152624
17438,,,15000,,,152640
17440,,,,1500,,152667
17442,,,15000,,,152668
17443,,,15000,,,152665
17445,,,8000,,,152653
17446,,,20000,,,149559
17449,,8000,,,,152689
17452,,8000,,,,152697
17453,,8000,,,,152698
17454,,8000,,,,152700
17455,,8000,,,,152701
17456,,8000,,,,152702
17458,,8000,,,,152703
17459,,15000,,,,152712
17461,,,20000,,,148832
17463,,,,1500,,152771
17464,,3000,,,,152772
17465,,6000,,,,152769
17469,,,,1500,,152809
17474,,3000,,,,150405
17481,,120000,,,,152891
17482,,,5000,,,152893
17483,,,,8000,,152894
17484,,,20000,,,152901
17490,,,,5000,,152917
17491,,,20000,,,152942
17492,,,15000,,,152943
17494,,,20000,,,152949
17496,,,20000,,,152952
17498,,,4000,,,152725
17499,,2000,,,,152964
17505,,3000,3000,,,152971
17519,,,,1500,,153061
17520,,,10000,,,153073
17521,,,10000,,,152903
17522,,2000,,,,153093
17523,,,1500,,,153026
17526,,,10000,,,153122
17534,,,10000,,,153149
17535,,2000,,,,153161
17540,,8000,,,,153094
17553,,,,,,153206
17564,,,8000,,,153397
17565,,,,1500,,153410
17566,,,,1500,,153441
17567,,1500,,,,153485
17569,,1500,,,,153496
17570,,,20000,,,153503
17575,,3000,,,,153525
17576,,3000,,,,153528
17585,,,45000,1500,,153561
17598,,,,1500,,153595
17606,,,,1500,,153674
17607,,,2000,,,153669
17608,,,,1500,,153626
17612,,1500,,,,153689
17613,,1000,,,,153691
17619,,12000,,,,153731
17625,,1000,1000,,,153771
17626,,2000,,,,153773
17630,,2000,,,,153784
17634,,,1500,,,153801
17635,,,,1500,,153830
17639,,1000,,,,153931
17642,,5000,,,,153732
17643,,1000,,,,154021
17645,,3000,3000,,,154039
17646,,10000,,,,154042
17647,,10000,,,,153954
17648,,5000,,,,154032
17655,,72000000,,,,154161
17656,,,,500,,154169
17657,,,,1500,,154170
17658,,,,1500,,154193
17660,,,,1500,,154204
17661,,,5000,,,154216
17663,,12000,,,,154233
17665,,4000,,,,154254
17666,,12000,,,,154228
17675,,5000,,,,154379
17676,,4000,,,,154384
17682,,3000,,,,154224
17684,,,5000,5000,,152973
17685,,12000,,,,154400
17686,,2000,,,,151254
17688,,25000,,,,153477
17689,,25000,,,,153991
17690,,,,1000,,154430
17692,,,,1500,,154437
17695,,,,1500,,154450
17696,,,3000,,,147742
17697,,,3000,,,147743
17698,,,3000,,,147738
17699,,,3000,,,147737
17702,,,5000,5000,,154513
17703,,,,2000,,154540
17704,,,2000,,,149743
17705,,10000,20000,,,154546
17706,,5000,,,,154521
17707,,,,1500,,154417
17708,,30000,,1000,,154302
17711,,,5000,1000,,154626
17713,,5000,,,,154576
17714,,5000,,,,154613
17715,,,1500,,,154664
17716,,5000,,,,154175
17717,,,1500,,,153680
17718,,6000,,,,154729
17719,,6000,,,,154683
17721,,,2000,,,154882
17724,,,20000,,,154891
17726,,,,1000,,154900
17727,,,,1000,,154901
17728,,,5000,5000,,154916
17729,,,60000,,,152762
17736,,3000,,,,155050
17737,,,,1000,,155111
17740,,,5000,,,155126
17741,,,,1500,,155142
17742,,,120000,1500,,155145
17746,,,3000,,,155155
17747,,,3000,,,155205
17748,,8000,,,,154766
17749,,8000,,,,154784
17750,,5000,,,,154724
17752,,,30000,1500,,155167
17753,,,,2000,,155268
17755,,,,1500,,155273
17757,,,,2000,,155279
17758,,5000,,,,154994
17760,,,30000,,,6358
17763,,30000,,,,115268
17764,,,,2000,,155292
17765,,5000,,,,155299
17767,,15000,,,,155326
17768,,3000,,,,155328
17769,,3000,,,,154958
17770,,2000,,,,155036
17771,,3000,,1500,,155356
17785,,,6000,1500,,155422
17788,,,10000,,,155429
17792,,3000,,,,154827
17793,,5000,,,,154749
17795,,3000,6000,,,155192
17796,,,1500,,,155491
17797,,,,1500,,33917
17798,,,5000,1000,,155532
17799,,11000,,,,155539
17801,,,,1500,,155558
17802,,5000,,,,155423
17803,,3000,,,,155399
17804,,5000,,,,155513
17805,,15000,,,,155517
17806,,3000,,,,155198
17807,,5000,,,,155385
17808,,5000,,,,155247
17809,,8000,,,,155221
17810,,,120000,1500,,155582
17811,,,,1500,,155587
17812,,,,1500,,155588
17813,,,,1000,,155590
17815,,15000,,,,155508
17816,,5000,,,,155509
17817,,4000,,,,155603
17819,,5000,,,,155520
17820,,3000,,,,155365
17821,,,,1500,,155201
17823,,,500,,,155613
17824,,,,1000,,155625
17826,,,6000,1500,,155469
17830,,,,1500,,155410
17831,,,,1500,,155419
17832,,,,1500,,155426
17834,,,,1500,,155748
17835,,,10000,,,155750
17837,,,,1500,,155778
17839,,5000,,,,155798
17840,,,5000,,,155808
17845,,3000,,,,153751
17846,,3000,,,,153730
17847,,30000,,1000,,155918
17848,,4000,,,,155917
17849,,1000,,,,153833
17850,,10000,10000,,,155930
17852,,3000,,,,155909
17856,,5000,,,,155961
17857,,3000,,,,155984
17865,,6000,,,,155825
17866,,5000,,,,155779
17869,,,3000,,,145695
17871,,3000,,,,155841
17872,,5000,,,,156091
17876,,,5000,,,149862
17879,,2000,,,,156201
17880,,3000,,,,154922
17881,,,90000,,,1719
17882,,5000,5000,5000,,156283
17886,,5000,5000,5000,,156157
17887,,3000,3000,3000,,156293
17890,,5000,,,,156125
17900,,15000,,,,156385
17902,,295000,,,,129743
17903,,295000,,,,148557
17904,,25000,,,,156398
17905,,20000,,,,156407
17906,,3000,,,,155515
17907,,5000,,,,156408
17909,,1000,,,,156423
17910,,1000,,,,156426
17911,,,,4000,,156427
17912,,1000,,,,156428
17913,,1000,,,,156430
17914,,60000,,,,156436
17915,,,60000,,,156438
17916,,10000,,,,156444
17917,,60000,,,,156445
17918,,,,1500,,156450
17919,,,6000,1500,,156465
17920,,,5000,1000,,156484
17922,,,10000,,,156534
17924,,5000,,,,156600
17925,,10000,,,,156499
17926,,10000,,10000,,155402
17932,,12000,,,,152989
17935,,5000,,,,153006
17942,,1000,,,,156642
17943,,3000,,,,156777
17946,,5000,,,,153581
17947,,5000,,,,153544
17950,,5000,,,,156899
17951,,,5000,,,156906
17952,,,,1500,,156910
17953,,,,40000,,156911
17961,,,10000,,,155173
17962,,,,1500,,156993
17963,,,10000,,,157005
17965,,,10000,,,157013
17966,,,2000,,,156968
17967,,10000,,,,152962
17970,,,,1500,,157048
17983,,,2000,,,157201
17984,,,,1500,,157213
17986,,,,500,,157331
17988,,,20000,500,,157348
17989,,,15000,1500,,157352
17990,,,40000,,,157375
17994,,,8000,,,157267
17995,,,15000,,,157387
17996,,,15000,,,157386
17997,,,15000,,,157388
17998,,,15000,,,157390
17999,,,15000,,,157344
18000,,,15000,,,157356
18007,,,20000,,,157176
18008,,,35000,1500,,157526
18009,,3000,,,,157528
18011,,6000,,,,155524
18012,,6000,,,,154623
18014,,,35000,1000,,152175
18015,,,15000,,,157543
18017,,25000,,1500,,157563
18019,,,15000,,,157589
18021,,,6000,,,157601
18022,,,6000,,,157603
18023,,,3000,,,157623
18033,,,8000,,,157702
18039,,,,1500,,157757
18046,,,,1500,,157897
18047,,,,1500,,157898
18048,,,,1500,,157899
18051,,,,1500,,157904
18055,,25000,,,,157060
18056,,4000,,,,156704
18059,,,15000,,,157954
18063,,,45000,1500,,157980
18064,,,30000,1500,,157981
18065,,,25000,1500,,157997
18066,,2000,,,,153794
18068,,,,,,158081
18069,,120000,120000,1500,,158113
18080,,,4000,,,158148
18081,,3000,,,,158183
18090,,,,1500,,158261
18091,,,3000,3000,,158278
18092,,,3000,3000,,158282
18093,,,180000,,,158294
18094,,,180000,,,158296
18096,,,180000,,,158318
18097,,,,1500,,158338
18098,,1000,,,,158343
18100,,,18000,1500,,158402
18101,,,,1500,,158416
18102,,,5000,1500,,158443
18105,,,6000,,,61336
18106,,,1800000,,,158483
18107,,,1800000,,,158490
18109,,,10000,,,158535
18110,,4000,,,,158547
18111,,4000,,,,158553
18113,,5000,,,,158563
18114,,6000,,,,158566
18117,,,,1500,,158586
18121,,8000,,,,158615
18123,,,3000,,,158631
18125,,,,5000,,158638
18127,,,,1500,,148736
18128,,3000,,,,158664
18129,,8000,,,,158665
18135,,,250,,,158671
18137,,,,1000,,158720
18138,,3000,15000,,,158722
18140,,,250,,,158743
18141,,,,1500,,148855
18142,,,40000,1500,,155835
18145,,,1500,,,158869
18146,,,1500,,,158870
18153,,,3000,,,158986
18155,,6000,,,,156096
18158,,,40000,,,159241
18160,,3000,,,,159266
18161,,3000,,,,159262
18162,,3000,,,,159242
18164,,,,5000,,159290
18165,,,,1500,,159296
18166,,6000,,,,159318
18169,,8000,,,,159396
18173,,,,1500,,159466
18174,,,30000,,,159475
18177,,10000,,,,153470
18180,,,,1500,,159581
18181,,30000,,1000,,159584
18182,,6000,,,,159586
18186,,,,1500,,159612
18189,,1000,,,,156666
18190,,10000,,,,159698
18191,,11000,,,,159723
18192,,,60000,,,159733
18195,,,,7000,,159745
18196,,5000,,,,156345
18197,,3000,,,,156348
18198,,3000,,,,156446
18199,,18000,,,,159750
18201,,,3000,1500,,159790
18202,,8000,,1500,,159800
18204,,28800000,,1500,,159895
18205,,28800000,,1500,,159896
18206,,28800000,,1500,,159897
18207,,28800000,,1500,,159898
18208,,28800000,,1500,,159899
18209,,28800000,,1500,,159900
18210,,28800000,,1500,,159901
18211,,28800000,,1500,,159902
18215,,600000,,1000,,159931
18216,,,6000,,,159936
18217,,,60000,1000,,159953
18218,,600000,,1000,,159956
18221,,,,1500,,160007
18222,,,90000,,,160011
18223,,1500,,,,160013
18226,,,6000,,,160018
18228,,,90000,,,160044
18231,,,6000,,,160060
18232,,,60000,,,160063
18233,,,10000,,,160065
18234,,,10000,,,160067
18238,,4000,,,,160082
18239,,2000,,,,160092
18240,,1000,,,,160079
18243,,,5000,,,159043
18244,,,3000,,,156305
18247,,1500,3000,,,160147
18248,,,500,,,160152
18249,,,,1500,,160154
18251,,3000,,,,157819
18252,,,10000,1500,,160162
18253,,,20000,,,160167
18254,,,20000,,,160168
18256,,,,1500,,160193
18257,,,8000,1500,,160194
18258,,,15000,1500,,160197
18262,,,,1500,,160201
18266,,,,1500,,160209
18268,,,1000,,,160277
18270,,20000,,,,160259
18271,,,120000,,,160283
18274,,,10000,,,160297
18279,,10000,,,,160323
18282,,1000,,,,160363
18283,,3000,,,,160364
18291,,,360000,,,160452
18293,,,,1500,,160470
18296,,3000,6000,,,160473
18297,,5000,12000,,,160484
18298,,,,1500,,160503
18300,,,3000,,,160656
18301,,,,1000,,160661
18302,,,6000,1500,,160673
18303,,30000,,,,160379
18306,,5000,,,,160694
18307,,5000,,,,160463
18308,,5000,,,,160439
18309,,5000,,,,160458
18310,,5000,,,,160443
18315,,5000,,,,160743
18316,,,,1500,,160769
18320,,,3000,,,56070
18321,,,,1000,,160812
18322,,,,1500,,160822
18323,,,,1500,,160824
18332,,,2000,,,160751
18333,,5000,,,,160912
18334,,,,1500,,160925
18335,,5000,,,,160929
18336,,18000,,,,160638
18337,,,,1500,,160948
18338,,1000,1000,,,160991
18339,,5000,,,,160993
18341,,,5000,,,161016
18343,,3000,15000,,,161040
18347,,3000,6000,,,161117
18348,,3000,,,,152573
18349,,,10000,,,161135
18350,,5000,,,,161172
18355,,,,1500,,161198
18356,,,30000,,,159382
18357,,5000,,,,161217
18360,,,300000,1500,,161332
18361,,,,1500,,161353
18362,,,,1500,,161354
18363,,,,1500,,161355
18365,,,,1500,,161372
18366,,,600000,,,161410
18367,,,1000,,,156045
18368,,,5000,,,161435
18371,,,,1000,,161500
18373,,6000,,,,161502
18374,,,,1500,,161522
18375,,,,1500,,161529
18377,,4000,,,,157241
18378,,4000,,,,161513
18380,,1000,,,,156586
18382,,,5000,,,161672
18383,,,300000,1500,,161676
18384,,,,1500,,161691
18388,,,300000,1500,,161767
18393,,4000,,,,161784
18396,,,90000,1500,,161862
18398,,4000,,,,156864
18399,,4000,,,,161794
18400,,10000,15000,,,161299
18401,,10000,15000,,,161314
18402,,10000,15000,,,161319
18403,,10000,15000,,,161327
18404,,10000,15000,,,161344
18405,,10000,15000,,,161462
18406,,10000,15000,,,161470
18407,,10000,15000,,,161478
18408,,10000,15000,,,161485
18409,,10000,15000,,,161507
18410,,10000,15000,,,161509
18411,,10000,15000,,,161510
18412,,10000,15000,,,161520
18413,,10000,15000,,,161525
18415,,10000,15000,,,161569
18416,,10000,15000,,,161575
18418,,10000,15000,,,161587
18420,,,,1500,,161995
18421,,,45000,,,162052
18422,,,180000,1500,,162056
18425,,,,1500,,162075
18426,,3000,,,,162086
18427,,8000,,,,162062
18428,,8000,,,,162055
18429,,15000,,1500,,162113
18431,,6000,,,,162111
18432,,6000,,,,148852
18433,,5000,,,,161729
18434,,5000,,,,161630
18435,,4000,,,,162074
18436,,4000,,,,162078
18437,,4000,,,,162082
18438,,300000,,,,162128
18441,,8000,,,,162139
18443,,,,6000,,161090
18444,,,5000,,,162169
18445,,,5000,,,162173
18448,,7000,,1500,,162191
18449,,2000,,,,162229
18450,,2000,,,,162228
18451,,2000,,,,162236
18452,,,,1500,,162243
18454,,8000,,,,162248
18459,,6000,,,,162227
18461,,2000,,,,162265
18462,,2000,,,,162300
18463,,5000,,,,161397
18464,,2000,,,,162306
18465,,10000,,,,162232
18467,,10000,,,,162319
18468,,,5000,,,162330
18469,,,10000,,,162333
18470,,,10000,,,162334
18471,,6000,,,,162339
18479,,,60000,,,162377
18484,,10000,15000,,,161600
18485,,10000,15000,,,161662
18486,,10000,15000,,,161819
18488,,,30000,1500,,162488
18490,,3000,,,,162508
18491,,120000,,,,162512
18492,,3000,,,,162516
18493,,,1000,,,162517
18494,,3000,,,,162523
18500,,,,1500,,162560
18501,,,30000,1000,,115295
18502,,,,1500,,162609
18503,,,3000,3000,,162618
18504,,,,1500,,162619
18505,,,,1500,,162631
18506,,12000,,,,162602
18507,,12000,,,,162606
18508,,,,1500,,162634
18509,,,,1500,,162642
18510,,,8000,,,162666
18517,,,6000,,,162716
18518,,4000,,,,159356
18519,,10000,15000,,,161876
18520,,10000,15000,,,161871
18526,,10000,15000,,,161881
18527,,15000,,1500,,162753
18528,,,,1500,,162754
18529,,1000,,,,156592
18530,,1000,,,,156590
18532,,1000,,,,156589
18534,,1000,,,,156588
18535,,1000,,,,156593
18536,,,,1500,,162763
18540,,,,1500,,162794
18541,,1000,,,,162795
18542,,,10000,,,162896
18545,,3000,,,,162972
18549,,,60000,,,163011
18550,,3000,,,,163040
18555,,,,1000,,163022
18559,,3000,,,,155921
18560,,,5000,,,163047
18561,,,,1500,,163199
18562,,,6000,1500,,163201
18564,,,500,,,163251
18566,,,300000,,,163254
18568,,,1000,,,163285
18574,,,500,,,163371
18575,,,,1500,,163219
18576,,,,1500,,162906
18577,,,,1500,,162313
18578,,,25000,1000,,163414
18579,,,60000,,,163437
18580,,,,1500,,163441
18581,,,500,,,163481
18583,,1000,,,,163486
18584,,1000,,,,163487
18585,,1000,,,,163488
18586,,1000,,,,163489
18587,,1000,,,,163490
18588,,1000,,,,163491
18589,,1000,,,,163493
18590,,,,1500,,163558
18591,,4500,,,,163583
18592,,5000,,,,163586
18593,,,,60000,,162568
18601,,,2000,,,163687
18602,,3000,,,,163716
18603,,5000,,,,162127
18604,,5000,,,,162133
18605,,5000,,,,163745
18609,,5000,,,,163771
18610,,5000,,,,163773
18613,,3000,,,,156038
18614,,3000,,,,156018
18615,,5000,,,,163816
18616,,5000,,,,161459
18619,,,5000,,,163878
18622,,,60000,,,163899
18624,,,4000,,,163949
18626,,5000,,,,163968
18627,,10000,15000,,,163973
18628,,10000,15000,,,163977
18629,,10000,15000,,,163983
18630,,10000,15000,,,163991
18631,,10000,15000,,,163996
18632,,,600000,1500,,164012
18640,,,,1500,,164063
18641,,,10000,,,164068
18642,,5000,,,,164074
18643,,,1000,,,164078
18644,,7000,,1500,,164091
18645,,,,1500,,164092
18647,,5000,,,,164161
18648,,3000,,,,164163
18655,,,,60000,,164202
18656,,,,60000,,164203
18657,,,8000,,,164207
18658,,,,1500,,164212
18659,,5000,,,,164170
18660,,7000,,,,164227
18661,,500,,,,156669
18662,,,,1500,,164300
18664,,,,1500,,164313
18665,,8000,,,,164318
18666,,,,1500,,164325
18667,,,120000,,,164326
18668,,,,1500,,164330
18669,,,,1500,,164337
18670,,,,1000,,164340
18675,,,,1000,,164392
18676,,,,1500,,164399
18679,,,30000,1500,,164443
18680,,,180000,1500,,164444
18681,,,6000,1500,,164446
18682,,8000,,1500,,164448
18683,,,,1500,,164452
18684,,,120000,,,164458
18685,,,,1500,,164463
18686,,,120000,1500,,164465
18687,,6000,,2000,,164466
18688,,,,1500,,164469
18689,,,10000,,,164470
18690,,4000,,,,164471
18691,,,,1500,,164476
18695,,,,1000,,164498
18701,,,1500,,,164583
18702,,5000,,,,164582
18703,,,,1000,,164588
18704,,5000,,,,164587
18705,,,3000,,,164596
18706,,,5000,,,164563
18712,,10000,,,,164624
18713,,3000,,,,164641
18714,,2000,,,,164686
18716,,10000,15000,,,164740
18717,,10000,15000,,,164758
18718,,10000,15000,,,164760
18719,,10000,15000,,,164764
18720,,10000,15000,,,164771
18721,,10000,15000,,,164777
18722,,10000,15000,,,164783
18723,,10000,15000,,,164788
18726,,,,500,,164862
18727,,10000,,,,164821
18730,,3000,,,,164907
18731,,10000,15000,,,164913
18732,,10000,15000,,,164915
18733,,10000,15000,,,164919
18734,,10000,15000,,,164924
18735,,10000,15000,,,164929
18736,,10000,15000,,,164934
18737,,10000,15000,,,164939
18738,,10000,15000,,,164944
18739,,,10000,,,164957
18744,,15000,,,,164685
18745,,,1500,,,164884
18747,,6000,,,,165031
18750,,7000,,,,165034
18751,,7000,,,,165085
18753,,,,1500,,165096
18758,,,,1000,,165129
18759,,,,1000,,165148
18760,,,,1000,,165150
18761,,,,1500,,165169
18762,,,5000,,,165184
18763,,5000,,,,165203
18764,,5000,,,,165208
18765,,5000,,,,165222
18770,,,4000,,,165283
18771,,,,1500,,165291
18772,,,120000,,,165306
18773,,8000,,1500,,165309
18777,,,,1500,,165348
18780,,,1500,,,165405
18781,,3000,,,,165329
18782,,3000,,,,165416
18783,,3000,,,,165424
18784,,,8000,,,165422
18785,,,,1500,,165434
18786,,,,1500,,165435
18787,,,,1500,,165436
18789,,,20000,,,165445
18790,,,,3000,,165441
18792,,3000,,1500,,165481
18793,,,1000,,,165287
18794,,1500,1500,,,165279
18795,,,20000,,,165491
18796,,,,1000,,165510
18797,,5000,,,,165508
18798,,5000,,,,165515
18799,,15000,,,,165520
18800,,,5000,1000,,165562
18801,,,,3000,,165592
18802,,6000,,,,165587
18804,,,35000,1500,,165689
18805,,,,1500,,165711
18806,,,,1500,,165713
18807,,,,1500,,165714
18808,,,,1500,,165720
18809,,10000,,,,165722
18810,,,,1500,,165735
18811,,,,1500,,165736
18812,,,,1500,,165737
18813,,,,1500,,165739
18814,,,,1500,,165740
18815,,,10000,,,165743
18816,,,,1500,,165745
18817,,,,1500,,165746
18818,,,,1500,,165747
18819,,,,1500,,165748
18820,,,,1500,,165749
18821,,,,1500,,165750
18822,,20000,,1500,,165751
18823,,,,1500,,165752
18824,,,,1500,,165754
18825,,,,1000,,165755
18826,,15000,,1500,,165758
18827,,,,1500,,165760
18828,,,,1500,,165762
18829,,,,1500,,165763
18830,,,,1500,,165764
18831,,,,1500,,165766
18832,,,30000,1000,,165768
18833,,,,1000,,165769
18834,,,,1500,,165770
18835,,,,1500,,165771
18836,,,,1500,,165773
18837,,,,1500,,165774
18838,,3000,,,,163446
18839,,10000,,,,165782
18841,,,1000,,,165787
18842,,,1000,,,165794
18843,,,1500,,,165843
18844,,,60000,,,165853
18845,,,5000,,,163831
18846,,3000,,,,159483
18847,,8000,,,,165733
18850,,10000,,,,162280
18851,,6000,,,,165907
18852,,10000,,,,165908
18854,,10000,,,,165920
18856,,10000,,,,165925
18858,,12000,,,,165935
18862,,,,1500,,165962
18867,,,1000,,,165988
18868,,1000,,,,165991
18869,,1000,,,,165993
18870,,6000,,,,165985
18871,,6000,,,,166033
18872,,,180000,,,166074
18874,,,10000,,,166076
18875,,,1500,,,166087
18876,,2000,,,,166152
18877,,2000,,,,166154
18878,,2000,,,,166155
18879,,15000,,,,166174
18880,,10000,,,,166170
18881,,6000,,,,166185
18882,,13000,,,,166177
18883,,10000,,,,166189
18884,,15000,,,,166192
18885,,15000,,,,166199
18886,,,1500,,,166207
18887,,5000,,,,166224
18888,,5000,,,,166227
18894,,,,1000,,166296
18895,,3000,,,,158659
18896,,3000,,,,158694
18898,,3000,,,,158830
18899,,3000,,,,158852
18900,,3000,,,,158853
18901,,3000,,,,158854
18902,,3000,,,,159248
18903,,3000,,,,158809
18904,,3000,,,,158823
18905,,3000,,,,159245
18906,,,1000,,,166295
18907,,25000,40000,,,166307
18908,,2000,,,,166316
18909,,,500,,,166330
18910,,6000,,,,166335
18911,,6000,,,,166346
18915,,5000,,,,166377
18916,,,15000,1500,,166425
18918,,,2000,,,166450
18921,,,2000,,,166573
18922,,2000,,,,166712
18923,,2000,,,,166716
18924,,,3000,,,166717
18925,,2000,,,,166767
18926,,,,1000,,166772
18927,,500,,,,166714
18928,,500,,,,166774
18929,,500,,,,166778
18930,,2000,,,,166779
18931,,3000,,,,166782
18932,,5000,,,,166693
18933,,500,,,,166795
18934,,,,60000,,166806
18935,,12000,,,,166817
18937,,4500,,1500,,166844
18938,,10000,,,,166812
18939,,4000,,,,166766
18940,,,500,,,166853
18942,,,,500,,166864
18943,,,600000,,,160241
18947,,,,1000,,166945
18948,,,2000,,,166947
18953,,50000,,1500,,166972
18954,,,,1500,,166981
18955,,3000,,,,166992
18956,,5000,,,,166994
18957,,3000,,,,166998
18958,,3000,6000,,,166982
18959,,,5000,1000,,167016
18960,,5000,,,,167011
18961,,12000,,,,167053
18962,,11000,,,,167057
18963,,20000,,,,167060
18964,,10000,,,,167065
18965,,3000,,,,167062
18966,,3000,,,,167068
18967,,10000,,,,167069
18968,,,600000,,,160240
18969,,,15000,,,167097
18971,,,45000,1500,,167105
18973,,4000,,,,161987
18974,,4000,,,,162085
18975,,,,1500,,167141
18976,,,12000,,,161937
18977,,,12000,,,161955
18978,,3000,,,,165358
18979,,5000,,,,165328
18980,,8000,,,,158099
18981,,8000,,,,158142
18986,,,60000,,,167242
18988,,,120000,1500,,167259
18989,,,2000,,,167272
18990,,,,1500,,167273
18991,,,,500,,167278
18992,,,10000,1500,,167282
18993,,,12000,,,167252
18994,,,,3000,,167299
18995,,,,1500,,167332
18998,,,10000,1500,,167379
18999,,,,1000,,167311
19000,,,1800000,,,167399
19001,,5000,,,,167414
19003,,,,1000,,167422
19004,,3000,,,,167439
19005,,,3000,,,162367
19006,,9000,,,,167492
19008,,500,500,,,167522
19009,,,,1500,,167536
19010,,3000,,,,167564
19011,,3000,,,,167558
19012,,7000,,,,167533
19013,,,10000,,,167566
19017,,500,,,,167458
19018,,1000,,,,167572
19019,,,,1500,,167594
19020,,,600000,,,164050
19021,,1000,,,,167617
19022,,1000,,,,167618
19023,,1000,,,,167619
19024,,1000,,,,167620
19025,,1000,,,,167621
19026,,1000,,,,167623
19028,,2500,,,,166543
19029,,1000,,1500,,167677
19030,,1000,,,,167682
19031,,1500,,,,167688
19033,,5000,,,,167614
19034,,5000,,,,167679
19036,,,4000,,,167706
19039,,,1500,,,167722
19042,,,6000,,,167732
19044,,,1000,,,167853
19045,,1000,,,,167674
19046,,1000,,,,167675
19047,,1000,,,,167678
19048,,,1000,,,167865
19054,,500,,,,167883
19055,,500,,,,167884
19056,,1500,,,,167898
19058,,1500,,,,167924
19059,,5000,,,,167944
19060,,5000,,,,167367
19061,,5000,,,,158546
19062,,12000,,,,158564
19063,,5000,,,,158560
19065,,5000,,,,158549
19066,,3000,,,,158083
19067,,5000,,,,158085
19068,,8000,,,,158088
19069,,8000,,,,158117
19070,,8000,,,,158149
19071,,5000,,,,158160
19072,,5000,,,,158431
19073,,5000,,,,158433
19074,,5000,,,,158438
19075,,5000,,,,158480
19076,,5000,,,,158485
19077,,5000,,,,158498
19078,,5000,,,,158506
19079,,5000,,,,158507
19080,,5000,,,,158540
19082,,5000,5000,5000,,158641
19084,,5000,,,,165373
19085,,5000,,,,167561
19086,,5000,,,,167945
19087,,,15000,,,163384
19091,,,2000,,,168022
19092,,5000,,,,167874
19093,,5000,,,,167879
19094,,1000,,,,156587
19095,,,5000,1000,,168097
19096,,4000,,,,168112
19097,,10000,,,,168127
19101,,40000,,,,160954
19104,,120000,,,,168223
19108,,,,1500,,168247
19113,,5000,,,,168264
19114,,,,5000,,168280
19122,,2000,,,,168375
19123,,,3000,,,168398
19126,,2000,,,,168404
19128,,,,1500,,168455
19130,,,600000,,,168459
19135,,,8000,,,168495
19136,,,5000,,,153177
19137,,,5000,,,153178
19142,,,2000,,,168581
19143,,,10000,,,168589
19144,,5000,,,,150038
19145,,5000,,,,150023
19146,,,,1500,,168668
19148,,3000,,,,168766
19149,,10000,,,,168275
19154,,,,1500,,168802
19155,,,,1500,,168803
19164,,,10000,,,168886
19165,,20000,,,,168915
19166,,3000,,,,168927
19167,,,15000,,,168931
19168,,,,1500,,168939
19169,,,,1000,,168941
19172,,,,1500,,168955
19173,,,2000,,,168974
19174,,,,1500,,168977
19175,,,2000,,,168989
19178,,,1800000,,,169037
19179,,5000,,,,169000
19180,,5000,,,,168981
19181,,5000,,,,168985
19182,,5000,,,,168986
19183,,6000,,,,169064
19184,,6000,,,,169042
19185,,4000,,,,169060
19186,,4000,,,,169048
19187,,3000,,,,169079
19188,,1000,,,,169080
19189,,1000,,,,169092
19190,,,,1000,,169106
19191,,5000,,,,168940
19192,,5000,,,,168944
19193,,5000,,,,169119
19194,,30000,,,,168045
19197,,1500,,,,169131
19198,,5000,,,,169150
19199,,6000,,,,169156
19200,,,,1500,,169220
19201,,,,1500,,169284
19202,,,25000,,,169339
19203,,,90000,1500,,169340
19204,,,,1500,,169335
19205,,,1500,,,169368
19206,,5000,,,,169371
19208,,5000,,,,169382
19209,,5000,,,,169376
19210,,5000,,,,169249
19211,,3000,,,,169375
19212,,,120000,,,168653
19213,,,120000,,,168555
19214,,,1500,,,169400
19215,,,,1500,,169426
19216,,,120000,1500,,169432
19217,,3000,,,,169073
19218,,4000,,,,168965
19219,,,3000,,,169490
19220,,,,1500,,169491
19221,,3000,,,,169590
19222,,3000,,,,169581
19223,,3000,,,,169584
19224,,3000,,,,169621
19225,,3000,,,,169623
19226,,3000,,,,169629
19227,,1000,,,,168835
19228,,,,1500,,169666
19232,,,,1500,,169762
19233,,,,1500,,169763
19234,,,,1500,,169764
19235,,,,1500,,169765
19236,,,,1500,,169766
19237,,,,1500,,169767
19238,,,,1500,,169768
19239,,,,1500,,169769
19240,,,,1500,,169770
19241,,,,1500,,169771
19242,,6000,,,,169849
19243,,6000,,,,169157
19244,,6000,,,,169183
19245,,6000,,,,169846
19246,,6000,,,,169883
19247,,6000,,,,169880
19248,,6000,,,,169900
19249,,6000,,,,169903
19250,,6000,,,,169917
19251,,6000,,,,169354
19254,,5000,,,,169756
19257,,,10000,,,169953
19262,,10000,,,,169094
19263,,10000,,,,170032
19264,,10000,,,,170040
19265,,,10000,,,170051
19266,,6000,,,,170080
19267,,4000,,,,170099
19268,,6000,,,,170091
19269,,,2000,,,170101
19272,,,,1000,,170176
19273,,,,1500,,170177
19274,,60000,,,,170221
19301,,,,1500,,170267
19302,,,,1500,,170268
19303,,,,1500,,170269
19304,,,,1500,,170270
19305,,,,1500,,170271
19306,,,,1500,,170272
19307,,,,1500,,170273
19308,,,,1500,,170274
19309,,,,1500,,170275
19310,,,,1500,,170276
19311,,,,1500,,170277
19312,,,,1500,,170278
19313,,,,1500,,170279
19314,,,,1500,,170280
19315,,,,1500,,170281
19316,,,,1500,,170282
19317,,,,1500,,170283
19318,,,,1500,,170284
19319,,,,1500,,170285
19320,,,,1500,,170286
19321,,,,1500,,170287
19322,,,,1500,,170288
19323,,,,1500,,170289
19324,,,,1500,,170290
19325,,,,1500,,170291
19326,,,,1500,,170292
19327,,3000,,,,170355
19328,,10000,10000,1000,,170357
19329,,10000,10000,1000,,170358
19330,,10000,10000,1000,,170359
19331,,10000,10000,1000,,170360
19332,,10000,10000,1000,,170361
19333,,10000,10000,1000,,170362
19334,,10000,10000,1000,,170363
19335,,10000,10000,1000,,170364
19336,,3000,,,,170365
19337,,5000,,,,170367
19338,,,3000,,,170370
19339,,3000,,,,170373
19340,,5000,,,,170369
19342,,5000,,,,170402
19343,,,60000,,,170403
19344,,5000,,,,170396
19345,,,35000,1500,,170426
19346,,,,1500,,170431
19347,,,,1500,,170432
19348,,,,1500,,170435
19349,,,8000,,,170478
19353,,,1500,,,170493
19354,,,1500,,,170494
19355,,10000,15000,,,170504
19356,,1000,,,,170530
19357,,1000,,,,170532
19358,,1000,,,,170535
19359,,1000,,,,170536
19360,,1000,,,,170537
19361,,1000,,,,170538
19362,,5000,,,,170560
19363,,5000,,,,170565
19364,,5000,,,,170573
19365,,5000,,,,170578
19366,,5000,,,,170579
19367,,5000,,,,170580
19368,,5000,,,,170584
19369,,,5000,,,170591
19370,,,5000,,,170593
19371,,5000,,,,170595
19372,,3000,,,,170608
19374,,3000,,,,170619
19375,,5000,,,,170625
19376,,5000,,,,170615
19377,,5000,,,,170607
19378,,,,1500,,170637
19381,,3000,,,,170666
19382,,1000,,,,170751
19383,,5000,,,,170746
19384,,,,1500,,170764
19386,,,,1500,,170774
19387,,3000,,,,170794
19388,,3000,,,,170802
19391,,3000,,,,170813
19392,,10000,15000,,,170824
19393,,3000,,,,170825
19394,,4000,,,,170828
19395,,1000,,,,170700
19396,,120000,120000,1500,,170833
19397,,4000,,,,170851
19398,,6000,,,,170852
19399,,3000,,,,170873
19400,,,3000,,,170888
19401,,5000,,,,170914
19406,,,1800000,,,170932
19407,,,10000,,,170980
19408,,,20000,,,170992
19409,,,9999000,,,170993
19410,,,,1500,,170994
19411,,,30000,1500,,170995
19412,,,30000,1500,,170996
19413,,,,1500,,171001
19414,,,,1500,,171003
19415,,,,1500,,171004
19416,,,,1500,,171011
19417,,,,1500,,171012
19418,,10000,,,,171014
19419,,,60000,,,171017
19420,,,60000,,,171018
19421,,,,1500,,171019
19422,,,10000,,,171021
19423,,,30000,,,171023
19424,,,,1500,,171030
19425,,4000,,,,170371
19427,,6000,,,,171084
19428,,9000,,,,171094
19431,,,300000,,,168487
19432,,,300000,,,168499
19434,,,,1500,,171118
19435,,3000,,,,171132
19436,,3000,,,,171134
19437,,24000,24000,,,171138
19438,,24000,24000,,,171139
19439,,24000,24000,,,171140
19440,,5000,,,,171143
19441,,60000,,,,171149
19442,,,60000,,,171152
19443,,,60000,,,171154
19444,,3000,,,,171155
19445,,,60000,,,171156
19447,,3000,,,,171167
19448,,7000,,,,171166
19449,,9000,,,,171171
19450,,6000,,,,171186
19451,,3000,,,,171180
19452,,3000,,,,163710
19453,,6000,,,,171189
19454,,,,1500,,171204
19455,,,,1500,,171222
19456,,10000,15000,,,171233
19457,,6000,,,,171236
19458,,6000,,,,171239
19459,,,300000,1500,,171245
19460,,,120000,1500,,171247
19461,,,300000,1500,,171249
19462,,,300000,1500,,171250
19463,,,1500,,,171252
19469,,6000,,,,171331
19470,,,600000,,,170097
19471,,,600000,,,170108
19472,,4000,,,,171342
19473,,6000,,,,171343
19474,,4000,,,,171355
19476,,11000,,,,171405
19477,,4000,,,,171056
19478,,,5000,,,171432
19480,,4000,,,,171444
19481,,6000,,,,171459
19484,,,,1500,,171500
19485,,,1000,1000,,171513
19486,,300000,,,,171549
19487,,,,1500,,171552
19488,,,1500,,,171555
19489,,,1500,,,171556
19490,,,1500,,,171557
19494,,60000,,1000,,171571
19495,,,,1500,,171607
19497,,1000,,,,171391
19498,,1000,,,,171690
19499,,4000,,,,168350
19501,,,,1500,,171758
19504,,300000,,,,171760
19509,,3000,,,,171799
19510,,,,1500,,171805
19511,,,,1500,,171807
19513,,,,1500,,171852
19514,,2000,,,,171859
19515,,,1000,,,171867
19516,,2000,,,,171873
19517,,,10000,,,171874
19518,,,1000,,,171875
19524,,5000,,,,171890
19525,,3000,,,,171892
19528,,,,1500,,171912
19529,,,,1500,,171915
19531,,,15000,,,171917
19534,,3000,,,,171928
19535,,3000,,,,171946
19536,,,1500,1500,,171950
19540,,2000,,,,172005
19541,,2000,,,,172014
19545,,3000,,,,172042
19546,,3000,,,,172046
19547,,60000,,,,172052
19548,,60000,,,,172047
19549,,60000,,,,172049
19550,,60000,,,,172053
19551,,60000,,,,172027
19552,,3000,,,,172060
19554,,6000,,,,172108
19555,,6000,,,,172112
19556,,3000,,,,172071
19560,,,1500,,,172141
19562,,5000,,,,172161
19563,,1000,1000,,,172324
19564,,,,1500,,172328
19565,,,,3000,,172349
19566,,,,3000,,172351
19567,,,2000,,,172367
19569,,,30000,,,172497
19571,,,,1500,,172538
19572,,,300000,1500,,172548
19573,,,15000,,,168885
19577,,3000,,1500,,172606
19578,,1000,,1500,,172057
19579,,1500,,1500,,172602
19580,,1500,,1500,,172603
19581,,10000,,,,172593
19582,,2000,,,,172619
19583,,2000,,,,172623
19584,,,,1500,,172632
19585,,1000,,,,172635
19586,,2000,,,,172640
19588,,2000,,,,172657
19591,,,6000,,,172680
19592,,3000,,1500,,172683
19596,,10000,,,,172690
19597,,,,1500,,172695
19598,,,,5000,,172714
19599,,,,1500,,172717
19600,,,1000,1000,,166357
19601,,,1000,1000,,166353
19602,,,1000,1000,,166354
19603,,,1000,1000,,166361
19604,,,1000,1000,,166352
19606,,2000,,1500,,172734
19607,,8000,,1500,,172732
19608,,,60000,,,164363
19609,,,60000,1000,,172738
19610,,,6000,,,172742
19611,,2000,,,,172744
19618,,,120000,,,172775
19623,,2000,,,,172788
19632,,,,1500,,172880
19634,,60000,,,,172674
19635,,,10000,,,172890
19636,,,,1500,,172891
19637,,,10000,,,172892
19639,,,10000,,,172933
19640,,,2000,2000,,172930
19641,,,2000,2000,,167443
19642,,1000,,,,172949
19643,,,2000,2000,,172954
19644,,,2000,2000,,167493
19645,,,6000,,,172962
19646,,,12000,,,172965
19649,,,10000,,,166489
19651,,,7500,,,172979
19652,,,9000,,,172981
19653,,,2000,2000,,172985
19654,,,60000,,,172986
19655,,,40000,,,172987
19656,,,2000,2000,,167489
19658,,,2000,2000,,172991
19660,,,2000,2000,,167475
19662,,,,1500,,172998
19663,,,1500,,,173000
19665,,,16000,,,173009
19667,,,6000,,,173021
19669,,,180000,,,173027
19670,,,7000,,,172887
19671,,,45000,,,172884
19672,,,6000,,,172870
19673,,,30000,,,172865
19674,,,6000,,,172851
19675,,,30000,,,173040
19676,,,40000,,,173044
19678,,,10000,,,173047
19679,,,15000,,,173054
19680,,,20000,,,173061
19681,,,30000,,,173076
19682,,,12000,,,173077
19683,,,20000,,,173078
19684,,,8000,,,173085
19685,,,36000,,,173086
19686,,,8000,,,173087
19687,,,6000,,,173088
19689,,,40000,,,173089
19690,,,6000,,,173090
19692,,,10000,,,173094
19693,,,24000,,,173096
19694,,,30000,,,173097
19695,,,60000,,,173098
19696,,,80000,,,173099
19698,,,16000,,,173103
19699,,,8000,,,173104
19700,,,90000,,,173106
19701,,,24000,,,173107
19702,,3000,,,,173075
19703,,1000,,,,173042
19709,,,24000,,,173093
19710,,,20000,,,173121
19711,,,20000,,,173127
19712,,10000,,,,173147
19713,,,20000,,,173153
19714,,,48000,,,173156
19716,,,120000,,,173160
19717,,,45000,,,173164
19718,,,10000,,,173167
19720,,,30000,,,173189
19723,,6000,,,,173207
19724,,6000,,,,173212
19725,,3000,,,,173217
19726,,10000,,,,173175
19727,,10000,,,,173177
19728,,1000,,,,173238
19729,,1500,,,,173246
19731,,60000,60000,,,173266
19732,,,60000,,,173312
19733,,,6000,,,173313
19734,,,24000,,,173315
19735,,,10000,,,173320
19737,,,45000,,,173330
19738,,5000,,,,173334
19739,,5000,,,,173273
19740,,,15000,,,173335
19742,,,6000,,,173338
19744,,,24000,,,173342
19746,,,15000,,,173343
19747,,,900000,,,170398
19748,,,,1500,,173359
19749,,3000,,,,173363
19751,,,24000,,,173377
19753,,,10000,,,173379
19755,,,12000,,,173400
19756,,,15000,,,173406
19757,,,24000,,,173411
19758,,3000,,,,173421
19765,,,3000,,,173509
19766,,,30000,,,173512
19767,,,24000,,,173133
19768,,,30000,,,173515
19771,,,60000,,,173521
19773,,,10000,,,173527
19774,,,30000,,,173505
19775,,,,1500,,173532
19776,,,,1500,,173542
19777,,,,1500,,173543
19778,,,,1500,,173544
19780,,,,1500,,173547
19781,,15000,,,,159113
19782,,,30000,,,173552
19783,,,30000,,,173555
19784,,,30000,,,173558
19785,,,60000,,,173559
19786,,,12000,,,173561
19788,,,55000,,,173565
19792,,,20000,,,173571
19794,,,20000,,,173566
19795,,,,1500,,173641
19796,,,,1000,,173642
19797,,,,1500,,173644
19798,,,300000,1500,,173678
19799,,,60000,,,173562
19800,,,60000,,,173685
19803,,3000,,,,173684
19804,,5000,,,,173754
19805,,,36000,,,173766
19806,,,8000,,,173805
19807,,,,1500,,173850
19808,,6000,,,,173861
19809,,,,1500,,173865
19810,,7000,,,,166722
19811,,,40000,,,173866
19812,,20000,,,,173870
19813,,,8000,,,173877
19814,,9000,,,,173878
19815,,,60000,,,173886
19816,,,6000,,,173892
19817,,,20000,,,173898
19818,,,604800000,,,173910
19819,,,500,,,921
19820,,5000,,,,173927
19821,,12000,,,,173922
19822,,,,5000,,173940
19823,,3000,,,,173947
19825,,3000,,,,174011
19826,,3000,,,,174016
19827,,,,1500,,152118
19829,,5000,,,,174107
19830,,3000,,,,174038
19831,,,2000,,,174121
19832,,3000,,,,174151
19833,,3000,,,,174268
19834,,5000,,,,174461
19835,,5000,,,,174462
19836,,5000,,,,174465
19837,,3000,,,,174460
19838,,5000,,,,174458
19839,,3000,,,,174463
19840,,5000,,,,174482
19841,,2000,,,,174489
19842,,2000,,,,174487
19843,,,10000,,,174492
19844,,,24000,,,174493
19845,,5000,24000,5000,,174496
19848,,3000,,,,174509
19849,,,250,,,174524
19850,,,250,,,174528
19855,,,5000,,,174569
19856,,5000,,,,174523
19857,,3000,,,,174534
19858,,12000,,,,174565
19859,,,12000,,,174590
19862,,,,750,,1715
19863,,5000,,,,174632
19864,,20000,,,,169390
19867,,3000,,,,174721
19868,,3000,,,,174729
19869,,3000,,,,174730
19870,,9000,,,,173822
19871,,7000,,,,173884
19872,,,1500,,,171772
19873,,6000,,,,174756
19876,,5000,,,,174770
19878,,30000,30000,,,155179
19881,,,250,,,174841
19882,,6000,,,,174843
19883,,,35000,1500,,174845
19884,,6000,,,,174855
19885,,6000,,,,174860
19886,,6000,,,,174872
19887,,6000,,,,174880
19888,,,300000,1500,,174884
19889,,1000,6000,1500,,159558
19893,,3000,,,,174891
19894,,3000,,,,174895
19895,,3000,,,,174896
19897,,,,5000,,174936
19899,,,10000,1500,,175005
19900,,,1000,,,175011
19901,,,,1000,,175014
19902,,,30000,,,175032
19903,,3000,,,,164985
19904,,11000,,,,175031
19905,,,,1500,,175058
19906,,4000,,,,160943
19909,,4000,,,,175140
19910,,2000,,,,175147
19911,,3000,,,,175162
19912,,3000,,,,175163
19913,,20000,,,,175167
19914,,5000,,,,175175
19915,,3000,,,,175190
19916,,7000,,,,164878
19917,,3000,,,,166605
19921,,3000,,,,175209
19922,8,,,,,163011
19923,,9000,,,,175272
19924,,3000,,,,175279
19925,,2000,,,,175270
19926,,,,1500,,175291
19929,,,,1500,,175314
19930,,3000,,,,175315
19931,,9000,,,,175283
19933,,3000,,,,175335
19934,,7000,,,,175302
19935,,3000,,,,175309
19936,,7000,,,,175347
19937,,5000,,,,175362
19938,,,,1500,,175365
19939,,,8000,,,175366
19940,,5000,,,,175373
19941,,,90000,,,175395
19942,,3000,,,,175400
19943,,9000,,,,175402
19944,,6000,,,,173365
19945,,3000,,,,175428
19946,,3000,,,,175438
19947,,6000,,,,166748
19949,,,,1500,,175442
19950,,5000,,,,175483
19951,,5000,,,,175486
19952,,10000,,,,175475
19953,,,120000,1500,,175498
19954,,,,1500,,175499
19955,,,,1500,,175509
19957,,,120000,1500,,175516
19958,,10000,,,,175520
19959,,,60000,1500,,175522
19960,,,60000,1500,,175527
19961,,,1500,,,175534
19962,,,1000,,,175582
19963,,3000,,,,175601
19964,,9000,,,,175598
19965,,,,1500,,175604
19966,,,,1500,,175608
19967,,3000,,,,175607
19968,,7000,,,,175610
19969,,4000,,,,175625
19970,,3000,,,,175636
19971,,9000,,,,175645
19972,,9000,,,,175650
19973,,3000,,,,175648
19974,,9000,,,,175653
19975,,3000,,,,175665
19978,,,,1500,,175682
19980,,9000,,,,175685
19981,,,,1500,,175686
19984,,9000,,,,175690
19987,,,,1500,,175697
19994,,8000,,,,150661
19995,,,,1500,,174197
19997,,,120000,,,175540
19998,,,120000,,,175546
19999,,,120000,,,175547
20000,,,120000,,,175548
20001,,,300000,,,175549
20002,,,120000,1500,,175550
20003,,,120000,,,175551
20004,,,,1500,,174535
20005,,,,1500,,174552
20006,,,,1500,,174556
20007,,,,1500,,174559
20008,,3000,,,,175747
20009,,2000,,,,175751
20010,,,1000,1000,,175767
20012,,5000,,,,175769
20013,,180000,,,,175771
20014,,5000,,,,175788
20015,,6000,,,,175809
20016,,4000,,,,175815
20017,,3000,,,,175816
20018,,60000,,,,175817
20019,,3000,30000,,,175820
20020,,600000,,,,175833
20021,,,3000,,,175836
20022,,1000,,,,175844
20023,,,,1500,,175847
20024,,5000,,,,175871
20025,,3000,,,,175781
20026,,1000,,,,175880
20027,,,300000,,,175890
20028,,5000,,,,174969
20029,,5000,,,,175059
20030,,5000,,,,175892
20031,,,300000,,,175893
20032,,,300000,,,175900
20033,,,300000,,,175901
20034,,,300000,,,175906
20035,,4000,,,,175909
20036,,,300000,,,175921
20037,,,300000,,,175925
20039,,4000,,,,175928
20040,,5000,,,,175935
20041,,5000,,,,175936
20042,,6000,,,,175940
20043,,5000,,,,175964
20044,,,300000,1500,,175984
20046,,12000,,,,175979
20047,,4000,,,,176001
20051,,,30000,1500,,176022
20052,,20000,,1000,,176050
20053,,,5000,,,172068
20057,,1000,,,,176058
20058,,,5000,,,176060
20059,,,,1000,,176066
20060,,3000,,,,176079
20061,,,,1000,,176086
20062,,1000,,,,176087
20063,,1000,,,,176089
20064,,1000,,,,176090
20065,,60000,,,,176091
20068,,1000,1000,,,176105
20069,,1000,,,,176107
20070,,1000,,,,176108
20071,,1000,,,,176109
20072,,,60000,,,176114
20073,,10000,,,,176120
20074,,4000,,,,176092
20075,,,,1500,,176143
20076,,3000,,,,176157
20077,,,,1000,,176163
20078,,,,1000,,176165
20079,,3000,,,,176185
20080,,,5000,,,176199
20081,,,5000,,,176202
20082,,,5000,,,176203
20083,,,5000,,,176205
20084,,,5000,,,176206
20085,,,5000,,,176209
20086,,,600000,,,176212
20087,,,600000,,,175955
20088,,500,,,,176227
20089,,500,,,,176236
20090,,500,,,,176238
20091,,,,1500,,176242
20092,,,60000,1500,,176244
20093,,,60000,1500,,176246
20094,,,,1500,,176248
20095,,6000,,,,176237
20096,,5000,,,,176229
20097,,500,,,,176255
20098,,500,,,,176256
20099,,500,,,,176257
20100,,,,1500,,176258
20101,,3000,,,,176261
20103,,500,,,,176263
20107,,3000,,,,176301
20108,,2000,,,,176280
20109,,2000,2000,,,153932
20110,,2000,2000,,,153934
20111,,2000,2000,,,153928
20112,,2000,2000,,,153970
20113,,3000,,,,176309
20114,,6000,,,,176340
20115,,2000,,,,176350
20116,,3000,,,,176410
20117,,1500,,,,176439
20118,,5000,,,,176444
20119,,1500,,,,176459
20121,,1500,,,,176464
20123,,3000,,,,176507
20125,,10000,,,,176512
20126,,9000,,,,176511
20127,,4000,,,,176526
20128,,4000,,,,175922
20129,,3000,,,,175956
20132,,,3000,,,176549
20133,,,3000,,,170378
20134,,8000,,1500,,176560
20135,,3000,,,,176556
20136,,6000,,,,176570
20138,,,14000,,,173170
20139,,4000,,,,176504
20140,,5000,,,,176600
20142,,8000,,,,176604
20144,,,5000,,,167748
20145,,,5000,,,167749
20146,,3000,,,,176634
20147,,1500,,,,176642
20148,,1500,,,,176646
20149,,1500,,,,176647
20150,,30000,,,,176659
20151,,,,1000,,176632
20152,,6000,,,,176616
20153,,6000,,,,176617
20154,,3000,,,,176629
20155,,,,1500,,176670
20156,,3000,,,,176671
20157,,6000,,,,176676
20158,,1500,,,,176684
20159,,4000,,1500,,176691
20160,,3000,,,,176696
20161,,,,1500,,176701
20162,,5000,,,,176707
20163,,,,1500,,176724
20164,,5000,,,,176727
20165,,,,1000,,176730
20166,,,,1500,,176766
20168,,6000,,,,176852
20169,,1200000,,1500,,171253
20170,,,,1500,,176905
20171,,3000,,,,176931
20172,,5000,,,,176773
20173,,10000,,,,176866
20174,,6000,,,,154261
20175,,6000,,,,154218
20176,,6000,,,,157789
20177,,6000,,,,157797
20178,,5000,,,,177065
20179,,3000,,,,177066
20180,,,,1000,,177092
20181,,5000,,,,177095
20182,,,,1000,,177113
20183,,,,1500,,177114
20184,,5000,,,,177115
20185,,,,1000,,177117
20186,,,,1500,,177119
20187,,500,,,,177130
20191,,500,,,,177137
20194,,,,1500,,177152
20195,,15000,40000,,,177155
20196,,5000,,,,177157
20197,,,,1500,,177165
20198,,3000,,1500,,177168
20199,,,1800000,,,177192
20200,,,,1500,,177203
20201,,,,1500,,177204
20202,,,1800000,,,177207
20203,,,,1500,,177212
20205,,,,1500,,177215
20206,,,,1500,,177216
20207,,,,1500,,177217
20208,,,,1500,,177218
20209,,,,1500,,177219
20210,,,,1500,,177220
20211,,,,1500,,177221
20212,,,,1500,,177222
20213,,,,1500,,177223
20214,,,,1500,,177224
20215,,,,1500,,177225
20216,,,,1500,,177226
20217,,,,1500,,177227
20218,,,,1500,,177228
20219,,,,1500,,177229
20220,,,,1500,,177230
20221,,,,1500,,177231
20222,,,,1500,,177232
20223,,,,1500,,177233
20224,,,,1500,,177234
20225,,,,1500,,177235
20226,,,,1500,,177236
20227,,,,1500,,177237
20228,,,,1500,,177238
20229,,,,1500,,177239
20230,,,,1500,,177240
20231,,,,1500,,177241
20232,,,,1500,,177242
20233,,,,1500,,177243
20234,,,,1500,,177244
20237,,,14000,,,177286
20239,,,,1500,,177288
20240,,,3000,,,177291
20241,,,20000,,,177292
20242,,,60000,,,177293
20244,,3000,,,,177340
20246,,,,1000,,177381
20247,,6000,,,,159219
20249,,,,1500,,177402
20250,,7000,,,,177411
20251,,7000,,,,177412
20252,,7000,,,,177413
20253,,4000,,,,177414
20254,,3000,,,,177415
20255,,,,1000,,177422
20256,,,,1000,,177423
20257,,,,1500,,177429
20259,,2000,,,,155307
20260,,2000,,,,155306
20261,,2000,,,,177453
20262,,10000,,,,177454
20263,,,4000,,,163637
20264,,,,1500,,177465
20265,,2000,,,,177346
20266,,5000,,1500,,177473
20269,,5000,,,,177148
20270,,3000,,1500,,177147
20273,,,,1500,,177566
20275,,5000,,,,160288
20276,,5000,,,,160303
20278,,5000,,,,158047
20279,,5000,,,,156515
20281,,,10000,,,175513
20282,,4000,,,,177582
20283,,,10000,1500,,177584
20284,,,,1500,,177586
20285,,8000,,,,177591
20286,,3000,,,,177575
20287,,3000,,,,177600
20288,,1000,,,,177632
20289,,5000,,,,176126
20290,,5000,,,,156301
20295,,4000,,,,177696
20297,,1500,,,,164302
20298,,,1000,,,173793
20303,,,,1500,,177766
20306,,5000,,,,161049
20307,,,5000,,,177782
20308,,,5000,,,177783
20309,,,60000,,,175093
20310,,,60000,,,175094
20311,,1000,,,,177784
20312,,50000,,,,177773
20316,,,1000,,,177839
20318,,,1000,,,168834
20320,,,6000,,,177883
20321,,,60000,,,177884
20322,,3000,,,,177891
20323,,5000,,,,177854
20324,,5000,,,,177909
20326,,60000,,,,177946
20327,,5000,,,,177949
20328,,5000,,,,177951
20329,,,60000,1500,,168339
20334,,,,1500,,178009
20335,,,,1500,,178010
20339,,,1000,,,176906
20340,,,1000,,,177068
20343,,8000,,,,176628
20344,,,,1000,,178052
20345,,,2000,1000,,178053
20346,,,10000,1000,,178054
20347,,,90000,1000,,178055
20348,,,30000,1000,,178056
20349,,,120000,1000,,178058
20350,,,,1500,,178059
20351,,6000,,,,178060
20352,,,,1500,,178063
20353,,,,1500,,178064
20354,,,40000,1500,,178072
20355,,,1000,,,171487
20356,,,10000,,,172338
20357,,,25000,,,172345
20358,,,,1500,,178076
20359,,4000,,,,178091
20360,,3000,,,,178118
20365,,3000,,,,178176
20366,,,300000,,,178207
20369,,,500,,,165223
20370,,,1000,,,163322
20371,,1000,,,,177054
20372,,25000,,,,154671
20373,,,,1500,,178277
20374,,6000,,,,176859
20375,,,,1500,,174133
20376,,,,1500,,174145
20377,,,,1500,,174146
20378,,,,1500,,174147
20380,,,,1500,,174393
20381,,,,1500,,174395
20382,,,,1500,,174396
20383,,,,1500,,176260
20384,,5000,,,,154049
20385,,,10000,,,168819
20386,,,,1500,,178338
20387,,,,1500,,178341
20388,,,,1500,,178342
20389,,,25000,1000,,178345
20390,,,60000,,,178365
20391,,,60000,,,178366
20396,,,10000,,,173109
20397,,,11000,,,178393
20398,,10000,,,,178412
20402,,,,1500,,178442
20403,,1000,,,,169081
20406,,10000,,,,161577
20407,,10000,,,,161975
20408,,10000,,,,161979
20409,,20000,,,,162073
20410,,,10000,,,170105
20411,,1500,,,,178495
20412,,1500,,,,178496
20413,,1000,,,,177043
20414,,1000,,,,177045
20417,,,1000,1000,,178508
20419,,,60000,,,178531
20420,,,60000,,,178533
20421,,,1000,,,178541
20422,,,1000,,,178542
20423,,,1000,,,178492
20424,,,1000,,,178491
20425,,,1000,,,178490
20426,,,1000,,,178544
20427,,5000,,,,178553
20430,,2000,,,,178607
20431,,5000,,,,165876
20433,,5000,,,,178644
20434,,,10000,,,172877
20436,,,1500,,,178660
20437,,1500,1500,1500,,178671
20438,,3000,,,,169935
20439,,,,1500,,178680
20440,,,1500,,,178688
20441,,,1500,,,178692
20442,,,30000,1000,,178716
20449,,,,1500,,169744
20453,,5000,,,,178775
20457,,,,1500,,178795
20458,,5000,,1500,,178797
20459,,,,1500,,178798
20460,,25000,,,,163180
20463,,3000,,,,178820
20464,,10000,,,,162350
20465,,20000,,,,178120
20466,,,100,,,178848
20467,,,100,,,178850
20468,,,100,,,178852
20472,,1000,,,,176513
20473,,,100,,,178867
20474,,,1500,,,178119
20484,,,3000,1500,,178918
20486,,3000,8000,,,178920
20492,,8000,,,,157041
20493,,8000,,,,157001
20496,,,8000,1500,,178947
20497,,,5000,1500,,178948
20498,,,5000,1500,,178949
20499,,,5000,1500,,178950
20500,,,20000,1500,,178951
20501,,,,1500,,178952
20502,,,10000,1500,,178955
20503,,,10000,,,178901
20504,,,,20000,,169088
20505,,,,20000,,169151
20507,,,5000,,,160882
20508,,,2000,,,178990
20525,,10000,,,,167071
20526,,,45000,1500,,179057
20529,,10000,,,,179062
20532,,5000,,,,153315
20533,,,1000,,,178786
20534,,,1500,,,168990
20535,,,,1500,,179095
20539,,,,1500,,179160
20541,,2000,,,,179176
20542,,2000,,,,179177
20546,,,6000,1000,,179215
20549,,,5000,1000,,179249
20561,,,8000,,,179325
20562,,,8000,,,179326
20564,,,3000,,,179328
20565,,,3000,,,179329
20569,,,5000,,,179210
20573,,,1000,,,179341
20575,,,5000,,,179211
20576,,2000,,,,179362
20578,,,10000,,,179365
20579,,,10000,,,179366
20580,,,10000,,,179367
20581,,,10000,,,179368
20582,,,10000,,,179370
20583,,,10000,,,179371
20584,,,10000,,,179380
20593,,,500,,,171765
20596,,,300000,,,179485
20598,,,10000,,,179491
20599,,,3000,,,179509
20600,,,3000,,,179510
20601,,,24000,,,179503
20605,,,38000,,,179532
20606,,,15000,,,179533
20607,,,1500,,,179578
20615,,5000,,,,179654
20616,,1000,,,,179656
20621,,,1500,,,179687
20630,,,60000,,,179728
20631,,,60000,,,179729
20632,,,60000,,,179730
20633,,,60000,,,179736
20634,,10000,,,,179748
20636,,,60000,,,179754
20637,,,60000,,,179757
20639,,,60000,,,179759
20640,,,10000,,,179774
20641,,,10000,,,179776
20642,,,10000,,,179780
20643,,,1000,,,153251
20644,,,60000,,,179789
20646,,,60000,,,179799
20647,,,10000,,,179800
20648,,,1500,,,179804
20649,,,,1500,,179811
20653,,,,1500,,179830
20654,,,,1500,,179831
20655,,,,1500,,179832
20656,,,,1500,,179833
20657,,,,1500,,179834
20658,,,,1500,,179835
20659,,,,1500,,179836
20660,,,,1500,,179837
20661,,,,1500,,179838
20662,,,,1500,,179839
20663,,,,1500,,179840
20664,,,,1500,,179841
20665,,4000,,,,161765
20666,,,10000,,,179825
20667,,,,1500,,179873
20668,,,6000,,,179792
20670,,,1000,,,179898
20671,,,5000,,,179899
20672,,,3000,,,179900
20673,,,1000,,,179901
20674,,,1500,,,179903
20675,,,60000,,,179931
20676,,,60000,,,179932
20677,,,60000,,,179933
20678,,4000,,,,179937
20679,,,60000,,,179940
20680,,1000,1000,,,179948
20681,,,10000,,,179950
20682,,,,1500,,179954
20687,,7000,,,,154996
20688,,,6000,,,180002
20689,,,6000,,,180009
20690,,,60000,,,180027
20691,,,,1500,,180029
20692,,,3600000,,,180091
20693,,,60000,,,180095
20694,,,60000,,,180096
20695,,,60000,,,180097
20696,,,60000,,,180123
20698,,,,1500,,180150
20699,,3000,,,,180199
20700,,,,1500,,180213
20701,,,,12000,,180224
20705,,,10000,,,180277
20706,,2000,,,,180294
20712,,6000,,,,180330
20714,,60000,,,,180402
20715,,60000,,,,180404
20717,,,,1500,,180412
20721,,,300000,,,180458
20722,,,,1500,,180481
20731,,10000,,,,180461
20735,,,6000,,,180592
20738,,10000,,,,180593
20741,,45000,,1500,,180629
20746,,40000,,,,180643
20754,,,10000,,,180681
20756,,,3000,,,169823
20757,,,3000,,,169825
20761,,,3000,,,169824
20762,,1500,,,,180739
20764,,,8000,,,180783
20767,,,,1500,,180797
20770,,10000,,,,180830
20771,,,1500,,,180850
20772,,5000,,,,180868
20774,,5000,,,,180879
20775,,,60000,,,180987
20776,,,,1500,,181086
20779,,4000,,,,181126
20780,,4000,,,,181099
20790,,,60000,1500,,181197
20794,,,,1500,,181258
20795,,6000,,,,181261
20797,,,1000,,,169194
20806,,,1000,,,169435
20807,,,1000,,,169438
20808,,,10000,,,181348
20810,,,,1500,,176652
20811,,,,1500,,176268
20812,,,,1500,,176170
20813,,,,1500,,154781
20814,,,600000,,,181395
20815,,,1000,1000,,181405
20816,,,,1500,,181435
20821,,,,1000,,181507
20822,,,,1000,,181524
20823,,,,1000,,181525
20824,,,,1000,,181522
20825,,,,1000,,181519
20826,,,,1000,,181521
20827,,,,1000,,181520
20828,,,,1000,,181518
20829,,,1000,,,169193
20830,,,1000,,,169434
20831,,,1000,,,169437
20832,,1000,,,,181643
20833,,40000,,,,181661
20834,,,1500,,,179740
20835,,,1500,,,152985
20836,,8000,,,,181735
20841,,,1500,,,181774
20842,,,,1500,,181794
20864,,,1500,,,181866
20865,,3000,,,,159045
20867,,,3000,,,108212
20868,,8000,,,,163797
20870,,10000,,,,159996
20872,,,,1000,,134499
20873,,,,1000,,134488
20874,,,,1000,,134644
20875,,,,1000,,134482
20876,,,,1000,,134484
20877,,,,1000,,134492
20878,,,,1000,,134448
20879,,,,1000,,134486
20880,,,,1000,,134491
20881,,,,1000,,134487
20882,,,,1000,,134489
20883,,,,1000,,134490
20884,,,,1000,,134496
20885,,,,1000,,134495
20886,,,,1000,,134761
20887,,,,1000,,134504
20888,,,,1000,,134494
20889,,,,1000,,134497
20890,,,,1000,,134503
20891,,,,1000,,134498
20892,,,,1000,,134501
20893,,,,1000,,134502
20894,,,,1000,,176049
20895,,,,1000,,176061
20896,,3000,,,,181282
20897,,1500,,,,181582
20898,,,1500,,,182014
20902,,,300000,,,181558
20904,,,180000,1500,,114051
20905,,,6000,,,182111
20909,,,90000,,,182142
20910,,120000,,,,182152
20911,,2000,,,,182115
20912,,,5000,,,160022
20913,,15000,,,,182184
20915,,6000,,,,182207
20916,,,,1000,,182226
20917,,,,1000,,105229
20920,,5000,,,,182130
20921,,,1800000,,,182284
20924,,8000,,,,182336
20927,,4000,,,,182119
20928,,6000,,,,182118
20929,,,1500,,,182354
20932,,8000,,,,182294
20933,,4000,,,,180384
20934,,4000,,,,182389
20935,,,,1000,,180733
20936,,,,1000,,180735
20937,,,,1000,,180734
20938,,,,1000,,180736
20941,,3000,,3000,,180098
20943,,6000,,,,182412
20945,,6000,,,,182289
20946,,,5000,,,182502
20947,,,5000,,,182503
20948,,8000,,,,182505
20952,,,,1500,,182518
20953,,,,1500,,182510
20954,,,3000,,,52839
20955,,4000,,,,182566
20956,,4000,,,,182567
20957,,,15000,,,182568
20958,,4000,,,,182596
20959,,4000,,,,182604
20960,,,300000,,,182627
20961,,15000,,,,182631
20963,,4000,,,,182657
20964,,,10000,,,182516
20966,,1500,,,,182705
20967,,1500,,,,182644
20968,,10000,,,,182710
20969,,1500,,,,182712
20971,,6000,,,,182714
20972,,6000,,,,182731
20973,,,10000,,,182732
20974,,,4000,1500,,182741
20976,,,,1500,,182776
20977,,,1000,,,182787
20979,,,30000,,,182789
20980,,,4000,,,182795
20982,,8000,,,,182809
20983,,,180000,,,182778
20989,,,30000,,,182872
20992,,,,1500,,182887
20994,,60000,,,,182893
21002,,,1000,,,182939
21003,,,,1500,,182952
21006,,,,1500,,183024
21029,,,8000,,,183042
21030,,4000,,,,183059
21034,,5000,,,,182920
21039,,,,1500,,183077
21041,,,15000,,,183065
21043,,4000,,,,183086
21044,,4000,,,,182897
21045,,,5000,,,183005
21049,,4000,,,,183120
21051,,,1500,,,183124
21052,,,1500,,,183125
21053,,4000,,,,183150
21056,,,,1500,,183191
21057,,,5000,,,182844
21059,,6000,,,,183217
21060,,,30000,1500,,183218
21063,,,,1500,,183233
21064,,5000,,,,183136
21065,,15000,,,,183131
21067,,,,1500,,183323
21068,,6000,,,,183340
21069,,,,1500,,183349
21077,,6000,,,,183378
21078,,1500,,,,183386
21079,,1500,,,,180664
21080,,10000,,,,181799
21082,,5000,,,,181354
21083,,2000,,,,183434
21084,,,,1500,,183444
21085,,1500,,,,183454
21086,,1500,,,,183473
21087,,15000,,,,183465
21103,,,,1500,,183597
21105,,,120000,1500,,183601
21106,,,,30000,,183548
21107,,,,1500,,183603
21108,,,500,,,183626
21109,,6000,,,,181886
21128,,1000,,,,183672
21132,,1500,,,,168395
21151,,1500,,,,168389
21152,,1500,,,,168245
21153,,,,1500,,168244
21154,,1500,,,,168243
21155,,1500,,,,168242
21156,,1500,,,,168151
21157,,1500,,,,168150
21158,,1500,,,,168143
21162,,3000,,,,183705
21165,,,1500,,,183717
21166,,5000,,,,183710
21167,,5000,,,,183720
21171,,,,1000,,183724
21172,,,,1000,,183725
21173,,,,1000,,183726
21175,,,1500,,,183738
21176,,,,1500,,183685
21177,,30000,,,,183742
21179,,15000,,,,183752
21184,,,1000,,,183895
21186,,,180000,1500,,183909
21188,,,1000,,,183918
21189,,,,1500,,183922
21190,,,15000,1500,,183923
21191,,6000,,,,183934
21195,,,1000,,,183973
21196,,,1000,,,183975
21197,,10000,,,,183641
21202,,,,1500,,183998
21204,,10000,,,,184006
21210,,,,1500,,184047
21212,,,,1000,,184059
21213,,,1000,,,184051
21214,,11000,,,,184062
21217,,,5000,,,184097
21218,,2000,,,,184098
21220,,,10000,1000,,184110
21224,,4000,,,,182739
21225,,,1500,1500,,184175
21226,,,,1000,,184114
21227,,,8000,1500,,184180
21228,,,1500,1500,,184196
21229,,,10000,1500,,184201
21230,,,,1000,,184202
21231,,,,1500,,184204
21234,,,,1000,,184244
21235,,7000,,,,184302
21237,,,,1500,,184367
21238,,,1500,,,184380
21239,,2000,,,,184382
21240,,,1000,,,184420
21243,,,3000,,,184433
21245,,,,1500,,184477
21246,,,,1500,,184480
21247,,,,1500,,184481
21248,,,,1500,,184482
21252,,3000,,,,184448
21253,,3000,,,,184517
21257,,,,1500,,184575
21259,,5000,,1000,,184624
21260,,,30000,1000,,184637
21261,,,30000,,,184641
21262,,5000,,,,184634
21263,,10000,,,,184651
21264,,10000,,,,184629
21266,,,,1500,,184720
21267,,30000,,,,184730
21268,,,120000,,,184364
21269,,,,1500,,184781
21270,,25000,,,,184786
21272,,,1000,,,179202
21273,,,3000,,,180310
21274,,10000,,,,182084
21275,,2000,,,,184880
21279,,5000,,,,184439
21280,,10000,,,,181913
21281,,10000,,,,182173
21282,,,,1500,,184969
21289,,,5000,,,185004
21290,,,,1500,,185055
21291,,6000,,,,185081
21292,,6000,,,,185082
21293,,6000,,,,185084
21294,,6000,,,,185085
21296,,5000,,,,185117
21297,,5000,,,,185118
21298,,3000,,,,185119
21299,,,1500,,,185122
21300,,,,1500,,185123
21302,,,,1500,,185127
21306,,1000,,,,185177
21308,,1500,,,,185221
21313,,3000,,,,183864
21314,,3000,,,,183865
21315,,2000,,,,183179
21316,,,30000,1000,,185311
21319,,,5000,,,185342
21320,,,,1500,,185358
21324,,3000,,,,185350
21325,,10000,,,,185366
21329,,,5000,,,185374
21331,,3000,,,,185372
21332,,,1000,,,185387
21333,,,1000,,,185391
21334,,,,1500,,185395
21336,,,,1000,,185438
21338,,,1500,,,185455
21339,,,3000,,,185457
21345,,3000,,,,158599
21346,,2000,,,,185467
21347,,1000,,,,185468
21348,,,60000,,,185490
21349,,,60000,,,185491
21350,,6000,,,,185492
21351,,4000,,,,185493
21352,,5000,,,,185495
21353,,1500,,,,185497
21354,,1500,,,,185559
21355,,1500,,,,185557
21356,,,,1000,,185565
21357,,,,1500,,185582
21358,,,,1500,,185591
21359,,,,1500,,185601
21363,,1500,,,,185641
21364,,5000,,,,185590
21365,,5000,,,,183817
21366,,5000,,,,183254
21367,,5000,,,,182826
21375,,1500,,,,185684
21376,,60000,,1500,,185696
21377,,1500,,,,185698
21378,,2000,,,,185715
21380,,,30000,1500,,185717
21383,,,30000,,,185745
21384,,,,1000,,185763
21385,,,90000,,,185766
21387,,,,1500,,185809
21388,,,,1500,,185855
21390,,,5000,,,185887
21394,,,,1500,,185984
21398,,,1500,,,186024
21400,,10000,,,,186044
21402,,4000,,,,186122
21403,,,15000,,,186138
21405,,4000,,,,186125
21406,,4000,,,,186137
21407,,4000,,,,186164
21409,,,1500,,,186202
21410,,,1500,,,186203
21416,,,90000,1500,,19574
21417,,,90000,,,186254
21418,,,180000,,,186257
21421,,,,1500,,186263
21422,,3000,,,,186262
21424,,,,1500,,186270
21425,,,10000,,,186276
21426,,,180000,,,186286
21427,,,90000,,,186289
21429,,,50,,,186304
21430,,2000,,,,186319
21431,,,,1500,,186370
21432,,,,1500,,186371
21434,,,45000,1500,,186387
21435,,3000,,,,186365
21436,,3000,,,,186409
21437,,3000,,,,186437
21439,,3000,,,,186446
21440,,3000,,,,186450
21447,,3000,,,,186468
21448,,,,1500,,186469
21449,,,,1500,,186470
21450,,3000,,,,186476
21451,,3000,,,,186488
21462,,,800,,,186519
21463,,,36000,,,186521
21464,,180000,,,,186530
21465,,3000,,,,186553
21466,,3000,,,,186191
21467,,5000,,,,186562
21468,,30000,,,,186588
21471,,8000,,,,184700
21473,,3000,,,,186639
21474,,3000,,,,186636
21482,,,1000,,,186680
21484,,5000,,,,186674
21485,,5000,,,,186675
21500,,4000,,,,186884
21501,,,2000,,,186888
21502,,3000,,,,186901
21503,,2000,,,,186983
21504,,7000,,,,180163
21505,,,,1500,,187004
21507,,7000,,,,187015
21508,,,1500,,,187071
21509,,,,1500,,187096
21510,,1500,,,,176756
21511,,1500,,,,176725
21513,,,,1500,,187144
21514,,,,1000,,187149
21519,,,120000,,,187190
21520,,1500,1500,,,187217
21521,,3000,,,,187220
21524,,,,1500,,187328
21525,,,,1500,,187329
21526,,,,1500,,187330
21530,,6000,,,,187341
21531,,5000,,,,187347
21532,,,30000,,,187353
21533,,,12000,1500,,187372
21534,,1000,1000,,,187308
21535,,,1000,,,186169
21536,,,1000,,,186143
21537,,,1000,,,185907
21542,,,,1500,,187420
21544,,5000,,,,187331
21545,,4000,,,,184930
21546,,,10000,,,187334
21548,,40000,,,,187465
21550,,1500,,,,187482
21551,,3000,,,,187486
21552,,3000,,,,187485
21553,,3000,,,,186480
21554,,,9000,,,187510
21555,,,,1500,,187532
21556,,,1000,,,187350
21557,,,1000,1000,,187534
21558,,1500,,,,187544
21559,,,,1500,,187555
21560,,,100000,,,187598
21562,,,30000,1500,,187650
21563,,30000,,,,187651
21564,,3000,,,,187653
21565,,2000,,,,187656
21566,,,100000,,,187663
21569,,,,1500,,187697
21570,,,30000,1500,,187698
21571,,30000,,,,187699
21572,,15000,,,,187707
21573,,,6000,1500,,187708
21574,,10000,,,,187715
21575,,,,1500,,187723
21577,,3000,,,,187742
21578,,,,1500,,187751
21579,,,,1500,,187753
21580,,,30000,,,187776
21581,,,30000,1000,,187789
21585,,,5000,,,187814
21586,,,1000,,,187827
21589,,1500,1500,,,187838
21590,,1500,1500,,,187867
21592,,,,1500,,187874
21595,,,1500,,,187892
21597,,2000,,,,187342
21598,,1500,1500,,,188007
21599,,,,1500,,188009
21600,,,60000,,,188016
21601,,60000,,,,188017
21602,,60000,,,,188018
21603,,,,1500,,188019
21604,,1000,,,,188020
21605,,,,1500,,188021
21606,,600000,,,,188023
21607,,1000,,,,188027
21608,,1000,,,,188028
21609,,1000,,,,188029
21610,,,,1500,,188036
21611,,4000,,,,188039
21612,,,,500,,188046
21614,,,,1000,,188059
21615,,,,1000,,188063
21617,,,1500,,,188067
21618,,,1500,,,188068
21623,,,,1500,,188084
21624,,3000,,,,188088
21626,,8000,,,,188090
21627,,6000,,,,188105
21628,,6000,,,,188092
21629,,,,1500,,188151
21630,,,,1500,,188152
21631,,,,1500,,188153
21633,,,,1500,,188155
21635,,,30000,1500,,188160
21637,,,,1500,,188178
21638,,,,1500,,188196
21639,,,,1000,,188212
21640,,,4000,1500,,188214
21641,,5000,,,,188154
21642,,5000,,,,188177
21643,,1000,,,,188210
21644,,,,1500,,188227
21645,,,,1500,,188172
21646,,,3000,,,188232
21647,,,,1500,,188235
21649,,1500,,1500,,188244
21650,,1500,,1500,,188245
21651,,1500,,1500,,188246
21652,,1500,,1500,,188247
21653,,,,1500,,188270
21654,,3000,,,,188271
21655,,,15000,1000,,188275
21656,,,,1500,,188279
21657,,3000,,,,188281
21658,,,5000,,,188283
21659,,,,1500,,188284
21660,,,5000,,,188286
21661,,,5000,,,188287
21663,,,,1000,,188291
21664,,3000,,,,188292
21665,,,120000,1500,,188296
21667,,,,1500,,188375
21668,,,1000,,,188386
21670,,,,1500,,188398
21671,,300000,,,,188401
21673,,,1500,,,188428
21675,,120000,,,,188439
21676,,,,1500,,188443
21678,,,,1000,,188453
21679,,,10000,,,188454
21680,,,,1500,,188456
21681,,,5000,,,188466
21682,,3000,,,,188470
21684,,3000,,,,187126
21685,,,1000,,,188490
21686,,1500,1500,,,188497
21687,,,,1500,,188498
21688,,15000,,1500,,188499
21689,,,30000,1500,,188501
21690,,,6000,1500,,188503
21692,,,,1500,,188523
21694,,15000,,,,188538
21695,,,,1500,,188550
21696,,,,1000,,188592
21700,,,,1500,,188652
21702,,8000,,,,188671
21703,,,8000,,,188697
21705,,,,1000,,188719
21706,,,,1000,,188722
21710,,,1000,,,188753
21711,,2000,,,,188763
21712,,,,1500,,188764
21714,,1500,,,,180319
21715,,1500,,,,184243
21716,,1500,,,,184238
21717,,1000,,,,188800
21718,,1000,,,,188801
21719,,1000,,,,188802
21720,,,,1500,,188816
21724,,2000,,,,188851
21725,,,,1500,,188854
21726,,,,1500,,188856
21727,,2000,,,,188858
21728,,,5000,,,188861
21730,,,,1500,,188895
21731,,,,1500,,188894
21732,,,,1500,,188905
21733,,,,1500,,188927
21736,,,,1500,,188935
21737,,2000,,,,188938
21738,,,,1500,,188952
21743,,3000,,,,188956
21744,,1000,,,,189012
21745,,1500,1500,1500,,189016
21747,,2000,,,,189035
21748,,2000,,,,189011
21749,,,,7000,,189068
21750,,11000,,,,189071
21752,,,1000,,,189110
21754,,,120000,,,113858
21756,,,2000,,,181884
21757,,,2000,,,181765
21759,,8000,,,,189150
21761,,3000,,,,182051
21763,,2000,,,,189200
21764,,4000,,,,189116
21765,,,30000,1500,,189223
21766,,,,1500,,189234
21767,,,60000,,,189244
21769,,6000,,,,189265
21770,,3000,,,,189266
21771,,5000,,,,189264
21772,,5000,,,,189259
21773,,1500,1500,,,189273
21774,,6000,,,,189287
21775,,,,1500,,189357
21776,,,1500,,,189375
21777,,,3000,,,189386
21778,,,3000,,,189419
21779,,,3000,,,189420
21780,,,2000,,,185537
21781,,,2000,,,185630
21784,,3000,,,,180221
21785,,3000,,,,189452
21786,,3000,,,,189453
21787,,,30000,,,189455
21788,,,99000,,,189461
21791,,3000,,,,189478
21792,,5000,,,,189464
21793,,5000,,,,189470
21794,,5000,,,,189491
21795,,,5000,,,189438
21796,,5000,,,,189504
21800,,,1500,,,189524
21801,,,1500,,,189525
21802,,4000,,,,189534
21803,,5000,,,,189549
21804,,5000,,,,189538
21805,,8000,,,,189613
21806,,,5000,,,189624
21807,,20000,,,,181956
21809,,10000,,,,189634
21812,,3000,,,,189636
21815,,5000,,,,189677
21817,,,60000,1000,,189681
21819,,3000,,,,183828
21820,,5000,,,,184265
21821,,5000,,,,184931
21827,,4000,,,,189707
21828,,7000,,1500,,189725
21830,,4000,,,,189708
21831,,2000,,,,189736
21833,,,120000,,,189743
21834,,,,1500,,189747
21836,,,30000,1000,,189751
21838,,,,1500,,189803
21839,,,,1500,,189804
21844,,,1000,,,189837
21845,,,,1500,,189838
21849,,5000,,,,189897
21851,,,,1000,,189913
21852,,,,1500,,189928
21854,,5000,,,,190002
21855,,,,1500,,190020
21856,,,,1500,,190035
21857,,,,1500,,190036
21858,,5000,,,,187047
21859,,12000,,,,186961
21860,,2000,,,,187180
21862,,,,1000,,190090
21864,,5000,,,,190119
21870,,,,1500,,190190
21872,,,7000,1000,,190220
21873,,,,1000,,190226
21874,,,,1000,,190229
21875,,10000,12000,1000,,190232
21877,,,60000,1000,,190246
21878,,,7000,,,190252
21888,,,60000,,,190288
21890,,1500,,,,190298
21891,,1500,,,,190300
21892,,,120000,,,190319
21893,,,15000,1500,,190336
21894,,1000,,,,190342
21895,,,,1500,,190347
21897,,,12000,1500,,190356
21900,,1500,1500,,,190388
21901,,,,1500,,190411
21902,,1000,,,,190414
21904,,,5000,,,190420
21905,,,1000,,,190421
21906,,1000,,,,190428
21909,,1500,1500,,,190441
21910,,1000,,,,190443
21911,,1500,1500,,,190445
21913,,1500,1500,,,190452
21915,,1500,1500,,,190461
21916,,,3000,,,190471
21917,,1500,1500,,,190475
21918,,50000,,1500,,190481
21920,,4000,,,,190552
21923,,,1500,,,182273
21925,,,,1500,,190681
21926,,,,1500,,190682
21927,,7000,,,,190683
21928,,,,1500,,190717
21930,,5000,,,,187638
21934,,1500,,,,190733
21936,,,,1500,,190738
21939,,,1000,,,190787
21940,,900000,,,,190809
21941,,900000,,,,190810
21948,,12000,,,,190863
21949,,12000,,,,190895
21950,,12000,,,,190919
21951,,1000,1000,,,190925
21952,,,6000,1500,,190927
21959,,,,1500,,190984
21960,,,,1500,,191034
21963,,,,1500,,191071
21964,,,,1500,,191072
21965,,,,1500,,191073
21966,,1000,,,,190739
21967,,1500,,,,190747
21971,16,,,,,183254
21972,,,,1500,,191098
21973,,,6000,1500,,191100
21974,,3000,,,,191102
21982,,2500,,,,191132
21984,,3000,,,,191161
21985,,,1800000,1500,,191176
21987,,,2000,,,191181
21990,,,,1500,,191213
21992,,3000,,,,190587
21995,,,,1000,,191259
21998,,,,1500,,191275
22000,,,10000,,,191282
22001,,,1000,,,191288
22002,,,1000,,,191289
22003,,,3000,,,191290
22004,,,25000,1500,,191241
22011,,1800000,,1500,,191329
22021,,120000,,1500,,191427
22022,,,30000,1500,,191433
22023,16,3000,,,,181126
22026,,1500,,,,168235
22027,,1500,,,,168236
22028,,1500,,,,168238
22029,,1500,,,,168154
22030,,1500,,,,168155
22031,,1500,,,,168157
22032,,3000,,,,191524
22033,,3000,,,,191527
22034,,3000,,3000,,191556
22036,,,6000,,,191597
22037,,,20000,,,191643
22038,,,1000,,,191660
22043,,9000,,,,191687
22044,,9000,,,,191691
22050,,,30000,,,191761
22054,,,,1500,,191886
22055,,1500,,,,191893
22058,,500,,,,191962
22059,,,,1500,,191967
22060,,,5000,,,191993
22061,,,60000,1000,,192058
22063,,,20000,1500,,192063
22064,,,120000,1000,,192077
22067,,,,1500,,192085
22068,,,,1500,,192106
22070,,,,1500,,192149
22072,,,,1500,,192162
22073,,,,1500,,192218
22074,,,4500,1500,,192219
22075,,60000,,1500,,192220
22076,,,30000,1000,,192222
22077,,6000,,1500,,192224
22078,,,45000,1500,,192226
22079,,,,1500,,192227
22080,,,1000,,,192238
22082,,,,1500,,192249
22083,,,6000,,,192260
22084,,5000,5000,5000,,192337
22085,,1500,1500,,,192354
22087,,1500,1500,,,192364
22088,,,,1500,,192365
22092,,1500,,,,192022
22094,,1500,1500,,,192368
22098,,,,1500,,192398
22106,,1500,,1500,,192473
22108,,,,1500,,192499
22109,,45000,,1500,,192546
22110,,45000,,1500,,192551
22111,,45000,,1500,,192552
22112,,45000,,1500,,192553
22113,,,,1500,,192561
22114,,5000,,,,192522
22118,,5000,,,,192622
22119,,5000,,,,192631
22121,,,,1500,,192641
22122,,,10000,1500,,192687
22123,,,1500,,,177290
22124,,,1500,,,160142
22125,,,1500,,,166494
22126,,,1000,,,192716
22127,,,1000,,,192718
22128,,,1000,,,192720
22132,,,1500,,,192729
22133,,6000,,1500,,192945
22134,,45000,,1500,,192949
22135,,5000,,,,192968
22136,,,10000,,,192986
22138,,,,2000,,193002
22139,,,,2000,,192967
22140,,,,1500,,193024
22142,,4000,,,,188114
22143,,,6000,1000,,193016
22145,,13000,,,,193026
22146,,,1500,,,183677
22147,,,1500,,,180977
22148,,,1500,,,191715
22150,,,,1000,,193082
22154,,3000,,,,193164
22155,,,1000,,,193168
22156,,,1500,,,193169
22157,,,3000,,,193177
22158,,,1000,,,193187
22161,,3000,,,,192131
22164,,,,1500,,193227
22167,,4500,,,,193083
22168,,25000,,,,191284
22169,,3000,,,,193235
22170,,,1000,,,131347
22172,,,,1000,,193315
22173,,,,1000,,193316
22174,,,,1500,,193333
22175,,,1000,,,193263
22185,,,,1500,,193368
22186,,,,1500,,193388
22187,,,,1500,,193396
22188,,,,1500,,193434
22189,,,,1500,,193440
22190,,5000,,,,192617
22192,,,60000,,,193451
22193,,,,1500,,193455
22194,,5000,,,,192705
22199,,,1500,,,193478
22202,,,1000,,,193499
22203,,,,1500,,193514
22208,,,120000,1500,,193530
22210,,,6000,,,193548
22212,,,6000,,,193564
22213,,,,1500,,193572
22214,,2000,,,,193582
22215,,2000,,,,193585
22216,,,,1500,,193588
22217,,,,1500,,193589
22218,,3000,,,,193603
22219,,,,1500,,193616
22220,,5000,,,,193607
22221,,5000,,,,193615
22222,,5000,,,,193502
22223,,5000,,,,193596
22224,,,,1500,,193626
22225,,,,1500,,193627
22227,,,800,,,193653
22228,,3000,,,,193668
22229,,10000,,,,193611
22230,,10000,,,,193597
22231,,,800,,,193678
22232,,4000,,,,193658
22233,,,1000,,,193689
22234,,22000,,,,193712
22235,,15000,,,,193716
22236,,15000,,,,193717
22237,,,,1000,,193718
22240,,,,1000,,193237
22241,,,6000,1000,,193722
22242,,1000,,,,186269
22244,,,1000,,,193735
22245,,,1500,,,193745
22246,,,1500,,,193749
22247,,,60000,1500,,193752
22248,,,60000,1500,,193753
22249,,,60000,1500,,193754
22250,,,60000,1500,,193755
22251,,,60000,1500,,193756
22252,,,60000,1500,,193757
22253,,,60000,1500,,193758
22254,,,60000,1500,,193759
22255,,,60000,1500,,193761
22258,,,,1500,,193807
22259,,,,1500,,193808
22260,,,,1500,,193822
22261,,,30000,1000,,193817
22262,,,1000,,,193837
22264,,,3000,,,193693
22266,,3000,,,,193705
22267,,3000,,,,193849
22268,,,1000,,,193857
22269,,,1000,,,193880
22272,,5000,,1000,,193924
22273,,15000,,,,193765
22275,,,,1500,,193943
22277,,,1000,,,193960
22278,,,6000,1000,,193966
22281,,3000,,,,193969
22283,,,10000,1500,,193976
22285,,,1000,,,193993
22287,,3000,,,,193998
22288,,60000,,1000,,194004
22289,,60000,,1000,,194011
22290,,2000,,,,194019
22291,,,,1500,,194028
22297,,5000,,,,194038
22298,,,8000,,,194039
22304,,,6000,,,194054
22305,,,,1500,,194085
22309,,2000,,,,194056
22310,,5000,,,,194118
22311,,,5000,,,193464
22312,,2000,,,,194140
22313,,,,1500,,194151
22314,,,,1500,,194153
22317,,,,1500,,194183
22318,,4000,,,,193977
22322,,,10000,,,194198
22323,,,1500,,,194199
22326,,2000,,,,194242
22329,,,180000,,,186265
22334,,,,1500,,194294
22336,,2000,,,,194317
22337,,,,1500,,194330
22338,,2000,,,,194356
22339,,,,1500,,194357
22340,,2000,,,,194363
22341,,,,30000,,194367
22343,,,,1500,,194393
22344,,,,1500,,194401
22347,,,,1000,,194429
22350,,,,1000,,194436
22351,,2000,,,,194437
22353,,,,1500,,194466
22354,,2000,,,,194469
22355,,6000,,,,194473
22356,,25000,,,,194482
22357,,3000,,,,194500
22358,,,,1500,,194509
22360,,3000,,,,192017
22361,,4000,,,,194516
22362,,4000,,,,194513
22363,,3000,,,,194488
22364,,4000,,,,194489
22365,,2000,,,,194534
22368,,,,1000,,194545
22369,,,,1500,,194553
22370,,,,1500,,194558
22371,,,,1500,,194559
22372,,,,1500,,194561
22373,,,,1500,,194562
22374,,,,1500,,194568
22375,,,,1500,,194569
22376,,,,1500,,194570
22377,,,,1500,,194574
22378,,,,1500,,194575
22379,,,,1500,,194576
22380,,,,1500,,194578
22381,,,1000,,,194541
22382,,,15000,1500,,194599
22383,,,,1500,,194609
22384,,5000,,,,194611
22385,,,,1500,,194613
22386,,2000,,,,194616
22388,,2000,,,,194684
22389,,1500,1500,,,194782
22390,,1500,1500,,,194801
22391,,,,1500,,194815
22393,,,30000,1500,,194855
22398,,5000,,,,194325
22399,,3000,,,,194231
22400,,1500,,,,194881
22402,,2000,,,,194887
22403,,1500,1500,,,194931
22404,,1500,1500,,,194933
22408,,,,1500,,195030
22409,,3000,,,,195047
22411,,500,1000,500,,195072
22412,,,,1500,,195105
22413,,,5000,,,195157
22414,,,5000,,,195158
22415,,,5000,,,195159
22416,,,5000,,,195160
22417,,,5000,,,195161
22418,,,5000,,,195162
22419,,,5000,,,195163
22420,,,5000,,,195164
22421,,,5000,,,195165
22422,,,5000,,,195166
22423,,,1500,,,195171
22424,,,4000,1500,,195172
22425,,,,1500,,195182
22427,,,1500,,,195236
22428,,2000,,,,195240
22434,,,30000,,,195272
22435,,180000,,,,195290
22436,,,6000,1500,,195292
22437,,3000,,,,195279
22438,,3000,,,,195250
22439,,3000,,,,195293
22440,,2000,,,,195303
22443,,2000,,,,195344
22444,,,5000,,,194202
22445,,2000,,,,195346
22446,,2000,,,,195350
22447,,,,1500,,195368
22448,,,,1500,,195369
22449,,,,1500,,195370
22450,,2000,,,,195378
22451,,,180000,,,195431
22453,,,,1000,,195452
22457,,,3000,,,195467
22459,,,100,,,195462
22460,,,100,,,195486
22461,,,100,,,195495
22462,,2000,,,,195520
22464,,,6000,,,195537
22468,,2000,,1000,,195574
22469,,,,1500,,195584
22471,,,10000,,,195569
22472,,2000,,,,195571
22473,,,5000,,,195607
22475,,,2000,1000,,195628
22477,,60000,,1500,,195643
22478,,,,1500,,195645
22485,,2000,,,,195673
22486,,,30000,1500,,195676
22490,,,60000,1500,,194837
22491,,,1000,,,2565
22492,,,60000,1500,,194844
22493,,2000,,,,195694
22495,,180000,,,,195710
22497,,2000,,,,195720
22498,,2000,,,,195724
22499,,,30000,,,194805
22500,,2000,,,,195575
22501,,,500,,,192081
22502,,,1000,,,53600
22504,,2000,,,,195767
22505,,,30000,,,194804
22506,,3000,,1500,,195783
22507,,,30000,,,194647
22508,,,10000,,,195788
22509,,2000,,,,195789
22511,,,30000,,,195792
22512,,,30000,,,195796
22513,,,30000,,,195797
22516,,3000,,,,195765
22517,,3000,,,,195799
22518,,2000,,,,195884
22519,,,10000,,,195890
22520,,,10000,,,195892
22521,,2000,,,,195947
22522,,,,1500,,194913
22523,,,10000,,,195955
22524,,,10000,,,195956
22525,,,10000,,,195964
22526,,,10000,,,195973
22527,,,10000,,,195976
22528,,,10000,,,195979
22529,,,10000,,,195981
22530,,,,1500,,195990
22531,,8000,,,,195996
22534,,,,1500,,196085
22535,,,,1500,,193945
22537,,,120000,,,196098
22541,,,10000,,,196112
22542,,,10000,,,196113
22543,,,10000,,,196119
22545,,2000,,,,196126
22546,,2000,,,,196133
22547,,5000,,,,195791
22548,,5000,,,,196047
22549,,5000,,,,196115
22550,,,10000,,,196140
22551,,,,1500,,196147
22552,,,,1500,,196148
22553,,,,1500,,196150
22554,,,7000,,,196156
22555,,3000,,,,196158
22556,,,,1500,,196166
22557,,8000,,,,196181
22558,,,,1500,,196186
22559,,,,1500,,196187
22560,,2000,,,,196189
22561,,,,1500,,196206
22562,,,,1500,,196207
22563,,,,1500,,196208
22564,,3000,,,,196198
22565,,3000,,,,196221
22566,,600000,,,,196253
22567,,30000,,,,196254
22568,,2000,,,,196255
22569,,,,1500,,196256
22570,,,,1500,,196257
22571,,,,1500,,196259
22572,,,,1500,,196261
22573,,,15000,1500,,196277
22576,,3000,,,,196289
22577,,10000,,,,196290
22578,,10000,,,,196296
22579,,3000,,,,196313
22580,,5000,,,,196327
22581,,3000,,,,196319
22582,,,1500,,,196317
22583,,,1500,,,196334
22584,,3000,,,,196335
22585,,,60000,,,196342
22586,,2000,,,,196345
22588,,,60000,,,196359
22590,,2000,,,,196402
22591,,1800000,,,,196409
22593,,600000,,,,196423
22594,,,25000,1500,,196447
22595,,,3600000,,,196454
22596,,,1000,,,196488
22597,,2000,,,,196512
22603,,2000,,,,196591
22606,,2000,,,,196621
22607,,5000,,1000,,196638
22608,,,3000,,,196647
22611,,,30000,,,196669
22613,,2000,,,,196694
22614,,,300000,1500,,196718
22615,,,120000,,,115399
22616,,,45000,1500,,196725
22617,,,5000,,,196727
22618,,,5000,1000,,196728
22619,,,1000,,,119582
22620,,,1000,,,115308
22622,,3000,,,,196543
22623,,20000,,,,196759
22624,,,30000,,,196762
22625,,60000,,,,196768
22626,,,20000,1500,,196770
22627,,5000,,,,192072
22628,,5000,,,,192073
22629,,5000,,,,196563
22630,,5000,,,,191900
22631,,,,1500,,196778
22632,,5000,,,,196787
22633,,2000,,,,196788
22634,,1500,1500,,,196794
22635,,,,1500,,196795
22636,,3000,,,,196801
22637,,,90000,1500,,47536
22638,,6000,,,,196808
22639,,6000,,,,196814
22640,,,,1000,,196819
22642,,15000,,,,196838
22644,,,,1500,,196840
22648,,5000,,,,195109
22649,,18000,,,,196870
22651,,,30000,500,,196884
22655,,3000,,,,196907
22657,,300000,,,,196914
22660,,,30000,1000,,196932
22664,,2000,,,,196956
22665,,,3000,,,196952
22666,,5000,,,,196977
22668,,,,1500,,196995
22670,,,,1000,,197008
22671,,,5000,,,196966
22674,,,,1000,,197016
22676,,,,1500,,197018
22677,,,,1000,,197021
22678,,,1000,,,197012
22679,,,,1000,,197041
22682,,,5000,,,197063
22683,,,5000,,,197065
22684,,2000,,,,197070
22688,,2000,,,,197145
22689,,2000,,,,197168
22690,,2000,,,,197173
22691,,6000,,,,197180
22692,,6000,,,,196875
22693,,1500,1500,,,197188
22694,,1500,1500,,,197190
22695,,1500,1500,,,197193
22696,,1500,1500,,,197195
22697,,8000,,,,197197
22699,,,,1500,,197220
22700,,2000,,,,197238
22701,,1500,1500,,,197272
22702,,1500,1500,,,197275
22705,,,5000,,,197342
22706,,2000,,,,197346
22707,,2000,,,,197350
22708,,4000,,,,197358
22709,,6000,,,,197359
22711,,,90000,,,197268
22712,,2000,,,,197383
22714,,2000,,,,197384
22715,,,,1500,,197211
22717,,,,1000,,197393
22718,,,,1000,,197395
22719,,,,1000,,197397
22720,,2000,,,,197427
22722,,2000,,,,197450
22725,,2000,,,,197483
22726,,1500,1500,,,197512
22727,,1500,1500,,,197530
22729,,5000,,,,191941
22732,,,,1500,,197625
22733,,,10000,1500,,197626
22734,,,,1500,,197628
22736,,,,1500,,197630
22737,,,1500,,,197649
22738,,,1500,,,197650
22739,,2000,,,,197670
22740,,2000,,,,197681
22742,,10000,,,,197549
22744,,10000,,,,197733
22745,,10000,,,,197750
22746,,2000,,,,197769
22748,,2000,,,,197798
22749,,,300000,,,192190
22750,,,30000,1500,,197214
22751,,3000,,,,197816
22752,,2000,,,,197824
22753,,,,1000,,197834
22754,,,,1000,,197835
22755,,5000,,,,197854
22756,,13000,,,,196135
22758,,,60000,1500,,197871
22759,,,90000,,,197908
22760,,,45000,,,197916
22764,,,30000,,,197936
22765,,,,12000,,189601
22768,,,,15000,,197950
22769,,10000,,,,197991
22770,,,20000,1500,,197995
22771,,30000,,1500,,198013
22773,,,8000,1500,,198033
22782,,,,1500,,198067
22783,,30000,,1500,,198094
22785,,,180000,1500,,198103
22786,,,45000,,,198111
22789,,4000,,,,198122
22790,,4000,,,,198125
22791,,4000,,,,198135
22792,,4000,,,,198136
22796,,,60000,,,198144
22797,,60000,,1500,,198149
22798,,,60000,,,198154
22799,,,60000,1500,,198158
22804,,,1000,,,198172
22805,,,,1500,,198038
22806,,,30000,,,197826
22807,,3000,,,,198285
22808,,3000,,,,198284
22810,,,30000,,,198325
22811,,,30000,,,198335
22813,,,4000,,,195129
22814,,,,5000,,196346
22815,,,,5000,,198360
22816,,,,1500,,198036
22817,,,30000,,,198424
22818,,,,1500,,198427
22819,,4000,,,,198442
22820,,,30000,,,198444
22821,,,10000,,,198470
22822,,,,1500,,198487
22823,,4000,,,,198496
22824,,4000,,,,198428
22826,,,60000,,,198523
22827,,,,2000,,198400
22828,,3000,,,,198511
22829,,3000,,,,198557
22831,,3000,,,,198559
22832,,3000,,,,198577
22834,,,,1500,,198590
22836,,,,1500,,198623
22837,,,120000,1500,,198529
22839,,,,3000,,198595
22840,,4000,,,,198658
22842,,,30000,1500,,198670
22843,,,20000,1500,,198702
22844,,,,2000,,198703
22851,,,500,,,198793
22854,,4000,,,,198815
22855,,,30000,,,198817
22856,,4000,,,,198822
22857,,4000,,,,198823
22858,,4000,,,,198824
22859,,4000,,,,198825
22860,,4000,,,,198826
22861,,,60000,1000,,198838
22862,,,2000,,,198749
22863,,,30000,,,198848
22864,,1500,,,,198888
22866,,,,2000,,198722
22867,,,30000,1500,,198898
22868,,,,1500,,198904
22871,,,9000,1500,,198929
22872,,3000,,,,198930
22873,,,1500,,,198941
22875,,3000,,,,198962
22876,,10000,,,,198959
22877,,4000,,,,199034
22878,,,,2000,,199043
22879,,3000,,,,199050
22881,,,,10000,,199024
22882,,3000,,,,199061
22883,,,10000,,,199072
22884,,,10000,,,199078
22885,,,30000,,,199130
22888,,2000,,,,199151
22889,,3000,,,,185425
22891,,3000,,,,199167
22892,,,,1000,,199177
22893,,6000,,,,199102
22894,,18000,,,,194208
22895,,10000,,,,199094
22896,,,10000,,,199211
22897,,,,1500,,199219
22898,,,10000,,,199222
22899,,,10000,,,199244
22900,,,,8000,,199159
22904,,3000,,,,199258
22905,,,20000,1000,,199279
22906,,3000,,,,199311
22908,,,10000,,,199320
22910,,4000,,,,199327
22911,,6000,,,,199235
22912,,9000,,,,194615
22913,,,,1500,,199356
22914,,3000,,,,199341
22915,,8000,,1500,,199360
22916,,2000,,,,199361
22917,,,60000,,,199296
22918,,,,1500,,199433
22919,,,120000,,,199448
22920,,,1000,,,199453
22921,,,,1000,,199454
22922,,,60000,,,199455
22923,,,2000,,,199464
22924,,,60000,,,199483
22926,,2000,,,,198599
22927,,,15000,1500,,199512
22930,,,,1000,,199540
22931,,,,1000,,199542
22932,,15000,,,,197678
22934,,8000,,,,199554
22935,,,,1000,,199561
22937,,,,7000,,198079
22940,,,10000,,,199628
22941,,,10000,,,199634
22942,,,10000,,,199636
22943,,,10000,,,199647
22944,,,10000,,,199648
22945,,4000,,,,199652
22946,,,10000,,,199669
22947,,4000,,,,199674
22948,,4000,,,,199726
22949,,,10000,,,199729
22950,,,10000,,,199730
22951,,,10000,,,199731
22952,,,10000,,,199732
22953,,,10000,,,199733
22954,,1500,,,,199736
22956,,,20000,1000,,199743
22960,,3000,,,,199772
22961,,,1500,,,199782
22962,,,,1500,,199786
22964,,,8000,1500,,199725
22966,,3000,,,,194657
22967,,3000,,,,194442
22968,,3000,,,,194640
22969,,,45000,1500,,199824
22971,,,1500,,,199859
22972,,,1500,,,199860
22974,,5000,15000,1500,,199890
22975,,5000,20000,1500,,199892
22977,,5000,,,,199919
22979,,2000,,,,196159
22981,,2000,,,,199957
22984,,,1000,,,199993
22986,,4000,,,,193375
22987,,,30000,,,200098
22988,,,1000,1500,,200108
22989,,4000,,,,193092
22991,,,,1500,,200163
22993,,60000,,1500,,200174
22994,,,120000,1500,,200183
22999,,5000,,,,200244
23001,,,,1250,,200259
23002,,,30000,,,586
23003,,60000,60000,,,200285
23004,,60000,60000,,,200287
23011,,5000,,,,199809
23012,,5000,,,,199956
23013,,5000,,,,200227
23015,,15000,,,,200008
23016,,10000,,,,200027
23017,,10000,,,,200002
23018,,,,1000,,200360
23019,,,,1000,,200361
23020,,,,1000,,200362
23021,,,,1000,,200363
23022,,,,1000,,200365
23023,,2000,,,,197889
23024,,,,1500,,200397
23028,,1500,,,,200427
23029,,,,1500,,200428
23030,,60000,,,,200452
23031,,5000,,,,183956
23032,,3000,,,,200465
23043,,8000,,,,197379
23045,,5000,,,,197796
23046,,5000,,,,197251
23048,,5000,,,,200544
23049,,3000,,,,200525
23050,,5000,,,,200538
23051,,2000,,,,200580
23052,,3000,,,,200582
23053,,30000,,,,200612
23054,,600000,,,,200614
23055,,3000,,,,200615
23058,,4000,,,,200637
23059,,3000,,,,200632
23060,,5000,,,,196242
23061,,5000,,,,196247
23062,,5000,,,,196249
23063,,5000,,,,196243
23064,,5000,,,,196252
23067,,,,1500,,200658
23068,,,,1500,,200667
23069,,,,1500,,200671
23071,,,,1500,,200679
23073,,,,1500,,200706
23074,,,,1500,,200707
23075,,,,1500,,200708
23076,,,,1500,,200709
23077,,,,1500,,200710
23078,,,,1500,,200711
23079,,,,1500,,200712
23080,,,,1500,,200713
23081,,,,1500,,200714
23083,,3000,,,,200674
23084,,3000,,,,200689
23085,,,45000,1500,,200546
23087,,,,1000,,200758
23088,,5000,,,,200776
23089,,,3000,,,200779
23090,,5000,,,,200781
23094,,,45000,1250,,200798
23095,,7000,,,,200805
23097,,,,1500,,200829
23098,,2000,,,,200866
23099,,4000,,,,182756
23100,,,1000,,,200877
23101,,,5000,,,200569
23102,,,1500,,,197794
23103,,3000,,,,200908
23106,,180000,,1500,,200932
23107,,,,1500,,193265
23109,,6000,,,,200963
23110,,3000,,,,200930
23111,,,1000,,,200968
23112,,4000,,,,200969
23114,,8000,,,,200992
23115,,,1500,,,189916
23116,,,1500,,,201016
23117,,4000,,,,200100
23118,,4000,,,,200626
23119,,,1500,,,186671
23120,,5000,,,,201065
23121,,,120000,,,201078
23122,,7000,,,,201079
23125,,6000,,,,200424
23126,,6000,,,,200436
23128,,,1500,,,190275
23129,,,1000,,,201168
23132,,3000,,,,201203
23133,,3000,,,,201225
23134,,4000,,,,201249
23136,,2000,,,,201268
23137,,,1000,,,201281
23138,,5000,,,,201283
23139,,,,1000,,201269
23140,,,,1000,,201210
23141,,,,1000,,201270
23143,,,90000,,,201318
23144,,15000,,,,201319
23146,,2000,,,,201159
23147,,2000,,,,201240
23148,,2000,,,,201392
23150,,,3000,,,194246
23151,,,,8000,,201399
23152,,,,1500,,201427
23153,,,,1500,,201429
23155,,2000,,,,201432
23156,,2000,,,,201438
23157,,,,1500,,201492
23158,,,,1500,,201517
23160,,,,1500,,201565
23161,,,1500,,,201568
23162,,5000,,,,141118
23163,,,,1500,,201589
23164,,,1000,,,201621
23166,,,1000,,,201629
23167,,,60000,1500,,201467
23170,,,,1500,,201642
23171,,,10000,,,201650
23172,,,,1500,,201653
23173,,4000,,,,201659
23174,,4000,,,,201661
23175,,4000,,,,201663
23176,,,30000,1500,,201664
23177,,4000,,,,201665
23178,,4000,,,,201666
23182,,,,2000,,201692
23183,,,1000,,,201717
23185,,,,1500,,201741
23186,,,15000,,,201736
23194,,,,1000,,201143
23195,,,10000,1000,,188833
23196,,,,1000,,190244
23197,,,,600000,,201798
23198,,,,600000,,201799
23199,,,,600000,,201800
23200,,,,600000,,201801
23201,,,,600000,,201803
23202,,,,2000,,201830
23203,,,,2000,,201763
23204,,,,1500,,201837
23205,,4000,,,,201729
23206,,,5000,,,193090
23208,,4000,,,,201873
23209,,,,1500,,201877
23212,,,2000,,,201903
23213,,3000,,,,201920
23214,,3000,,,,201148
23215,,3000,,,,201146
23216,,1000,,,,201948
23221,,5000,,,,200343
23224,,4000,,,,190559
23225,,4000,,,,202027
23226,,,,1000,,202028
23228,,,1500,,,202040
23229,,,14000,1500,,202044
23230,,,3000,1500,,202045
23231,,,30000,1500,,202048
23232,,3000,,,,202054
23233,,3000,,,,202055
23234,,3000,,,,202058
23235,,,30000,,,202060
23236,,4000,,1500,,202068
23237,,,,1500,,202071
23238,,,,1500,,202072
23240,,,,1500,,202085
23241,,,,1000,,202077
23244,,,1500,,,202105
23245,,,,1500,,202104
23247,,,,1500,,202137
23248,,,,1500,,202138
23250,,,,1500,,202140
23251,,,45000,1500,,202162
23252,,5000,,,,201567
23254,,,25000,1500,,202168
23255,,,1500,,,202180
23256,,2000,,,,202181
23257,,,30000,1000,,202188
23261,,,,1500,,202214
23263,,,1500,,,202229
23264,,2000,,,,202230
23266,,,25000,1500,,202246
23268,,,1500,,,202261
23269,,5000,,,,198752
23273,,,,1500,,202275
23274,,3000,,,,202277
23275,,5000,,,,202291
23276,,3000,,,,200208
23277,,2000,,,,202301
23279,,,,1500,,202347
23280,,,60000,1500,,202359
23281,,3000,,,,202365
23283,,,45000,,,202335
23284,,,4500,1500,,202390
23285,,3000,,,,202408
23286,,,90000,,,202415
23287,,4000,,,,200700
23289,,4000,,,,200404
23290,,,45000,,,202425
23291,,,1500,,,202435
23292,,,1500,,,202436
23293,,,,1500,,202439
23295,,,2000,,,202475
23296,,,,1000,,202482
23297,,,,1000,,202484
23298,,,,1500,,202489
23299,,,,1500,,202495
23300,,,,1500,,202499
23301,,,,1500,,202498
23302,,,,1500,,202512
23307,,1000,,,,202541
23308,,,,1500,,202557
23311,,,,1500,,202581
23312,,,,1500,,202583
23315,,,90000,1000,,202665
23316,,4000,,,,202419
23319,,6000,,,,202703
23320,,15000,,,,202711
23321,,,120000,1500,,202719
23322,,5000,,,,202726
23323,,5000,,,,202728
23324,,,1000,,,202733
23325,,,1000,,,202735
23326,,,60000,1500,,202770
23330,,,,1500,,202817
23332,,,,1500,,202767
23333,,,,1500,,202768
23334,,,,1500,,202771
23335,,4000,,,,202821
23336,,3000,,,,202796
23337,,4000,,,,202839
23347,,,,1000,,202895
23348,,,,1500,,202896
23350,,,5000,,,202982
23351,,3000,,,,202860
23352,,4000,,,,202859
23353,,4000,,,,202833
23354,,3000,,,,202936
23355,,3000,,,,202949
23356,,4000,,,,202295
23357,,6000,,,,202290
23359,,,,6000,,203024
23363,,4000,,,,203048
23364,,6000,,,,203109
23365,,4000,,,,203127
23367,,4000,,,,203134
23368,,4000,,,,203136
23369,,4000,,,,203137
23370,,4000,,,,203138
23372,,,10000,1500,,203155
23373,,,30000,1500,,203173
23374,,,,1500,,203189
23376,,500,1000,,,781
23377,,,3000,,,203156
23381,,,15000,1500,,203286
23382,,3500,,,,203298
23383,,,1500,,,203308
23384,,,1000,,,203311
23386,,,,1500,,203316
23390,,,1000,,,203344
23392,,3000,,,,203348
23393,,3000,,,,203323
23394,,,2000,,,203387
23395,,,20000,,,203388
23399,,,2000,,,203426
23400,,,2000,,,203431
23401,,,2000,,,203432
23402,,,2000,,,203434
23403,,,2000,,,203435
23404,,5000,45000,1500,,199954
23406,,,60000,1000,,203485
23410,,,15000,,,203529
23416,,60000,,,,203501
23417,,60000,,,,203491
23418,,60000,,,,203441
23419,,,45000,1500,,203524
23420,,6000,,1500,,203548
23421,,5000,,,,196562
23422,,5000,,,,196789
23423,,60000,,,,203575
23424,,,,1000,,201426
23425,,,8000,1000,,202197
23426,,,10000,1000,,201431
23427,,,5000,1000,,188832
23428,,2000,,,,203603
23429,,5000,,,,203609
23430,,2000,,,,203615
23432,,,30000,,,203674
23433,,,1000,,,203702
23434,,,60000,1500,,203704
23435,,3000,,,,203712
23436,,,1500,,,203720
23438,,,1000,,,203739
23439,,5000,,,,194663
23440,,5000,,,,198405
23441,,5000,,,,203147
23442,,5000,,,,203766
23443,,,,1500,,203782
23445,,3000,,,,203800
23449,,,,1500,,203836
23451,,,1000,,,196535
23452,,,1000,,,203855
23454,,,1000,,,203863
23455,,,,1000,,203865
23456,,,,1000,,203867
23457,,,1000,,,201963
23458,,,,1000,,203869
23459,,,6000,,,203877
23460,,,4000,,,203898
23461,,6000,,,,203917
23462,,,,1000,,203092
23463,,5000,,,,203946
23464,,5000,,,,203947
23465,,,,1000,,203948
23468,,6000,,,,203956
23469,,6000,,,,203968
23470,,,60000,1500,,204013
23471,,,1500,1500,,204018
23472,,,,1500,,204019
23473,,,,1500,,204021
23475,,,30000,,,204031
23478,,,60000,1500,,204066
23480,,3000,,,,204036
23481,,3000,,,,204067
23482,,6000,,,,203945
23485,,1500,,15000,,204122
23487,,5000,,,,194849
23488,,,30000,,,204143
23489,,3000,,,,204133
23490,,,,1500,,204148
23491,,3000,,,,204149
23492,,,180000,1500,,204150
23494,,,6000,,,204152
23495,,,,1500,,204157
23496,,,45000,1500,,204160
23497,,3000,,,,204159
23498,,5000,,,,203028
23499,,3000,,,,204119
23501,,10000,,,,204181
23506,,15000,,,,204225
23507,,10000,,,,204238
23508,,5000,,,,204243
23509,,,5000,,,202039
23510,,,45000,1500,,204263
23513,,,20000,1500,,204147
23514,,30000,,1000,,204162
23515,,,,1000,,204218
23518,,,6000,1500,,204288
23519,,6000,,,,201519
23520,,4000,,,,204042
23523,,3000,,,,204082
23525,,,45000,1000,,204331
23526,,,30000,1000,,204332
23528,,,30000,1000,,204336
23529,,6000,,,,204337
23530,,,,1500,,204342
23531,,,2000,,,204344
23532,,3000,,,,204351
23533,,4000,,,,182338
23534,,,60000,,,204361
23535,,,60000,,,204362
23538,,3000,,,,204379
23539,,,6000,,,204396
23540,,10000,10000,1000,,204397
23541,,30000,,1500,,204406
23543,,10000,10000,1000,,204409
23544,,10000,10000,1000,,204410
23545,,10000,10000,1000,,204411
23546,,10000,10000,1000,,204412
23547,,10000,10000,1000,,204413
23548,,10000,10000,1000,,204415
23549,,10000,10000,1000,,204416
23550,,10000,10000,1000,,204417
23551,,10000,10000,1000,,204418
23552,,10000,10000,1000,,204419
23553,,10000,10000,1000,,204420
23554,,10000,10000,1000,,204422
23555,,10000,10000,1000,,204423
23556,,10000,10000,1000,,204424
23557,,10000,10000,1000,,204425
23558,,10000,10000,1000,,204426
23559,,10000,10000,1000,,204427
23560,,10000,10000,1000,,204428
23561,,10000,10000,1000,,204429
23562,,10000,10000,1000,,204430
23563,,10000,10000,1000,,204431
23564,,10000,10000,1000,,204432
23565,,10000,10000,1000,,204433
23566,,10000,10000,1000,,204434
23567,,,30000,1500,,204437
23568,,,7000,,,204446
23569,,3000,,,,204443
23572,,10000,10000,1000,,204480
23573,,,20000,,,204484
23575,,10000,10000,1000,,204494
23576,,10000,10000,1000,,204507
23577,,10000,10000,1000,,204512
23578,,10000,10000,1000,,204514
23579,,10000,10000,1000,,204516
23580,,10000,10000,1000,,204518
23581,,10000,10000,1000,,204520
23582,,10000,10000,1000,,204521
23583,,10000,10000,1000,,204522
23584,,10000,10000,1000,,204523
23585,,10000,10000,1000,,204524
23586,,10000,10000,1000,,204525
23587,,10000,10000,1000,,204526
23588,,10000,10000,1000,,204527
23589,,10000,10000,1000,,204528
23590,,10000,10000,1000,,204530
23591,,10000,10000,1000,,204532
23592,,10000,10000,1000,,204533
23593,,10000,10000,1000,,204534
23594,,,,1500,,204536
23595,,10000,10000,1000,,204546
23596,,10000,10000,1000,,204548
23597,,,1000,,,204549
23598,,10000,10000,1000,,204550
23599,,10000,10000,1000,,204552
23600,,10000,10000,1000,,204554
23601,,10000,10000,1000,,204555
23602,,10000,10000,1000,,204556
23603,,10000,10000,1000,,204557
23604,,10000,10000,1000,,204558
23605,,10000,10000,1000,,204560
23606,,10000,10000,1000,,204561
23607,,6000,,,,204562
23608,,10000,10000,1000,,204565
23609,,10000,10000,1000,,204568
23610,,10000,10000,1000,,204569
23611,,10000,10000,1000,,204571
23612,,10000,10000,1000,,204572
23614,,10000,10000,1000,,204583
23615,,10000,10000,1000,,204584
23616,,10000,10000,1000,,204585
23618,,,,1500,,204593
23619,,,3000,,,196494
23620,,,,1500,,204596
23621,,15000,,,,204611
23622,,10000,10000,1000,,204614
23623,,10000,10000,1000,,204619
23624,,10000,10000,1000,,204621
23625,,10000,10000,1000,,204622
23626,,10000,10000,1000,,204623
23627,,,,1500,,204624
23628,,10000,10000,1000,,204627
23629,,10000,10000,1000,,204629
23630,,10000,10000,1000,,204630
23631,,10000,10000,1000,,204632
23632,,10000,10000,1000,,204633
23633,,10000,10000,1000,,204636
23634,,4000,,,,204647
23635,,4000,,,,204592
23636,,15000,,,,204649
23637,,5000,,,,204666
23638,,7000,,,,204667
23639,,6000,,,,204669
23640,,6000,,,,204677
23642,,6000,,,,204686
23643,,,10000,,,204469
23644,,6000,,,,204694
23645,,5000,,,,204702
23646,,8000,,,,204708
23647,,6000,,,,204718
23648,,6000,,,,204726
23649,,10000,,,,204728
23650,,10000,,,,204736
23652,,,5000,,,204739
23653,,6000,,,,204745
23654,,,10000,,,204752
23655,,5000,,,,204767
23656,,3000,,,,204768
23657,,1500,,15000,,204770
23661,,10000,,,,204802
23663,,6000,,,,181947
23665,,,1500,,,204734
23666,,,6000,,,204851
23667,,,3000,,,204853
23668,,6000,,,,197735
23669,,13000,,,,204773
23670,,4000,,,,204840
23671,,,300000,1500,,190778
23672,,,15000,1500,,204883
23673,,4000,,,,204884
23674,,6000,,,,204885
23675,,,,1000,,204898
23677,,6000,,,,204904
23678,,6000,,,,204896
23679,,4000,,,,204892
23680,,4000,,,,204866
23681,,,,1000,,204914
23682,,,,1000,,204920
23683,,,5000,,,204893
23687,,,,1000,,204927
23689,,,60000,1500,,204939
23691,,,60000,,,204945
23692,,10000,15000,,,204970
23694,,,,1000,,204980
23696,,,2000,,,204986
23699,,,5000,,,204993
23700,,,2000,,,204994
23704,,,,1500,,205066
23705,,,6000,,,205072
23706,,4000,,,,203401
23708,,60000,,1500,,205084
23709,,8000,,,,205108
23710,,12000,,,,205111
23711,,20000,,,,205112
23712,,6000,,,,205124
23713,,,30000,,,205030
23715,,,40000,1500,,205032
23716,,,45000,,,205025
23718,,,,1500,,205163
23719,,,45000,1500,,205179
23720,,,120000,1500,,205180
23721,,,,1500,,205181
23722,,,30000,1000,,202370
23723,,4000,,,,205187
23724,,,60000,1500,,205191
23725,,,,1500,,63106
23727,,,45000,1500,,205223
23728,,20000,,1500,,205228
23731,,5000,,,,203637
23732,,45000,,,,202361
23733,,4000,,,,204682
23734,,6000,,,,204703
23737,,800,,,,178368
23738,,800,,,,178367
23741,,,,1500,,205178
23742,,6000,,,,205259
23744,,,,1500,,205021
23745,,6000,,,,205306
23746,,,60000,1500,,205065
23748,,,30000,1500,,205364
23749,,,12000,,,205365
23750,,,60000,1500,,205366
23752,,,,1500,,205373
23753,,,,1500,,205374
23754,,,,1500,,205376
23755,,,,1500,,205377
23756,,,,1500,,205379
23758,,,,1500,,205390
23759,,,,1500,,205392
23761,,,,1500,,205394
23762,,,,1500,,205395
23763,,,,1500,,205397
23764,,,,1500,,205399
23765,,,,1500,,205406
23766,,,60000,1500,,205393
23768,,,,1500,,205435
23769,,,,1500,,205436
23770,,,10000,1500,,205437
23772,,,30000,1500,,205439
23774,,,,1000,,205441
23775,,6000,,1500,,205448
23776,,,1000,,,205457
23777,,4000,,,,205460
23778,,4000,,,,205462
23779,,4000,,,,182532
23780,,,1000,,,190157
23781,,,30000,,,201253
23784,,,,1500,,193883
23786,,,,1500,,205523
23788,,,60000,1500,,205495
23789,,,30000,1500,,205273
23790,,,35000,1000,,205320
23791,,,45000,1500,,205545
23793,,,1000,,,202417
23794,,3000,,,,205330
23795,,,,1500,,205590
23796,,,60000,,,205039
23797,,6000,,,,205605
23798,,6000,,,,205606
23800,,4000,,,,205621
23801,,,60000,,,205619
23802,,,60000,1500,,205636
23803,,8000,,,,205644
23805,,4000,,,,205660
23808,,,30000,,,205736
23810,,,,1500,,205750
23812,,,,1500,,205763
23813,,,,1500,,205765
23814,,6000,,,,205812
23816,,6000,,,,205829
23817,,,3000,,,205754
23818,,,10000,,,205830
23823,,3000,,,,204468
23824,,3000,,,,204371
23825,,3000,,,,205200
23829,,1000,,,,205909
23831,,,1000,,,205910
23832,,3000,,,,205932
23834,,,1000,,,205997
23836,,,,1500,,206025
23837,,,1000,,,206028
23853,,500,,,,205960
23854,,500,,,,205962
23858,,500,3000,,,206163
23867,,5000,,,,206200
23880,,,45000,1000,,206328
23882,,,,1500,,206427
23883,,,,18000,,193826
23885,,,,1500,,206444
23886,,,2000,,,206455
23887,,,1500,1500,,202531
23891,,,4000,1000,,199261
23895,,2000,,,,206547
23898,,,45000,1500,,206649
23900,,,1500,,,198304
23905,,,15000,,,202360
23906,,5000,,,,206725
23907,,5000,,,,206727
23908,,,1000,,,206755
23911,,25000,,1000,,206799
23913,,,60000,1500,,206817
23916,,6000,,,,206881
23917,,6000,,,,206886
23918,,,,1500,,206930
23919,,,30000,1500,,206931
23920,,,90000,1500,,206935
23921,,,6000,1500,,206940
23923,,,,1500,,206966
23926,,,120000,,,206977
23927,,,90000,,,207033
23929,,1500,,,,207042
23930,,10000,,,,207056
23931,,,5000,,,207084
23932,,,1000,1500,,207127
23933,,,16000,1500,,207144
23934,,10000,,,,207048
23935,,1500,,,,207166
23936,,,60000,1500,,207167
23937,,3000,,,,207174
23938,,3000,,,,193967
23939,,,1000,,,207158
23940,,,15000,,,207199
23941,,,,1500,,207230
23947,,,60000,1500,,194918
23948,,2000,,,,207284
23949,,5000,,,,207292
23950,,3000,,,,207298
23951,,,12000,,,207300
23952,,,,1500,,207311
23953,,,,1000,,207315
23954,,,,1500,,207317
23955,,,6000,,,207344
23957,,,300000,1000,,207399
23958,,,5000,,,207404
23959,,,60000,1500,,207407
23960,,1500,,,,207410
23961,,15000,,,,207417
23962,,,60000,1500,,205604
23963,,,,1500,,207451
23964,,,3000,,,207458
23965,,4000,,,,206788
23966,,,60000,,,207068
23967,,2000,,,,206820
23968,,,90000,1500,,206803
23969,,,10000,,,207487
23970,,4000,,,,207502
23971,,,10000,,,207499
23972,,3000,,,,207509
23973,,,1000,,,207520
23975,,,1500,,,207560
23976,,8000,45000,1500,,202914
23977,,6000,,,,207639
23978,,4000,,,,207642
23979,,5000,,,,207663
23980,,1000,1500,,,100
23981,,,,1500,,207665
23982,,6000,,,,207673
23983,,,,1500,,207682
23984,,,,1500,,204513
23985,,,,1500,,207684
23986,,,,1500,,207695
23987,,,,1500,,207696
23988,,,,1500,,207698
23989,,,,1500,,207699
23990,,,,1500,,207700
23991,,1500,,,,207713
23992,,5000,,,,207278
23994,,,120000,,,207736
23996,,,45000,1000,,207777
23999,,,,5000,,197539
24000,,,120000,,,207810
24005,,,,1500,,207835
24006,,2000,,,,207820
24007,,3000,,,,207847
24008,,3000,,,,207861
24009,,1500,,,,207862
24013,,,,1500,,207903
24017,,,6000,,,207942
24018,,,60000,1500,,205630
24019,,800,,,,205629
24021,,,1500,,,207965
24022,,,,1500,,207979
24023,,,1500,,,207982
24027,,4000,,,,190315
24029,,1500,,,,208054
24030,,,,1500,,208065
24032,,5000,,,,208068
24033,,5000,,,,208088
24034,,,,1500,,208094
24035,,,30000,,,208097
24037,,4000,,1500,,208137
24038,,,,1500,,208139
24039,,,,1500,,208140
24041,,1500,,,,208142
24044,,,250,,,206155
24045,,,250,,,206159
24046,,,250,,,206156
24047,,,250,,,205949
24048,,,250,,,205951
24049,,,250,,,205950
24050,,,250,,,205915
24051,,,250,,,205911
24052,,,250,,,205914
24053,,,250,,,205975
24054,,,250,,,205973
24055,,,250,,,205974
24056,,,,1500,,208197
24057,,,,1500,,208188
24058,,,,1000,,208222
24059,,,,1000,,208223
24060,,,,1000,,208224
24061,,,,1000,,208225
24062,,,90000,1500,,207946
24064,,,,1000,,208245
24065,,1500,,,,208246
24066,,1500,,,,208248
24067,,,90000,1500,,208253
24068,,,60000,1500,,207319
24071,,5000,,,,208292
24072,,,5000,,,208294
24073,,,1500,,,208300
24075,,30000,,,,207630
24077,,,30000,,,208381
24081,,,,1500,,208470
24082,,,,1500,,208467
24083,,,3000,,,207259
24084,,30000,,,,208527
24085,,,45000,1500,,203415
24086,,2000,,,,208586
24087,,,,1500,,208587
24088,,,,1500,,208588
24089,,,,1500,,208591
24090,,,,1500,,208592
24091,,,,1500,,208593
24092,,,,1500,,208594
24093,,,,1500,,208595
24094,,2000,,,,208582
24096,,,,1500,,208173
24097,,3000,,,,208622
24098,,5000,,,,208620
24100,,,5000,,,208631
24101,,,,1500,,208660
24102,,,,1500,,208661
24103,,,,1500,,208662
24104,,,,1500,,208663
24105,,,,1500,,208664
24106,,,,1500,,208665
24107,,,,1500,,208667
24108,,,,1500,,208668
24109,,,,1500,,208669
24110,,,,1500,,208670
24111,,,5000,,,208677
24113,,2000,,,,208688
24115,,3000,,,,208730
24116,,,,1000,,208735
24117,,4000,,,,208736
24118,,,60000,,,200851
24120,,,,1500,,208899
24121,,,30000,1500,,208652
24122,,,,1500,,208909
24123,,,60000,1500,,205694
24130,,,,1000,,208990
24132,,8000,,,,209020
24133,,2000,,,,209021
24134,,,,3000,,195046
24135,,3000,,,,195037
24138,,10000,,,,208731
24146,,10000,,,,209179
24147,,8000,,,,209182
24148,,,,1000,,209195
24149,,,60000,1500,,209245
24150,,,,1500,,209272
24151,,,,1500,,209273
24152,,,,1500,,209274
24153,,,,1500,,209275
24155,,,,1500,,209293
24157,,2000,,1000,,209308
24158,,,15000,1500,,209317
24159,,3000,,,,195493
24160,,,,1500,,209323
24161,,,,1500,,209329
24162,,,,1500,,209334
24163,,,,1500,,209338
24164,,,15000,,,209340
24165,,,,1500,,209351
24166,,1000,,,,191428
24167,,,,1500,,209378
24168,,,120000,,,209364
24169,,,,1500,,209431
24170,,,,1500,,209432
24171,,,1500,,,209441
24172,,2000,,,,209449
24173,,3000,,,,209514
24174,,,1000,500,,209525
24176,,4000,,,,209556
24178,,,,1500,,209586
24179,,5000,,,,209612
24181,,3000,,,,209602
24182,,3000,,,,209628
24183,,6000,,,,209676
24184,,2000,,,,209692
24189,,4000,,,,209718
24190,,,60000,1500,,209577
24191,,,10000,,,209724
24195,,6000,,,,209741
24196,,,30000,1500,,209749
24198,,,1500,,,209758
24199,,,60000,1000,,209782
24200,,,30000,1500,,209789
24201,,,30000,1500,,209792
24204,,,1500,,,209816
24205,,,,1000,,209839
24207,,,,1500,,209843
24208,,13000,,,,209846
24209,,2000,,,,209847
24210,,,,1500,,209854
24212,,,1500,,,209884
24213,,,600000,,,207809
24214,,10000,,,,209892
24215,,1000,,,,209910
24216,,,,1500,,209912
24217,,,1000,,,209928
24221,,,40000,,,209948
24222,,90000,200000,,,209959
24224,,8000,,,,209755
24225,,3000,,,,209748
24226,,,30000,,,209997
24228,,3000,,,,210013
24230,,1500,,,,210015
24232,,,15000,,,210025
24233,,,7000,,,210026
24234,,,,1500,,210057
24235,,1500,,,,210065
24236,,4000,,,,208165
24237,,4000,,,,207881
24238,,4000,,,,207906
24240,,4000,,,,205549
24242,,,,1500,,210128
24243,,9000,,1500,,210152
24248,,,60000,1500,,210256
24249,,6000,,,,210282
24255,,1500,,,,58723
24256,,1500,,,,58707
24257,,1500,,,,147963
24258,,1500,,,,58158
24259,,1500,,,,210334
24260,,,,1000,,210341
24261,,1500,,,,171891
24262,,1500,,,,210343
24263,,,1500,,,210358
24264,,,,1500,,210375
24265,,,,1500,,210376
24269,,3000,,,,210394
24271,,,1500,,,210411
24272,,3000,,,,210426
24273,,,,1500,,210506
24274,,,15000,,,210276
24276,,3000,,,,210541
24278,,,2000,,,210522
24279,,,2000,,,210521
24280,,4000,,,,210553
24282,,,5000,,,210543
24284,,,,1000,,210643
24285,,5000,,,,210645
24286,,,30000,1500,,210642
24287,,2000,,,,210177
24288,,3000,,,,210635
24289,,,30000,1000,,210651
24290,,,30000,1000,,210657
24291,,,30000,1000,,210660
24292,,5000,,,,210662
24293,,,,1500,,210665
24294,,,,1500,,210669
24295,,,,1500,,210671
24296,,,,1500,,210672
24297,,,,1500,,210673
24298,,,,1500,,210674
24299,,,,1500,,210675
24300,,,,1500,,210677
24301,,,,1500,,210678
24302,,,,1500,,210679
24303,,,,1500,,210680
24304,,,,1500,,210681
24305,,,,1500,,210682
24306,,,,1500,,210683
24307,,5000,,,,210684
24308,,,,1500,,210689
24309,,,,1500,,210690
24310,,,,1500,,210691
24311,,,,1500,,210692
24312,,,,1500,,210693
24313,,,,1500,,210694
24314,,,,1500,,210695
24315,,,,1500,,210696
24316,,,,1500,,210697
24317,,,,1500,,210698
24318,,,,1500,,210699
24319,,,,1500,,210701
24321,,,,1500,,210714
24322,,,60000,1500,,210726
24323,,,,1500,,210751
24324,,,,1500,,210752
24325,,,,1500,,210753
24326,,,,1500,,210754
24327,,,,1500,,210757
24328,,,,1500,,210759
24329,,,,1500,,210761
24330,,,,1500,,210764
24332,,5000,,,,210688
24333,,1500,,,,210807
24334,,,75000,1000,,210722
24336,,,1200000,1000,,210858
24337,,4000,,,,210864
24338,,30000,,1500,,210873
24339,,2000,,,,210875
24342,,3000,,,,210770
24345,,,180000,1500,,210932
24347,,13000,,,,210996
24348,,3000,,,,211000
24349,,2000,,,,211001
24350,,30000,,1500,,211004
24351,,5000,,,,211007
24352,,30000,,1500,,211010
24354,,,,1500,,211012
24356,,30000,,1500,,211015
24357,,5000,,,,211037
24360,,10000,,,,191765
24362,,8000,,,,202913
24363,,5000,,,,211115
24365,,5000,,,,211125
24367,,,1500,,,211139
24370,,1000,,,,211186
24371,,5000,,,,211202
24372,,5000,,,,211221
24373,,,,1500,,211283
24374,,,1000,,,211284
24375,,,,1500,,211289
24377,,,,1000,,211310
24378,,3000,,,,211335
24381,,4000,,,,211371
24382,,4000,,,,211372
24385,,4000,,,,211381
24386,,,180000,1500,,210935
24387,,,,1500,,211390
24389,,,1000,,,211467
24390,,4000,,,,211491
24391,,,,1000,,211493
24392,,,,1000,,211496
24393,,,,1000,,211346
24394,,,,1000,,211504
24395,,,,1000,,211505
24396,,,,1000,,211403
24397,,,,1000,,211405
24398,,,,1000,,211414
24399,,,,1000,,211290
24400,,,,1000,,183745
24401,,,,1000,,211306
24402,,,,1500,,211521
24403,,,45000,1500,,211522
24404,,,1500,,,211527
24406,,,1500,,,211544
24407,,,500,,,211547
24409,,,,1500,,211577
24410,,,,1500,,211581
24411,,,10000,,,211582
24413,,,1500,,,211623
24414,,,1000,,,199845
24415,,,90000,1500,,200652
24416,,,,1500,,211681
24417,,1500,,,,211713
24418,,,45000,1500,,211714
24419,,5000,,,,211744
24420,,5000,,,,211752
24421,,5000,,,,211757
24422,,5000,,,,211632
24423,,5000,,,,211771
24424,,5000,,,,211774
24425,,5000,,,,211785
24429,,4000,,,,211786
24431,,,10000,1500,,211813
24434,,,60000,1500,,209202
24436,,5000,,,,211863
24437,,5000,,,,209254
24438,,5000,,,,209263
24439,,10000,,,,211875
24440,,,,1000,,211877
24441,,,30000,1500,,211881
24442,,,,1500,,211898
24443,,,,1500,,211906
24444,,,20000,,,211908
24445,,11000,,,,211917
24447,,,15000,1000,,211946
24448,,5000,,,,211885
24450,,,1500,,,211980
24451,,,1200000,,,211981
24452,,1500,,,,211996
24453,,1500,,,,211997
24454,,,1500,,,212009
24455,,,1500,,,212010
24456,,5000,,,,212028
24457,,,,1500,,212036
24458,,,,1500,,212039
24459,,,,1500,,212040
24460,,5000,,,,209325
24461,,,,1500,,212048
24462,,,,1500,,212051
24463,,,,1500,,212056
24464,,,30000,,,212059
24465,,,1500,,,212060
24466,,5000,,,,197776
24467,,5000,,,,197810
24468,,5000,,,,208883
24469,,40000,,1500,,212084
24470,,,,1500,,212075
24471,,1500,,,,212089
24472,,1500,,,,212088
24473,,,180000,,,212083
24474,,,,1500,,212142
24475,,,,1500,,212143
24476,,,30000,,,212155
24477,,,,1500,,212164
24479,,,180000,1000,,212182
24480,,,,1500,,212196
24481,,60000,,,,212198
24483,,,,1500,,212205
24484,,3000,,,,212207
24486,,,120000,,,212247
24487,,10000,,,,202864
24488,,4000,,,,212259
24489,,4000,,,,212260
24490,,4000,,,,212261
24491,,4000,,,,212263
24493,,4000,,,,212264
24494,,4000,,,,212265
24495,,4000,,,,212266
24498,,,25000,1500,,212284
24499,,,45000,,,212295
24502,,,6000,1500,,212331
24503,,,90000,,,212332
24504,,,,1000,,212333
24505,,,90000,,,212336
24506,,,90000,,,212337
24507,,,,1000,,212338
24508,,,,1500,,212341
24509,,,180000,1500,,212352
24510,,,6000,1500,,212353
24512,,,,1500,,212357
24513,,2000,,,,198451
24514,,2000,,,,212342
24515,,2000,,,,212368
24516,,10000,10000,1000,,212381
24517,,10000,10000,1000,,212382
24518,,,45000,1000,,212383
24519,,,45000,1000,,212384
24520,,,45000,1000,,212385
24521,,10000,10000,1000,,212386
24522,,10000,10000,1000,,212388
24523,,10000,10000,1000,,212389
24524,,10000,10000,1000,,212396
24525,,10000,10000,1000,,212397
24526,,5000,,,,212406
24528,,,,1500,,212414
24529,,5000,,,,212418
24531,,,60000,,,212428
24532,,,30000,1500,,212431
24533,,,,1500,,212436
24540,,,300000,,,212445
24541,,,120000,1500,,212459
24542,,,60000,1500,,211053
24543,,15000,,,,212465
24544,,,30000,,,212468
24545,,,30000,,,212469
24546,,,30000,,,212470
24547,,6000,,,,212471
24548,,1500,,,,212513
24550,,,,1500,,212522
24551,,,,1500,,212523
24552,,1500,,,,212525
24553,,,60000,1500,,201996
24554,,1500,,,,212527
24557,,,8000,,,204248
24560,,2000,,,,212583
24561,,4000,,,,212108
24562,,2000,,,,212544
24563,,,,3000,,212586
24564,,3000,,,,212617
24565,,30000,60000,,,212619
24566,,,15000,,,212623
24567,,,25000,1500,,212638
24568,,,25000,1500,,212640
24571,,,60000,1500,,212552
24572,,6000,,,,212661
24573,,,5000,,,212714
24578,,,,1500,,212749
24579,,,,1500,,212754
24580,,3000,,,,206513
24582,,,3000,,,212510
24586,,,,1500,,212798
24589,,,30000,,,212801
24590,,60000,,,,212800
24591,,,,6000,,212836
24592,,,,1000,,212856
24593,,,,1000,,212857
24594,,,,1000,,212858
24595,,,,1000,,212859
24596,,,,1000,,212860
24597,,,,1000,,212861
24598,,,,1000,,212862
24599,,,,1000,,212863
24600,,,,1000,,212864
24601,,,,1000,,212866
24602,,,60000,,,212849
24603,,,1000,1000,,212883
24604,,2000,,,,212867
24605,,3000,,,,212852
24607,,,180000,,,212458
24609,,,180000,,,212908
24611,,,10000,1500,,212947
24612,,5000,,,,212950
24613,,5000,,,,212926
24616,,,40000,1500,,5484
24617,,15000,15000,,,212981
24619,,,,1000,,189038
24620,,5000,,2000,,213012
24621,,,1500,,,213022
24622,,,1500,,,211548
24623,,,5000,1000,,213043
24624,,,6000,1500,,213045
24626,,,,1500,,213066
24628,,,,1500,,213084
24629,,1000,5000,,,213086
24631,,,,1500,,213109
24632,,3000,,,,213127
24633,,15000,15000,,,213149
24641,,,30000,,,201360
24645,,,,2000,,213144
24646,,5000,,,,213219
24647,,1000,30000,,,213220
24648,,,,2000,,213208
24649,,120000,,2000,,213232
24651,,1000,,,,213248
24652,,1000,,,,213249
24653,,1000,,,,213250
24654,,1000,,,,213251
24655,,1000,,,,213252
24656,,1000,,,,213253
24657,,1000,,,,213254
24658,,1000,,,,213255
24659,,1000,,,,213256
24660,,1000,,,,213257
24661,,,60000,,,213258
24664,,,,1500,,213302
24665,,,,1500,,213299
24666,,,2000,,,213319
24667,,,2000,,,213330
24668,,,6000,,,213325
24669,,15000,,1500,,213369
24670,,5000,,,,213375
24671,,,60000,,,213376
24672,,,,1500,,213391
24674,,,1000,,,213398
24675,,,60000,,,195146
24676,,,75000,1500,,213435
24677,,,60000,,,195149
24679,,,,1500,,213500
24681,,,,1000,,213521
24683,,,45000,1500,,213610
24684,,2000,,,,213625
24685,,,,1500,,213629
24686,,8000,,1500,,213634
24687,,8000,,1500,,213644
24689,,5000,,,,213656
24690,,,,1000,,213658
24692,,,10000,1500,,213678
24693,,5000,,,,213685
24694,,4000,,,,213687
24696,,2000,,,,213688
24697,,,10000,1000,,213690
24698,,,30000,1500,,213691
24699,,10000,,,,213716
24700,,,15000,1000,,213735
24701,,,2000,,,213655
24706,,,,1500,,213762
24707,,,,1000,,213764
24708,,,,1500,,213771
24709,,,,1500,,213791
24710,,,,1500,,213793
24711,,,,1500,,213795
24712,,,,1500,,213797
24713,,,2000,1500,,213803
24714,,,4000,,,213805
24715,,,,1000,,213826
24716,,,,1000,,213829
24718,,,15000,1000,,213831
24719,,,60000,1000,,213835
24720,,,,1500,,213842
24721,,,,1500,,213843
24722,,,4500,1500,,213844
24723,,16000,,1500,,213847
24724,,,15000,1500,,213871
24726,,,60000,,,195144
24728,,1000,10000,,,198380
24729,,1000,2000,,,213467
24730,,1000,8000,,,213444
24731,,,2000,,,213940
24732,,,60000,,,213981
24734,,1000,,,,214004
24735,,1000,,,,214006
24736,,,30000,,,214079
24737,,,60000,,,214066
24738,,,60000,,,214057
24739,,,1500,,,214099
24741,,,,1500,,214145
24742,,,,1500,,214162
24743,,,30000,1500,,214164
24744,,,45000,1000,,192759
24745,,,,1500,,214196
24746,,,,1500,,214195
24747,,20000,90000,,,214198
24749,,20000,60000,,,214203
24750,,15000,,,,214221
24751,,2000,,,,214226
24754,,,45000,,,214284
24755,,,45000,1000,,214320
24756,,,75000,1000,,214326
24757,,,120000,,,213664
24758,,,10000,,,214333
24759,,,15000,1500,,214351
24760,,,500,,,214357
24761,,,1500,,,214360
24762,,,120000,,,214366
24763,,3000,,,,214413
24764,,3000,,,,214424
24765,,8000,,,,214431
24766,,15000,60000,,,214423
24767,,3500,,,,214448
24770,,3000,,,,214472
24771,,,6000,,,214476
24772,,,1500,,,214391
24774,,4000,,,,214503
24777,,,1000,,,214542
24778,,3000,,,,214541
24780,,3500,,,,214552
24782,,3000,,,,214575
24783,,,20000,,,214577
24784,,,,1500,,214579
24785,,,60000,,,214584
24786,,3000,,,,214593
24789,,,90000,,,214624
24790,,,45000,1500,,214634
24792,,5000,,,,202658
24793,,30000,,,,214672
24794,,4000,,,,214678
24795,,4000,,,,214679
24796,,4000,,,,214680
24797,,4000,,,,214681
24798,,,1500,,,214682
24799,,4000,,,,214690
24800,,3000,,1500,,214707
24801,,,5000,,,214719
24802,,,5000,,,214721
24803,,,60000,1500,,214743
24804,,3000,,,,214749
24805,,,,1500,,214777
24806,,2000,,,,214779
24807,,,,2000,,214789
24809,,3000,,,,214801
24811,,,30000,1000,,214824
24812,,,,1000,,214834
24813,,,30000,,,214953
24815,,3000,,,,214967
24816,,3000,,,,190133
24817,,20000,60000,,,214971
24818,,4000,,,,214976
24819,,20000,120000,,,214980
24821,,3000,,,,214988
24822,,,60000,1500,,214991
24827,,3500,,,,215041
24829,,,1500,,,215112
24830,,9500,,,,215070
24832,,5000,,,,215131
24834,,,,1500,,196586
24841,,,1500,,,215206
24847,,1000,,,,215275
24848,,1000,,,,215277
24850,,,20000,,,215296
24851,,,1000,,,212649
24852,,,1000,,,212648
24853,,,,1500,,215334
24855,,5000,,1500,,215369
24857,,,18000,1500,,215382
24858,,4000,,,,215390
24859,,4000,,,,215394
24860,2,,,,,198944
24861,,10000,,,,198944
24862,,,15000,,,215419
24863,,,5000,,,215420
24864,,3000,,,,215430
24865,,2500,,,,215433
24866,,15000,,,,215440
24868,,4000,,,,215443
24869,,4000,,,,215452
24871,,,500,,,212653
24872,,20000,60000,,,215467
24873,,3000,,,,199805
24875,,5000,,,,215373
24876,,3000,,,,215349
24887,,3000,,,,215488
24889,,3000,,,,192044
24890,,4000,,,,192018
24891,,15000,,,,200736
24892,,,,1500,,215560
24894,,14000,,,,194228
24898,,2000,,,,215639
24900,,20000,90000,,,215648
24901,,,45000,,,215652
24904,,,,1500,,215661
24905,,,,1500,,215664
24906,,1500,,,,215667
24907,,20000,120000,,,215670
24908,,3000,,,,215697
24909,,,,1500,,215730
24911,,3000,,,,215691
24912,,,,6000,,215806
24913,,2000,,,,215808
24914,,3000,,,,215821
24915,,3000,,,,215830
24916,,6000,,,,215840
24917,,3000,,,,215856
24919,,,180000,,,215853
24920,,,180000,,,215850
24921,,,3000,,,215910
24922,,20000,120000,,,215936
24924,,,180000,,,215976
24925,,,120000,1500,,215977
24927,,,120000,,,215769
24930,,,300000,,,216007
24931,,,,1500,,216008
24932,,5000,,,,216000
24933,,5000,,,,216006
24934,,3000,,,,216009
24936,,3000,,,,216030
24937,,3000,,,,216034
24938,,3000,,,,216040
24939,,3000,,,,216043
24940,,2000,,,,216062
24941,,4000,,,,216065
24942,,5000,,,,216064
24943,,7500,,,,216072
24945,,3000,,,,216082
24946,,3000,,,,216088
24947,,,16000,1500,,216095
24949,,2000,,,,194506
24951,,,,1500,,216138
24953,,3000,,1500,,216141
24954,,1500,,,,216142
24955,,2000,,,,216143
24957,,4000,,,,216150
24958,,,,1500,,216154
24962,,4000,,,,216198
24963,,,1500,,,216213
24964,,4000,,,,216164
24965,,4000,,,,216228
24967,,1500,,,,216263
24971,,2000,,,,216158
24972,,2000,,,,216291
24975,,,60000,,,216331
24978,,15000,75000,,,215658
24979,,20000,120000,,,214962
24980,,5000,,,,216305
24983,,3000,,,,170878
24984,,3000,,,,170889
24985,,300000,,1500,,201891
24987,,,60000,,,216431
24989,,,30000,1500,,216444
24992,,300000,,,,216468
24993,,3000,,,,216480
24995,,,30000,,,216509
24996,,,,1500,,216514
24997,,,,1500,,216515
24998,,3000,,,,216504
24999,,3000,,,,216456
25000,,,1500,,,216520
25001,,,300000,1000,,216528
25004,,4000,,,,206363
25005,,8000,,,,216718
25006,,,1500,,,180862
25007,,4000,,,,216720
25008,,,,1000,,216762
25009,,,60000,,,216802
25010,,300000,60000,,,216805
25011,,,60000,,,216810
25012,,2000,,,,216822
25013,,4000,,,,216837
25015,,4000,,,,216882
25016,,4000,,,,216808
25020,,,60000,1500,,216920
25023,,,30000,,,216992
25024,,3000,,,,216978
25025,,3000,,,,216993
25026,,,30000,,,216995
25027,,,30000,,,217000
25028,,,30000,,,217006
25029,,3000,,,,216981
25030,,,,1500,,217020
25032,,3000,,,,217027
25033,,,3000,,,202610
25034,,,,1500,,217058
25035,,2000,,,,217066
25036,,,,1500,,217092
25037,,,1000,,,217107
25038,,3000,,,,217119
25039,,3000,,,,217140
25041,,,,1500,,217200
25043,,,1000,1000,,217214
25046,,,,1500,,217218
25048,,,1000,1000,,217220
25050,,,1000,1000,,217225
25051,,,,1500,,217272
25052,,,,1500,,217291
25053,,5000,,,,217235
25054,,5000,,,,217249
25055,,3000,,,,217229
25056,,5000,,,,217344
25057,,,,1000,,217369
25058,,,,1000,,217373
25060,,3000,,1500,,217385
25061,,,5000,,,217165
25062,,1000,,,,217439
25063,,16000,,,,217227
25064,,1000,,,,217469
25065,,1000,,,,217465
25066,,6000,,,,217522
25067,,6000,,,,217466
25068,,1000,,,,217562
25070,,6000,,,,217581
25071,,5000,,,,217582
25072,,5000,,,,217515
25073,,,72000000,,,217613
25074,,4000,,,,217620
25078,,,,1500,,217642
25080,,3000,,,,217733
25081,,,15000,,,217734
25082,,1500,,,,217747
25083,,4000,,,,217810
25084,,,1500,,,217818
25085,,,45000,1500,,217832
25086,,,16000,1500,,217853
25087,,,6000,1500,,217856
25088,,7000,,,,217857
25091,,,,1500,,217916
25092,,5000,,,,217874
25093,,5000,,,,217893
25094,,,,5000,,217563
25095,,,,5000,,217831
25096,,,,5000,,217834
25097,,5000,,,,217919
25099,,5000,,,,217930
25101,,10000,,,,217946
25105,,5000,,,,217966
25106,,,,1500,,218013
25108,,2000,,,,218017
25109,,3000,,,,218006
25110,,7000,,,,218020
25111,,6000,,,,218035
25112,,3000,,,,218019
25114,,6000,,,,218087
25116,,,5000,1000,,218110
25117,,,1000,,,218100
25118,,6000,,,,218133
25119,,8000,,,,197924
25121,,,16000,1500,,218161
25122,,,,1500,,218164
25123,,,,1500,,218165
25125,,,,1500,,218170
25126,,,1500,,,218174
25128,,,60000,,,218177
25129,,,5000,,,218227
25130,,,5000,,,218245
25131,,,3000,,,218027
25132,,,10000,,,193327
25133,,,120000,1500,,218277
25134,,20000,,,,218291
25136,,,6000,,,218312
25137,,,1000,,,218316
25138,,,1000,,,218318
25139,,,30000,,,218346
25140,,3000,,1500,,218359
25141,,,,1500,,218371
25143,,10000,15000,,,218407
25144,,3000,,,,218427
25145,,,,1500,,218434
25146,,,,1500,,218437
25148,,3000,,,,218435
25149,,3000,,,,218449
25150,,,8000,1500,,218494
25151,,3000,,,,218531
25152,,,120000,,,218533
25153,,,180000,1500,,218534
25154,,,180000,1500,,218543
25155,,,10000,1500,,218549
25156,,,15000,,,217976
25158,,,30000,1500,,218535
25160,,2000,,,,218562
25161,,,1500,,,218564
25162,,,,1500,,218589
25164,,,,1500,,218605
25165,,,8000,,,218608
25166,,3000,,,,218613
25168,,3000,,,,218620
25169,,3000,,,,218621
25170,,3000,,,,218622
25171,,,90000,,,185265
25172,,,,1000,,197017
25173,,6000,,,,218625
25179,,10000,,,,218765
25180,,,1000,1000,,217217
25181,,8000,,,,218554
25182,,8000,,,,218793
25183,,,16000,1500,,218796
25184,,,6000,,,218803
25185,,,15000,,,218814
25188,,,120000,1500,,218837
25189,,,15000,,,218851
25190,,,,1500,,218858
25191,,,,1500,,218860
25192,,5000,,,,218875
25193,,5000,,,,218871
25194,,3000,,,,218888
25195,,,12000,,,218890
25198,,5000,,,,218943
25199,,,5000,,,218963
25200,,2000,,,,218967
25201,,,,1500,,218977
25202,,1500,,,,218983
25203,,,,1500,,218988
25204,,1500,,,,218991
25205,,,45000,1000,,218999
25207,,,45000,1000,,219006
25211,,,45000,1000,,219014
25213,,2000,,,,219020
25214,,2000,,,,219047
25215,,3000,,,,219051
25216,,3000,,,,219053
25218,,5000,,,,219077
25219,,,,1000,,219091
25220,,180000,,,,219092
25221,,3000,,,,219115
25222,,3000,,,,219119
25223,,4000,,,,219141
25224,,3000,,,,219128
25225,,,,1000,,219146
25226,,,10000,,,219159
25227,,2000,,,,219162
25228,,10000,10000,1000,,219199
25229,,,,1000,,219202
25231,,,180000,1500,,219210
25232,,,180000,1500,,219209
25233,,30000,,1500,,219215
25234,,30000,,1500,,219216
25235,,30000,,1500,,219217
25236,,30000,,1500,,219218
25237,,30000,,1500,,219219
25238,,2000,,,,219238
25239,,2000,,,,219200
25240,,2000,,,,219242
25242,,,,2000,,219237
25247,,,10000,,,219286
25248,,5000,,,,219287
25249,,,60000,,,210929
25250,,2000,,,,219256
25251,,4000,,,,219347
25252,,,,1500,,219392
25253,,,,1500,,219393
25254,,,,1500,,219394
25255,,,,1500,,219398
25256,,,,1500,,219399
25257,,,,1500,,219400
25258,,,20000,1000,,219397
25259,,,2000,1000,,219396
25260,,,,1500,,219401
25261,,,,1500,,219402
25262,,,,1500,,219403
25263,,,,1500,,219404
25264,,,,1500,,219405
25265,,,,1500,,219406
25266,,,,1500,,219407
25268,,6000,,,,219426
25269,,,2000,,,219429
25273,,,,1500,,219447
25278,,,1000,,,219494
25279,,3000,,,,210597
25280,,3000,,,,210569
25281,,3000,,,,210616
25282,,,,1000,,219509
25283,,,,1000,,219512
25285,,5000,,,,219364
25286,,5000,,,,219374
25287,,5000,,,,219523
25288,,,,1500,,219548
25289,,,,1500,,219549
25290,,,,1500,,219551
25291,,,,1500,,219572
25292,,3000,,1500,,219583
25293,,,120000,,,219590
25294,,3000,,,,219595
25295,,5000,,,,219575
25296,,5000,,,,219593
25298,,5000,,,,207261
25300,,,,2000,,219627
25301,,,90000,1500,,219641
25302,,,90000,,,219649
25303,,3000,,,,219657
25304,,,8000,,,219661
25305,,,30000,,,219668
25306,,,,1500,,219674
25307,,30000,,1000,,219677
25308,,4000,,,,219683
25309,,,,1000,,219692
25310,,,120000,1500,,219698
25311,,,180000,1500,,219699
25312,,,,1500,,219707
25313,,,2500,1500,,219735
25314,,,,1500,,219799
25315,,,60000,1500,,219809
25316,,3000,,,,219810
25318,,7000,,,,219858
25319,,,1500,,,219877
25326,,1000,,,,195320
25327,,,1500,,,219917
25328,,1000,5000,,,219921
25329,,4000,,,,219930
25330,,1000,5000,,,219935
25331,,1000,5000,,,219946
25332,,,,1500,,219983
25335,,,60000,1000,,220016
25336,,,6000,1500,,220024
25337,,,,1500,,219349
25338,,,,1500,,219813
25339,,,,1500,,219861
25340,,,,1500,,220052
25341,,,,1500,,220060
25342,,3000,,,,220074
25343,,3000,,,,220075
25344,,,,1500,,215005
25345,,10000,,,,220079
25347,,,500,,,220104
25348,,3000,,,,220089
25349,,3000,,,,220097
25350,,1500,,,,220132
25351,,,4000,,,220067
25352,,,12000,,,220081
25353,,,90000,1500,,220143
25354,,3000,,,,220145
25355,,,8000,1500,,220153
25356,,1500,,,,220158
25358,,,,1500,,220177
25359,,3000,,,,220150
25360,,2500,,,,220163
25361,,,,1500,,220178
25362,,,10000,,,220148
25363,,,10000,,,220192
25364,,,20000,,,220207
25365,,,20000,,,220214
25366,,2000,,,,220222
25367,,1500,,,,220230
25368,,1500,,,,220231
25369,,,,1500,,220238
25370,,,30000,1250,,220239
25371,,5000,,,,220242
25372,,,30000,1250,,220243
25373,,3000,,,,220248
25374,,,,1500,,220255
25375,,,500,1500,,220261
25376,,,1500,,,220267
25377,,,5000,,,220278
25378,,,,1500,,220297
25379,,,5000,,,220306
25380,,,2000,,,220324
25381,,2500,,,,220333
25383,,,,1500,,198723
25384,,,120000,1500,,220371
25385,,,1000,,,220419
25386,,8000,,,,220399
25387,,1000,,,,220422
25388,,1000,,,,220426
25389,,3000,,,,220436
25391,,5000,,,,220409
25392,,,6000,,,220467
25393,,,3000,,,220392
25394,,5000,,,,220487
25395,,2000,,,,220481
25397,,500,,,,219096
25398,,500,,,,219097
25399,,500,,,,219072
25400,,,10000,,,220534
25401,,,,1500,,220540
25402,,,,1500,,220541
25404,,8000,,,,220570
25405,,,,1500,,220583
25406,,,,1500,,220445
25407,,4000,,,,220603
25408,,,1000,,,219296
25409,,,60000,,,220621
25410,,2500,,,,220622
25412,,15000,,,,220631
25413,,2500,,,,187191
25414,,,1500,,,184105
25415,,,15000,,,184207
25416,,,120000,1500,,220680
25417,,,20000,,,220624
25418,,,1500,,,220626
25419,,,15000,,,220580
25420,,,16000,,,220702
25421,,4000,,,,220733
25422,,9000,,,,220764
25423,,,,1500,,220785
25424,,3000,,,,220786
25426,,300000,,1500,,220831
25427,,,,1500,,220849
25428,,,1500,,,220870
25429,,3000,,,,220871
25430,,,10000,1500,,220874
25431,,,,1500,,220877
25432,,,1500,,,220900
25433,,2000,,,,220635
25434,,12000,,,,220654
25436,,,,3000,,199389
25437,,,,12000,,199345
25438,,,,5000,,199329
25439,,,120000,,,220906
25442,,,120000,,,220912
25443,,,,1500,,220913
25444,,,,1500,,220926
25446,,2000,,,,220930
25447,,,30000,,,220931
25448,,,30000,,,220939
25449,,20000,,,,220946
25450,,,,10000,,220954
25451,,6000,,,,220959
25452,,2000,,,,220963
25453,,,10000,,,220964
25454,,2000,,,,220970
25455,,2000,,,,220986
25456,,,,1500,,220989
25457,,,,1500,,200182
25458,,5000,,,,221090
25459,,5000,,,,182375
25460,,3000,,,,221095
25461,,3000,,,,221096
25462,,5000,,,,183498
25463,,10000,,,,221080
25465,,2000,,,,221128
25466,,1500,,,,221153
25467,,,1500,,,221170
25470,,,,10000,,221186
25473,,3000,,,,221185
25474,,,,1500,,221213
25475,,,300000,,,221259
25476,,,300000,1500,,221282
25477,,,60000,,,221286
25478,,3000,,,,221288
25479,,3000,,,,221277
25480,,5000,,,,221298
25482,,3000,,1500,,221306
25484,,1000,,,,221312
25485,,1500,,1500,,221341
25486,,,300000,1500,,221321
25488,,,10000,,,221355
25489,,,,1500,,221362
25490,,,,1500,,221395
25491,,,10000,,,221403
25492,,,,1500,,221405
25493,,,20000,,,221393
25494,,,,1500,,221424
25495,,,120000,1500,,221462
25496,,,180000,1500,,221463
25497,,,1000,,,221474
25498,,15000,,,,221514
25499,,,8000,,,221515
25501,,,45000,1500,,221527
25506,,,45000,1500,,221562
25511,,5000,,,,221354
25512,,5000,,,,221591
25513,,5000,,,,221604
25514,,7000,,,,221627
25515,,,3000,,,221635
25516,,,35000,1500,,221645
25517,,,12000,,,221647
25519,,,180000,,,221657
25520,,,,1500,,221683
25521,,,,1500,,221684
25522,,20000,120000,,,221695
25523,,,60000,1500,,221703
25524,,,30000,,,221704
25525,,,2000,,,221707
25526,,,45000,,,221708
25527,,,12000,,,221710
25528,,,6000,1500,,221719
25529,,,24000,,,221720
25530,,,15000,1500,,221722
25532,,,35000,1500,,221730
25534,,,120000,,,221742
25535,,,180000,,,221743
25536,,,120000,1500,,221745
25537,,,240000,,,221756
25538,,,240000,1500,,221757
25539,,,120000,1500,,221761
25540,,,240000,,,221762
25541,,,240000,,,221764
25542,,,240000,,,221766
25543,,,1000,,,221771
25544,,,1000,,,221788
25545,,,25000,1000,,221792
25546,,120000,,,,221799
25547,,20000,60000,,,221803
25548,,2000,,,,221800
25549,,2000,,,,221759
25550,,2000,,,,221749
25551,,1000,1000,,,221831
25552,,1000,1000,,,221833
25553,,20000,120000,,,221837
25554,,,,1500,,221883
25555,,,,1500,,221885
25556,,,,1500,,221886
25557,,,,1500,,221887
25559,,,,1500,,221906
25560,,,,1500,,221907
25561,,,,1500,,221908
25562,,20000,60000,,,221992
25563,,2500,,,,222002
25564,,1500,,,,222012
25565,,,60000,,,199966
25568,,3000,,,,212755
25569,,2500,,,,194584
25570,,5000,,,,222039
25571,,40000,,,,222042
25572,,20000,120000,,,222046
25573,,1000,,,,222008
25574,,2000,,,,222019
25575,,4000,,,,222058
25577,,5000,,,,221464
25578,,,15000,1500,,222074
25579,,,6000,1500,,222072
25580,,,6000,1500,,222075
25581,,,8000,1500,,222076
25582,,,6000,1500,,222087
25583,,,60000,1500,,222088
25584,,,3000,1500,,222089
25585,,,,1500,,222090
25587,,,120000,,,222112
25588,,,300000,1500,,222113
25589,,,120000,,,222117
25590,,,1500,,,222148
25592,,,12000,,,203104
25595,,6000,,,,222179
25597,,,,1500,,222196
25598,,,180000,,,222219
25599,,2000,,,,222230
25600,,2000,,,,222211
25601,,,1500,,,203148
25602,,,,1500,,222291
25604,,5000,,,,222293
25605,,5000,,,,222288
25606,,,30000,1500,,222317
25611,,,180000,,,222357
25612,,,10000,1500,,222359
25613,,,1500,,,222360
25614,,,8000,,,222409
25615,,,,1500,,222414
25616,,7000,,,,222410
25617,,,3000,,,222418
25618,,,,1500,,222465
25619,,3000,,,,222469
25620,,3000,,,,222475
25621,,4000,,,,222477
25622,,2000,,,,222472
25624,,3000,,,,222484
25625,,5000,,,,222487
25626,,3000,,,,222491
25627,,3000,,,,222494
25628,,3000,,,,222499
25629,,3000,,,,222503
25630,,2000,,,,222504
25631,,2000,,,,222476
25632,,11000,,,,222483
25633,,,180000,,,222542
25634,,180000,,,,216153
25635,,,6000,,,199402
25636,,,,1500,,222593
25637,,,,1500,,222595
25639,,5000,,,,212895
25640,,,180000,,,222619
25641,,,120000,1500,,222621
25642,,2000,1500,,,222616
25643,,,240000,,,222622
25644,,,240000,,,222624
25645,,,240000,,,222626
25646,,,240000,,,222627
25647,,,240000,,,222628
25648,,,60000,1500,,222634
25649,,2000,,,,222617
25650,,3000,,,,222623
25651,,5000,,,,222596
25652,,3000,,,,222671
25653,,6000,,,,222676
25654,,5000,,,,222686
25655,,,,1500,,222695
25656,,1500,,,,222716
25657,,1500,,,,222719
25658,,,180000,1500,,222717
25659,2,2000,,,,209628
25660,2,4000,,,,209676
25661,2,2000,,,,209602
25662,,2000,,,,222764
25663,,,30000,,,222783
25664,,,5000,,,222784
25665,,,45000,,,222791
25666,,3000,,,,222794
25667,,20000,,,,222795
25668,,20000,,,,222807
25669,,20000,,,,222809
25670,,,60000,1500,,222826
25671,,6000,,1500,,222881
25672,,,16000,,,137639
25673,,10000,,,,222891
25674,,,25000,1500,,222897
25675,,2000,,,,222880
25676,,2000,,,,222906
25677,,3000,,,,222677
25678,,2000,,,,222797
25679,,,180000,,,222931
25680,,,120000,,,222933
25682,,,120000,1500,,222936
25683,,,30000,,,222927
25684,,,30000,,,222951
25686,,,,1500,,222959
25687,,,,1500,,222966
25688,,,,1500,,222968
25689,,,,1500,,222978
25690,,,,1500,,222982
25691,,,60000,1000,,222995
25692,,,,1500,,223027
25694,,4000,,,,223057
25695,,,15000,1500,,223061
25696,,4000,,,,223062
25697,,,,1500,,223070
25698,,,,1500,,223078
25699,,5000,,,,223082
25700,,,1000,250,,223109
25701,,,,1500,,223110
25702,,,,1000,,223111
25703,,4000,,,,223117
25704,,,180000,,,223132
25705,,,120000,1500,,223133
25706,,,180000,1500,,223137
25707,,,,1500,,223155
25708,,,120000,1500,,223169
25710,,,,1500,,223184
25711,,,120000,1500,,223136
25712,,,,1500,,223199
25713,,4000,,,,223204
25714,,3000,,,,223206
25715,,300000,,,,223297
25716,,2500,,,,223299
25717,,,,1500,,223303
25718,,,12000,1500,,223306
25719,,,60000,,,223309
25720,,,60000,1500,,223310
25721,,3000,,,,223312
25722,,86400000,,,,193123
25723,,3000,,,,223332
25724,,86400000,,,,204182
25725,,,,1500,,223339
25726,,86400000,,,,201448
25727,,,,1500,,223352
25728,,,,1500,,223359
25729,,2000,,,,223381
25730,,,1500,,,223397
25731,,,15000,,,223322
25732,,,,1500,,223409
25733,,,43200000,,,223413
25734,,,,1000,,223431
25735,,86400000,,,,223434
25736,,3000,,,,223440
25737,,2000,,,,223441
25738,,,72000000,1500,,223444
25739,,,3600000,1500,,223446
25740,,,30000,,,223451
25741,,,1500,,,223463
25742,,,360000,,,223464
25743,,60000,60000,,,223497
25744,,60000,60000,,,223498
25745,,60000,60000,,,223499
25746,,60000,60000,,,223500
25747,,,1500,,,223505
25748,,,1000000,,,223493
25749,,2000,,,,223506
25750,,2000,,,,223538
25751,,2000,,,,223572
25752,,60000,,,,223573
25753,,,5000,,,223570
25754,,1000,,,,223565
25756,,,15000,,,223584
25757,,5000,,,,223589
25758,,,60000,,,223591
25759,,,60000,,,223592
25760,,,60000,,,223595
25761,,,1000,,,223602
25777,,5000,,,,223637
25778,,,,1500,,223648
25780,,,,1500,,223654
25782,,,1000,,,223667
25783,,,1000,,,223670
25784,,,1000,,,223676
25785,,5000,,,,223659
25786,,3000,,,,223693
25787,,3000,,,,223447
25788,,3000,,,,223433
25789,,3000,,,,223420
25790,,12000,,,,223421
25791,,3000,,,,223630
25792,,2000,,,,223417
25793,,2000,,,,223704
25794,,,1000,,,223722
25795,,6000,,,,223623
25796,,6000,,,,223689
25797,,4000,,,,223614
25798,,,5000,,,223730
25799,,,1000,,,223733
25800,,1500,,,,223766
25801,,,,1000,,223784
25802,,,,1000,,223787
25803,,4000,,,,223799
25804,,1500,,,,223826
25805,,,,1500,,223829
25806,,,,1500,,223423
25807,,1500,,,,223868
25808,,14000,,,,223511
25809,,14000,,,,214181
25810,,,90000,,,223903
25811,,4000,,,,223912
25812,,,,1500,,223919
25813,,,300000,,,223896
25814,,3000,,,,223933
25815,,5000,,,,223939
25816,,,10000,,,223892
25817,,,60000,,,223894
25818,,,300000,,,223898
25819,,,60000,,,223901
25820,,,,1500,,223952
25821,,,,1000,,223954
25822,,3000,,,,223964
25827,,,,1500,,190668
25829,,,5000,,,224009
25830,,,3000,,,224008
25831,,,1500,,,224107
25832,,,60000,,,224110
25834,,,60000,,,224152
25835,,,30000,,,224159
25836,,,60000,,,224180
25837,,3000,,,,224181
25838,,3000,,,,224205
25841,,,,1500,,224259
25842,,,,1500,,224261
25844,,1500,4000,,,224276
25845,,,20000,,,224277
25846,,,5000,,,224308
25847,,,600000,,,224309
25848,,5000,,1500,,24407
25850,,4000,,,,224355
25851,,,30000,,,224360
25852,,,60000,,,224368
25854,,,1000,,,224379
25855,,,1000,,,224380
25856,,,1000,,,224381
25857,,,1000,,,224382
25858,,4000,,,,224386
25859,,1000,,,,224387
25860,,,,1500,,224392
25862,,,,1500,,224403
25863,,,,1000,,224435
25865,,,20000,,,215127
25866,,2000,10000,,,224450
25868,,3000,,,,224475
25869,,3000,,,,224480
25870,,3000,,,,224482
25871,,3000,,,,224483
25873,,2000,,,,224511
25874,,8000,,,,224512
25875,,4000,,,,224513
25876,,1500,,,,224518
25877,,8000,,,,224521
25878,,8000,,,,224523
25879,,,,1500,,224525
25880,,,,1500,,224528
25881,,8000,,,,224529
25882,,,,1500,,224536
25883,,10000,,,,224538
25884,,5000,,,,224541
25885,,,500,,,224535
25886,,,500,,,224534
25887,,,500,,,224533
25888,,,500,,,224531
25889,,3000,,,,224549
25890,,,5000,,,224552
25891,,1500,,,,224553
25892,,3000,,,,224554
25893,,,5000,,,224279
25894,,10000,,1000,,224573
25895,,10000,,1000,,224574
25896,,10000,,1000,,224575
25897,,10000,,1000,,224576
25898,,10000,,1000,,224577
25899,,10000,,1000,,224578
25902,,2000,,,,224563
25903,,4000,,,,224646
25904,,,12000,,,224659
25905,,3000,,,,224664
25906,,3000,,,,224667
25907,,2000,,,,224666
25909,,3000,,,,224672
25910,,3000,,,,224359
25912,,20000,,,,224687
25913,,2000,,,,224688
25914,,3000,,,,224698
25915,,3000,,,,224701
25916,,,,1500,,224716
25917,,,600000,,,224702
25918,,2000,,,,224673
25919,,2000,,,,224726
25920,,3000,,,,224738
25921,,2000,,,,224740
25922,,2000,,,,224564
25923,,900000,,900000,,224264
25924,,,,1500,,224786
25925,,,300000,,,223594
25927,,,,60000,,224790
25928,,4000,,,,224801
25930,,,,1000,,224807
25931,,,90000,,,224811
25934,,2000,,,,224862
25935,,,,1500,,224869
25936,,,60000,1500,,224871
25937,,,7200000,,,217668
25938,,4000,,,,224896
25939,,,500,,,224895
25940,,3000,,,,224907
25942,,,1500,,,224928
25943,,5000,,,,224943
25944,,5000,,,,224944
25945,,,60000,1500,,224968
25946,,5000,,,,224970
25947,,5000,,,,224974
25948,,15000,,,,224982
25950,,,,1000,,224990
25951,,,,1000,,224991
25952,,5000,,,,224995
25953,,,7200000,,,225000
25954,,,5000,,,225004
25955,,,5000,,,225018
25956,,15000,90000,,,225033
25957,,3000,,,,225047
25958,,3000,,,,225043
25959,,3000,,,,225052
25960,,,1500,,,225054
25963,,,1500,,,225107
25964,,,1500,,,225110
25966,,,1500,,,225117
25969,,,30000,,,218230
25970,,,12000,,,220128
25971,,,12000,,,220232
25973,,,1000,,,225124
25975,,20000,120000,,,225126
25976,,,1000,,,225127
25979,,,60000,,,225130
25981,,10000,60000,,,225132
25982,,10000,60000,,,225133
25985,,,1000,,,225136
25989,,20000,120000,,,225140
25990,,20000,80000,1500,,225141
25992,,,,1500,,225200
25993,,,,1500,,225203
25994,,,5000,,,225223
25996,,3000,,,,225235
25997,,3000,,,,225228
25998,,3000,,,,225249
25999,,10000,,1500,,225254
26009,,3000,,,,225286
26010,,3000,,,,225290
26012,,,,2000,,216430
26013,,,,4000,,216427
26014,,,,2000,,216432
26015,,,,8000,,216467
26016,,2000,,,,225389
26017,,7000,,,,215582
26018,,5000,,,,225412
26019,,,120000,1500,,225428
26020,,,120000,1500,,225434
26021,,,120000,1500,,225435
26022,,,120000,1500,,225436
26023,,,120000,1500,,225440
26024,,,,1500,,225447
26025,,,5000,,,225457
26026,,,,1000,,212423
26027,,1500,1500,1500,,225477
26028,,,,1000,,225478
26031,,8000,,,,225509
26032,,,,1500,,225586
26033,,,15000,1500,,200025
26034,,,,1500,,225638
26036,,,15000,,,221272
26037,,,20000,,,225656
26038,,,15000,,,225657
26039,,,15000,,,225658
26040,,,15000,,,225659
26041,,,5000,,,225660
26042,,,,1500,,225663
26043,,,5000,,,220668
26044,,,1000,,,225716
26045,,,1000,,,225720
26047,,,1000,,,225726
26048,,,1000,,,225729
26049,,,1000,,,225730
26053,,,,1500,,225754
26054,,,,1500,,225761
26055,,,,1500,,225762
26056,,3000,,,,225105
26057,,3000,,,,225800
26058,,5000,,,,225801
26059,,3000,,,,225809
26060,,,3600000,1500,,225819
26061,,,3600000,1500,,225821
26062,,,3600000,1500,,225823
26063,,,3600000,1500,,225824
26064,,,,1500,,225832
26067,,3000,,,,225845
26068,,10000,,,,225804
26069,,3000,,,,225847
26070,,5000,,,,225851
26071,,,5000,,,225854
26072,,5000,,,,225859
26073,,5000,,,,225858
26075,,,1500,,,207409
26079,,,,5000,,224436
26084,,,10000,,,225948
26085,,8000,,,,225943
26087,,,,1500,,226034
26088,,3000,,,,226052
26089,,,5000,,,226054
26090,,2000,,,,226056
26091,,30000,120000,,,215956
26092,,,,1500,,226063
26093,,,,1500,,226078
26094,,2500,,,,226083
26095,,1000,,,,226084
26096,,,,1500,,226095
26097,,,,1500,,226097
26098,,1000,,,,226102
26103,,,30000,,,226177
26104,,,1500,,,226232
26105,,,1500,,,226260
26107,,30000,,,,226267
26109,,600000,,1500,,226277
26110,,,3000,,,216529
26111,,,3000,,,216530
26112,,,3000,,,216215
26113,,,1500,,,226290
26115,,2000,,,,226407
26116,,7000,,,,226420
26117,,3000,,,,226423
26118,,2000,,,,226424
26119,,2000,,,,226425
26120,,,45000,,,226452
26121,,,1000,,,226367
26122,,5000,,,,226495
26123,,,15000,1000,,226496
26124,,,1000,,,226501
26128,,,120000,,,226681
26129,,,,1500,,226682
26130,,4000,,,,226670
26131,,,10000,,,226690
26137,,2000,,,,226731
26141,,,5000,,,226748
26143,,4000,,,,226787
26148,,,1000,,,226812
26149,,,,1500,,226813
26160,,3000,,,,226837
26161,,3000,,,,226839
26162,,8000,,,,226840
26163,,6000,,,,226838
26164,,1500,,,,212109
26166,,,,1000,,226874
26167,,,,1500,,226885
26168,,,120000,,,226912
26169,,,5000,,,226935
26170,,1500,,,,226936
26171,,,10000,,,226952
26172,,3000,,6000,,226957
26173,,3000,,6000,,226961
26174,,3000,,6000,,226965
26175,,3000,,6000,,226969
26176,,3000,,6000,,226972
26177,,,1500,,,205236
26178,,,1500,,,214117
26179,,,60000,,,211613
26180,,,1000,,,227027
26181,,,1000,,,227029
26182,,,1500,,,227033
26183,,,,1500,,227051
26184,,,,1500,,227052
26185,,,1500,,,209824
26186,,86400000,,,,222380
26187,,3000,,6000,,227075
26189,,,60000,,,227092
26190,,,,1500,,227093
26191,,5000,,,,227102
26192,,120000,,,,200260
26193,,,,1500,,227113
26194,,3000,,,,227153
26195,,15000,,,,227154
26196,,,5000,,,226460
26197,,3000,,,,227160
26201,,5000,,,,227202
26202,,,3000,,,197554
26206,,,1500,,,227213
26207,,,,3000,,115320
26208,,,1500,,,227214
26209,,,1500,,,227218
26211,,,1500,,,227226
26212,,,1500,,,227230
26214,,3000,,,,198495
26215,,3000,,,,197517
26216,,6000,,,,227236
26217,,,,500,,216486
26218,,1000,,,,222929
26221,,1000,,,,222942
26222,,1000,,,,222947
26223,,1000,,,,222950
26224,,1000,,,,222945
26225,,1000,,,,223677
26226,,1000,,,,222336
26227,,1000,,,,222333
26228,,1000,,,,222334
26229,,1000,,,,222335
26232,,,5000,1000,,227291
26233,,2000,,,,227341
26234,,,,1000,,227344
26235,,,,1500,,227345
26237,,,1000,,,227375
26238,,2000,,,,219803
26239,,2000,,,,219493
26240,,2000,,,,219555
26241,,8000,,,,219610
26242,,25000,,,,203516
26243,,25000,,,,203515
26244,,25000,,,,203382
26245,,5000,,,,203514
26246,,,,1000,,227388
26247,,3000,,,,227463
26248,,8000,,,,227449
26250,,,250,,,227511
26255,,2000,,,,227410
26256,,,,2000,,200238
26257,,,,4500,,204808
26258,,,,5500,,200359
26259,,2000,,,,227543
26261,,,,1500,,203796
26262,,3000,,,,200050
26263,,1000,,,,227553
26264,,6000,,,,227568
26265,,7000,,1500,,227576
26267,,,,3000,,206308
26268,,,,3000,,209000
26269,,3000,,,,227362
26270,,3000,,,,227363
26271,,3000,,,,227404
26272,,3000,,,,227365
26274,,,5000,,,202413
26275,,,5000,,,227659
26276,,4000,,,,227670
26279,,,1000,,,221481
26280,,,45000,,,207647
26281,,1500,,,,227723
26282,,1000,,,,227729
26283,,,,1500,,227731
26284,,2000,,,,227776
26288,,,1000,,,227818
26295,,,90000,1500,,227847
26296,,,1000,,,212782
26297,,,,1500,,227860
26298,,,,1500,,227877
26300,,300000,,,,227892
26305,,,1000,,,216980
26312,,,,1500,,227964
26313,,,1000,,,212831
26317,,,45000,1500,,228048
26318,,,,1500,,228049
26333,,,1800000,,,228140
26337,,6000,,,,206875
26338,,3000,,,,206675
26339,,5000,,,,228187
26340,,,604800000,1500,,228214
26343,,,120000,1500,,228260
26344,,3000,,,,206223
26345,,3000,,,,206226
26346,,3000,,,,212256
26347,,3000,,,,206204
26348,,,,1500,,228277
26353,,,,8000,,227959
26354,,,,35000,,227503
26356,,2000,,,,228304
26357,,2000,,,,228299
26359,,2000,,,,228314
26360,,2000,,,,228316
26361,,4000,,,,228320
26362,,,,1500,,228326
26363,,,,1500,,228327
26366,,3000,,,,228226
26367,,3000,,,,228246
26368,,3000,,,,228250
26370,,5000,,,,228337
26371,,,60000,,,228366
26372,,6000,,,,218940
26373,,6000,,,,219013
26378,,15000,,,,200170
26379,,15000,,,,200330
26388,,,180000,,,228461
26389,,,7200000,,,228465
26391,,,,1500,,228477
26393,,,10000,,,228496
26394,,,1000,,,228500
26395,,,5000,,,228498
26396,,,1000,,,228511
26397,,,1000,,,228539
26400,,,2000,,,202915
26404,,,,1500,,228598
26406,,,,1500,,228606
26407,,5000,,,,228609
26408,,5000,,,,228611
26409,,,10000,1500,,228634
26410,,,30000,,,228639
26411,,,,1500,,228645
26413,,,43200000,,,228651
26421,,3000,,,,228669
26422,,3000,,,,228670
26423,,,,1500,,228673
26424,,,1000,,,227820
26425,,,60000,,,222032
26426,,,1000,,,171378
26429,,,,1500,,228724
26430,,,1000,,,228760
26431,,3000,,,,228786
26432,,1500,,15000,,228787
26435,,,30000,,,198643
26436,,,300000,,,228825
26437,,,1500,,,195583
26438,,4000,,,,228838
26439,,,300000,,,228850
26440,,8000,,,,228857
26441,,,20000,,,228858
26444,,,1500,,,228499
26445,,6000,15000,,,204192
26446,,,6000,,,228666
26447,,,6000,,,228667
26448,,10000,,,,217932
26449,,,8000,1500,,228920
26451,,,2000,,,227602
26452,,5000,,,,228237
26453,,15000,,,,224592
26454,,,10000,,,228941
26455,,,30000,,,210000
26456,,,90000,1500,,228946
26457,,,6000,,,228951
26470,,5000,,,,228982
26471,,6000,15000,,,229048
26473,,,,1500,,229090
26474,,,,1500,,229091
26475,,,,1500,,229092
26476,,,,1500,,229093
26477,,,,1500,,229094
26478,,,,1500,,229095
26479,,,,1500,,229096
26480,,,,1500,,229097
26481,,,,1500,,229098
26482,,,,1500,,229099
26483,,,,1500,,229100
26484,,,,1500,,229101
26485,,,,1500,,229102
26486,,,,1500,,229103
26487,,,,1500,,229104
26488,,,,1500,,229105
26489,,,,1500,,229106
26490,,,,1500,,229110
26494,,7000,,,,229120
26496,,5000,,,,229156
26497,,5000,,,,229145
26498,,3000,,,,229192
26499,,1000,,,,229206
26500,,,30000,,,229213
26501,,6000,,,,221336
26503,,120000,,,,229264
26504,,,,1000,,229265
26505,,,30000,,,229267
26506,,,30000,,,229273
26508,,5000,,,,228837
26509,,5000,,,,228785
26510,,5000,,,,229307
26511,,5000,,,,227514
26512,,5000,,,,227883
26513,,5000,,,,227816
26515,,,5000,,,229352
26516,,,7000,,,229355
26519,,,1500,,,229398
26521,,,5000,,,229239
26522,,,5000,,,229240
26523,,,1000,,,229457
26530,,1000,,,,229522
26531,,,,35000,,229577
26532,,,12000,,,229425
26533,,6000,,,,229698
26534,,,30000,,,229714
26537,,,2000,,,229827
26538,,,1500,,,229829
26539,,,1500,,,229844
26540,,3000,,,,229847
26541,,3000,,,,229848
26542,,3000,,,,229849
26543,,3000,,,,229850
26545,,,2000,,,229909
26546,,,2000,,,229916
26547,,,2000,,,229919
26548,,,30000,,,229970
26549,,,15000,,,229977
26551,,1000,1000,,,229997
26552,,,6000,1500,,230007
26553,,10000,60000,,,230011
26554,,10000,90000,,,230015
26556,,,60000,,,230038
26557,,,60000,,,230039
26558,,3000,,,,230043
26560,,,,1500,,230073
26561,,,,1500,,230074
26562,,,,1500,,230075
26563,,,,1500,,230076
26564,,20000,90000,,,230101
26565,,20000,120000,,,230121
26567,,,5000,,,230148
26568,,5000,,,,230160
26569,,5000,,,,230057
26570,,3000,,,,230050
26572,,5000,,,,230094
26573,,1000,,,,230161
26574,,1000,,,,230162
26577,,10000,30000,,,230222
26578,,,1000,,,230250
26579,,,1000,,,134566
26580,,,1000,,,134565
26581,,,1500,,,230255
26583,,,6000,,,230263
26585,,,,1500,,230285
26586,,30000,,,,230327
26587,,,10000,1500,,230342
26588,,,,1500,,230349
26589,,5000,,,,230366
26590,,,1500,1500,,230382
26591,,,5000,,,230394
26592,,,1000,,,230395
26593,,3000,,,,230411
26594,,,5000,,,230392
26595,,1000,,,,230442
26596,,,,1500,,230443
26597,,,,1500,,230444
26598,,,1000,,,230447
26599,,,1000,,,230490
26600,,,45000,,,230839
26601,,,1000,,,230849
26602,,15000,,,,230888
26603,,,15000,15000,,230914
26604,,,,1500,,230916
26605,,120000,,,,230931
26606,,,300000,,,230935
26608,,3000,,,,230975
26609,,,,1500,,231004
26610,,,,1500,,231006
26612,,3000,,,,231009
26613,,2000,,,,231005
26614,,3000,,,,230995
26615,,1500,1500,,,231015
26616,,,,1500,,231017
26624,,,3600000,,,231046
26625,,,60000,,,231053
26626,,,14400000,1500,,231054
26636,,,30000,,,231094
26637,,,,1500,,210053
26641,,2000,,,,231086
26642,,5000,,,,230482
26643,,5000,,,,230438
26657,,120000,,,,231261
26664,,,,1500,,231291
26665,,2000,,,,231303
26668,,,,1500,,231319
26669,,2000,,,,231331
26670,,,,1500,,231338
26671,,,,1500,,231341
26672,,,,1500,,231349
26673,,1500,,,,231309
26675,,2000,,,,231382
26676,,2000,,,,231381
26677,,1500,,,,231392
26680,,5000,,,,231454
26681,,3000,,,,231329
26682,,3000,,,,231295
26683,,3000,,,,231351
26684,,3000,,,,231459
26685,,1800000,,1500,,231504
26686,,,,1500,,231505
26688,,5000,3000,,,231522
26689,,2000,,,,228824
26690,,2000,,,,231535
26691,,,3000,,,231541
26692,,3000,,,,231542
26693,,2000,,,,231547
26694,,,10000,,,209944
26695,,3000,,,,231558
26696,,,3000,,,231559
26698,,,3000,,,231575
26702,,,10000,,,231608
26705,,,10000,1500,,231628
26706,,,,1500,,207029
26708,,,1000,,,231641
26709,,,20000,1500,,205800
26710,,,20000,1500,,207028
26711,,,20000,1500,,207017
26712,,,20000,1000,,207025
26713,,,20000,1500,,207018
26716,,,600000,,,231728
26717,,,,1000,,231738
26720,,2000,,,,231769
26721,,,10000,,,231776
26722,,2000,,,,231778
26727,,,10000,,,231839
26728,,2000,,,,231848
26732,,,600000,,,231375
26739,,120000,,,,231895
26740,,,180000,,,231779
26742,,,6000,,,231908
26743,,2000,,,,231910
26744,,,,1500,,231562
26745,,,,1500,,231651
26746,,,1500,,,232013
26747,,,,1000,,231989
26749,,,,1500,,231649
26753,,,180000,,,232043
26754,,,1500,,,214202
26755,,5000,,,,232072
26758,,,3000,,,232158
26759,,,,1000,,232177
26760,,4000,,,,232183
26761,,,10000,,,232210
26762,,,,1000,,232257
26763,,,3960000,,,232247
26764,,15000,,,,232260
26765,,,,1500,,232265
26766,,3000,,,,232272
26767,,,1000,,,210739
26768,,6000,,,,232306
26769,,6000,,,,232308
26770,,10000,60000,,,231952
26777,,,1800000,,,191846
26781,,10000,,,,232454
26791,,8000,30000,1500,,202797
26792,,8000,24000,1500,,202900
26793,,,3960000,,,232592
26794,,,3960000,,,232596
26795,,,3960000,,,232597
26796,,,3960000,,,232598
26797,,,3960000,,,232599
26798,,,,1500,,232613
26799,,,3000,,,232626
26800,,,120000,1500,,232633
26803,,3000,,,,232653
26804,,,60000,1500,,232657
26805,,60000,,,,227908
26806,,,,1500,,232670
26807,,,1500,,,232684
26809,,,,1500,,232727
26810,,,1500,,,232728
26811,,,3000,,,230863
26813,,,3000,,,230864
26814,,,3000,,,230865
26815,,,3000,,,232779
26819,,,,1500,,232698
26820,,15000,,,,232857
26821,,,10000,,,232859
26822,,,,1500,,232867
26824,,,500,,,232858
26825,,,,1500,,232892
26826,,,12000,500,,232893
26827,,,5000,,,211466
26828,,,1500,,,232910
26830,,6000,,,,232975
26831,,,,1500,,232977
26832,,,6000,1500,,232978
26833,,,20000,1500,,232979
26834,,,,1000,,232986
26835,,,,1000,,232987
26840,,,15000,,,232998
26841,,2000,,,,233018
26842,,,10000,,,233027
26848,,3000,,,,230403
26849,,5000,,,,230504
26850,,,300000,,,233069
26851,,2000,,,,232192
26852,,2000,,,,232061
26853,,5000,,,,232174
26854,,,,1000,,233105
26855,,,,1000,,233106
26856,,8000,,,,232675
26859,,1000,,,,233126
26861,,,,1000,,233147
26862,,,1500,,,233163
26866,,6000,,,,233220
26868,,,,1500,,233226
26869,,1000,,,,233232
26870,,,10000,,,233234
26871,,,6000,,,233247
26872,,1500,,,,233277
26873,,12000,,,,204114
26874,,6000,,,,233048
26875,,3000,,,,183797
26876,,3000,,,,233304
26877,,3000,,,,183345
26878,,3000,,,,233305
26879,,5000,,,,233306
26880,,,1000,1000,,233325
26881,,30000,,1000,,233329
26882,,,1500,,,194679
26883,,,,1500,,233331
26885,,,,1500,,233333
26886,,,,1500,,233335
26888,,300000,,,,216426
26889,,3000,,,,233402
26890,,3000,,,,233407
26891,,,45000,1500,,233408
26893,,,,1500,,233411
26899,,1500,,,,233521
26900,,2000,,,,233563
26901,,15000,,,,233586
26908,,,,1500,,233647
26909,,,,1500,,233649
26910,,,,1500,,233650
26911,,,,1500,,233667
26912,,,1500,,,233668
26913,,,500,,,233696
26920,,,,1500,,233729
26921,,,5000,,,233734
26925,,,4000,,,233786
26926,,30000,,,,233799
26928,,,,1500,,233805
26929,,15000,,,,233811
26930,,,30000,,,219708
26931,,,30000,,,219871
26932,,,,3000,,233827
26933,,3000,,,,227493
26934,,3000,,,,228852
26935,,5000,,,,225927
26936,,,,1500,,233867
26937,,1000,1000,,,233881
26938,,5000,,,,233895
26939,,,5000,,,233902
26940,,1000,1000,,,233952
26942,,2000,,,,233983
26943,,,45000,1000,,233759
26944,,1500,,,,234003
26946,,,,2000,,234015
26947,,,500,,,234024
26952,,,,1000,,234051
26953,,,,1000,,234053
26954,,,,1000,,234054
26955,,2000,,,,234129
26956,,,10000,,,234134
26957,,,15000,,,234142
26958,,,10000,,,234144
26959,,,,1500,,234153
26961,,,5000,,,234192
26962,,,10000,,,234203
26964,,,5000,,,234212
26965,,,500,,,234224
26969,,,1500,,,234254
26972,,,10000,,,234266
26974,,5000,,,,232202
26975,,5000,,,,231363
26977,,,20000,,,222294
26978,,5000,,,,230384
26979,,5000,,,,232722
26980,,5000,,,,230358
26981,,5000,,,,232756
26982,,5000,,,,232757
26983,,5000,,,,232746
26984,,2000,,,,234378
26985,,2000,,,,234385
26987,,,,1500,,234449
26988,,,,1500,,234458
26989,,,1000,,,234463
26990,,,,2000,,233441
26991,,3000,,,,234083
26992,,,,1500,,234502
26993,,,,1500,,234503
26994,,,,1500,,234504
26995,,,,1500,,234505
26996,,,,1500,,234506
26997,,,,1500,,234507
26998,,,,1500,,234509
26999,,,,1500,,234510
27000,,,,1500,,234511
27001,,,,1500,,234512
27002,,,,1500,,234513
27003,,,,1500,,234514
27004,,,,1500,,234515
27005,,,1000,,,234523
27006,,5000,,,,234547
27007,,,1000,,,234549
27008,,,,2000,,233431
27009,,,,2000,,233426
27010,,,,1500,,234555
27011,,,,1500,,234556
27012,,,60000,,,234564
27015,,,5000,,,232034
27016,,,5000,,,231717
27017,,,5000,,,233424
27018,,,,1500,,234581
27019,,,,1500,,234582
27020,,,,1500,,234583
27021,,,,1500,,234584
27023,,,300000,,,234220
27025,,3000,,1500,,234631
27030,,,1000,,,234649
27033,,5000,,,,234661
27034,,2000,,,,234666
27035,,3000,,,,234628
27036,,1000,,,,234669
27037,,3000,,,,234672
27039,,,30000,,,234679
27043,,,3000,,,234722
27046,,,5000,,,234211
27052,,,10000,,,234778
27063,,,5000,,,234825
27064,,4000,,,,233155
27069,,,30000,1500,,234877
27070,,,8000,1500,,234893
27072,,,5000,,,234966
27073,,,,1500,,235004
27074,,2000,,,,235024
27075,,,6000,,,235033
27076,,,,1000,,235041
27077,,,6000,,,235043
27078,,,1500,,,235063
27082,,,6000,1500,,235090
27083,,10000,,,,235097
27084,,,6000,1500,,235101
27085,,,1500,,,235102
27086,,,,1500,,235107
27087,,,,1500,,235123
27088,,,3000,,,235150
27089,,,3000,,,235151
27090,,,3000,,,235152
27091,,,3000,,,235153
27092,,,3000,,,235168
27093,,,5000,,,235185
27095,,,1000,,,232559
27096,,,75000,,,235169
27097,,60000,,,,235209
27098,,,300000,,,235219
27099,,,,2000,,235230
27101,,1500,,,,235242
27113,,4000,,1500,,235311
27114,,,,750,,235313
27115,,,1000,,,235420
27117,,4000,,,,234408
27118,,,,750,,235450
27121,,,10000,,,235458
27122,,15000,,,,234795
27123,,15000,,,,234792
27124,,3000,,,,235475
27127,,,1500,2000,,235617
27129,,7000,,1500,,235661
27130,,40000,,1500,,235692
27131,,,20000,,,235693
27132,,,1500,,,235710
27133,,4000,,,,235726
27134,,,1000,,,235745
27135,,,,2000,,235751
27149,,120000,,,,235834
27150,,10000,,,,235843
27151,,1500,,,,235844
27152,,,,1500,,235847
27154,,,,1500,,235856
27155,,,45000,,,235870
27157,,,10000,1500,,235903
27159,,,90000,1500,,235905
27160,,1000,,,,235906
27161,,,2000,,,235910
27162,,,1000,,,235868
27163,,,,1500,,235913
27164,,,,1000,,235914
27165,,,15000,,,235915
27166,,2000,,,,235916
27167,,2000,,,,235919
27168,,,,1000,,235922
27169,,,15000,1500,,235963
27170,,,,1500,,235964
27172,,,75000,,,235966
27173,,12000,,,,235955
27174,,5000,,,,235944
27175,,,,1500,,236003
27176,,,75000,,,235991
27177,,,8000,1500,,236024
27178,,,10000,1000,,236026
27179,,45000,,1500,,236077
27181,,,1000,1000,,236076
27182,,,6000,,,236156
27183,,,1000,1000,,236165
27184,,,1000,1000,,236175
27186,,,4000,1500,,236186
27187,,,90000,,,236189
27189,,,1000,,,236201
27190,,,1000,,,236202
27191,,,1000,,,236203
27193,,,1000,,,236205
27194,,,1000,,,236206
27195,,,1000,,,236207
27196,,,1000,,,236208
27197,,,60000,1500,,236231
27198,,45000,,1500,,236236
27200,,,60000,1500,,236273
27201,,,,1500,,236285
27202,,,1500,,,236301
27203,,1000,90000,,,236320
27204,,60000,,,,236326
27205,,40000,,1500,,236347
27206,,,90000,1500,,236353
27207,,,180000,,,236385
27208,,,90000,1500,,236386
27213,,1000,90000,,,236435
27214,,1000,90000,,,236437
27220,,3000,,1500,,236537
27221,,2000,,,,236542
27222,,2000,,,,236544
27223,,,20000,1500,,236599
27224,,,30000,1500,,236601
27225,,3000,,,,236626
27226,,,,2000,,236524
27228,,3000,,,,236642
27230,,3000,,,,236663
27231,,6000,,,,234195
27233,,,3000,1500,,236716
27234,,6000,,,,236740
27236,,,30000,1500,,236748
27239,,5000,,,,236671
27240,,5000,,,,236762
27241,,,40000,1500,,236776
27242,,,45000,1500,,236800
27243,,4000,,,,236816
27272,,3000,,1500,,236973
27276,,,,1500,,236982
27277,,10000,,,,236984
27279,,4000,,,,236992
27280,,4000,,,,236993
27312,,,20000,,,236780
27317,,,,1500,,237250
27318,,,,1500,,237251
27319,,,,1500,,237252
27320,,,5000,,,237271
27321,,,5000,,,237279
27322,,,5000,,,237283
27331,,,8000,1500,,237326
27332,,1000,,,,237332
27333,,2000,,,,237346
27334,16,,,,,206875
27335,,5000,,,,233566
27336,,5000,,,,233484
27338,,5000,,,,233996
27340,,5000,,,,237573
27341,,1000,,,,237578
27342,,2000,,,,237585
27343,,6000,,,,237596
27349,,,,3000,,236518
27354,,1000,,,,207006
27359,,,30000,,,237609
27360,,,,2000,,217830
27364,,,,1000,,237711
27365,,7000,,,,237726
27366,,,,1500,,237738
27372,,,45000,,,237853
27373,,,60000,,,237875
27374,,1000,,,,237876
27375,,,3000,,,237899
27376,,,10000,,,237915
27378,,,,1500,,237943
27379,,,,1000,,237997
27380,,,60000,,,237999
27381,,1000,10000,,,238012
27389,,,5000,,,238253
27390,,1000,,,,236387
27391,,5000,,,,237849
27394,,1000,,,,236390
27395,,1000,,,,238448
27396,,,1000,,,238498
27398,,,80000,,,238534
27399,,,10000,1000,,238538
27400,,1500,,,,238550
27401,,1500,,,,238551
27402,,1500,,,,238552
27403,,1500,,,,238553
27404,,,5000,,,238554
27408,,4000,,,,238586
27409,,3000,,,,238591
27410,,3000,,,,238592
27411,,6000,,,,238648
27413,,4000,,,,238653
27414,,3000,,,,238657
27415,,3000,,,,238660
27416,,3000,,,,238664
27417,,3000,,,,238671
27418,,3000,,,,238676
27419,,7000,,1500,,238681
27420,,,15000,,,238994
27421,,,30000,,,239004
27422,,,5000,,,239009
27423,,5000,,,,238675
27424,,6000,,,,239031
27425,,4000,,,,239033
27426,,4000,,,,192598
27432,,5000,,,,237952
27433,,4000,,,,236815
27434,,4000,,,,236761
27438,,60000,,1000,,239211
27440,,,10000,,,239230
27444,,,120000,,,215186
27445,,,,1500,,239335
27446,,,,2000,,239358
27449,,2000,,,,239425
27450,,2000,,,,239426
27451,,2000,,,,239427
27453,,,6000,,,239486
27454,,4000,,,,239522
27457,,7000,,,,239527
27459,,,2500,,,239544
27463,,10000,,,,239575
27469,,,14000,,,239689
27471,,5000,,,,239772
27472,,5000,,,,239775
27473,,,60000,,,239786
27477,,,20000,,,239818
27478,,2000,,,,239811
27479,,2000,,,,239782
27481,,,,1500,,239846
27482,,2500,,,,239855
27487,,,3500,,,239897
27489,,,,20000,,200902
27490,,3000,,,,191976
27491,,5000,,1500,,240007
27492,,,20000,,,240009
27493,,,10,1500,,234014
27494,,2000,,,,240018
27495,,,30000,1500,,240029
27496,,,,1500,,240038
27497,,,,1500,,240064
27498,,,25000,1500,,240074
27499,,,15000,1500,,240081
27503,,,240000,1500,,240133
27504,,,15000,1500,,240134
27506,,6000,,,,236573
27507,,13000,,,,239207
27508,,6000,,,,234057
27509,,,,1500,,240159
27510,,,10000,1500,,240160
27511,,,,1500,,235092
27512,,,,1500,,240163
27513,,,,1500,,240164
27514,,,12000,1500,,240166
27515,,,,1500,,240167
27516,,,25000,,,240093
27517,,8000,,15000,,239132
27518,,,1500,,,240124
27519,,,30000,1500,,240184
27520,,120000,,,,240186
27521,,120000,,,,240177
27522,,,90000,1500,,240190
27523,,,6000,1500,,240193
27524,,,8000,1500,,240196
27525,,,30000,1500,,240197
27526,,15000,,,,240198
27527,,,90000,1500,,240204
27531,,,14000,,,240259
27532,,,,1500,,240263
27533,,,,1500,,240266
27534,,3000,,,,236737
27535,,6000,,,,240284
27542,,,,1500,,240385
27544,,,,1000,,240473
27550,,,8000,1500,,240566
27551,,,24000,,,240569
27552,,,,1500,,240570
27554,,,35000,1500,,240572
27560,,4000,,,,237957
27563,,,,1500,,240711
27565,,,5000,1500,,240776
27566,,15000,,,,240768
27568,,,,1500,,240794
27569,,,,1500,,240800
27570,,,,1500,,240801
27571,,,,1500,,240802
27572,,,,1500,,240803
27573,,,,1500,,240804
27574,,,,1500,,240806
27575,,,,2000,,237132
27576,,1500,,,,240855
27577,,1500,,,,240857
27578,,1500,,,,240858
27579,,,15000,,,240793
27580,,3000,,,,240880
27581,,3000,,,,240868
27582,,5000,,,,240928
27583,,6000,,,,239455
27584,,2000,,,,240945
27588,,,,2000,,240948
27589,,,,1500,,240950
27593,,,,1500,,240988
27594,,,,1500,,240991
27595,,,,1500,,240992
27596,,,,1500,,240993
27597,,,,1500,,240994
27598,,,,1500,,240995
27599,,,,1500,,240996
27600,,,,1500,,240997
27601,,,,1500,,240998
27602,,,,1500,,240999
27603,,,5000,,,241007
27604,,,,1500,,241057
27605,,,,1500,,241072
27607,,15000,20000,,,233648
27608,,15000,30000,,,233645
27621,,20000,20000,1500,,241178
27622,,20000,,,,233601
27624,,,,1500,,241193
27625,,2000,,,,241237
27626,,3000,,,,241287
27628,,9000,,,,238619
27629,,9000,,,,238618
27630,,5000,,1000,,240828
27631,,,1500,,,241391
27632,,3000,,,,241360
27633,,3000,,,,241346
27634,,3000,,,,241343
27636,,3000,,,,241422
27637,,3000,,,,241480
27641,,,10000,,,241519
27642,,20000,,,,240729
27643,,5000,,,,239177
27644,,,500,,,241575
27645,,3000,,,,241598
27646,,10000,15000,,,241639
27647,,,,1000,,241655
27648,,,20000,,,240763
27649,,,20000,,,240790
27650,,,20000,,,240784
27651,,6000,,,,241664
27652,,6000,,,,241691
27653,,,,1500,,241716
27654,,3000,,1500,,241717
27655,,1500,,1500,,241731
27659,,3000,,,,241755
27660,,3000,,,,241758
27661,,3000,,,,241772
27662,,3000,,,,241778
27663,,6000,,,,241737
27664,,3000,,,,241771
27666,,,,30000,,241798
27667,,6000,,,,241799
27668,,5000,,,,241792
27669,,3000,,,,241828
27670,,,2000,,,241825
27671,,,3000,,,241826
27672,,1000,,,,241841
27673,,1000,,,,241842
27674,,1000,,,,241843
27675,,,2500,,,241845
27676,,3000,,,,241863
27677,,,,1000,,241868
27678,,,,1000,,241870
27679,,,,1000,,241886
27680,,4000,,,,241888
27681,,,,1500,,241892
27682,,5000,,,,241917
27683,,5000,,,,241921
27684,,15000,,,,241925
27685,,5000,,,,241954
27686,,5000,,,,241970
27687,,,4000,,,241974
27688,,,3000,,,241978
27689,,,4000,,,241973
27690,,,1500,,,241997
27691,,5000,,,,239558
27692,,,500,,,242005
27695,,4000,,,,242021
27696,,5000,,,,237391
27698,,,,1500,,242047
27700,,1500,,,,242078
27701,,,,1000,,242086
27702,,,,1000,,242087
27703,,5000,,,,242093
27704,,3000,,,,242043
27705,,1500,,,,242113
27706,,1000,,,,242114
27711,,,1000,,,242146
27712,,,1000,,,242147
27713,,,1000,,,242148
27714,,,1000,,,242149
27716,,,8000,,,242151
27719,,,5000,,,216698
27731,,1500,,,,242317
27732,,1500,,,,242318
27733,,1500,,,,242319
27734,,1500,,,,242320
27735,,1500,,,,242321
27736,,1500,,,,242322
27737,,,60000,1500,,242365
27740,,20000,90000,,,242458
27741,,1000,,,,242397
27742,,1000,,,,242469
27743,,1000,,,,242471
27744,,2000,,,,242475
27745,,1000,,,,242481
27746,,,,1000,,242485
27747,,,,1500,,242486
27752,,10000,60000,,,242497
27753,,,3600000,,,242529
27754,,4000,,,,242534
27755,,10000,90000,,,242536
27756,,,600000,,,242538
27758,,,6000,1500,,242548
27759,,120000,,,,242550
27760,,20000,90000,,,242553
27761,,,180000,,,242559
27764,,,4000,1500,,242194
27765,,20000,120000,,,242570
27769,,1000,,,,242598
27771,,10000,150000,,,242609
27772,,10000,60000,1500,,242619
27773,,,1500,,,242622
27775,,1000,,,,242627
27776,,10000,20000,,,242629
27777,,6000,,,,242639
27778,,,,1500,,242668
27780,,,,1500,,242677
27782,,,,1000,,242686
27783,,2000,,,,242687
27785,,1000,,,,232673
27786,,2000,,,,242694
27787,,2000,,,,242698
27788,,,24000,,,242701
27789,,,6000,1500,,242702
27790,,5000,,,,242724
27791,,,3600000,,,242727
27792,,5000,3000,,,242734
27794,,,,1500,,242740
27795,,,6000,,,242742
27796,,5000,,,,242760
27797,,10000,,,,232661
27798,,,180000,,,242787
27799,,2000,,,,242812
27800,,5000,,,,242386
27801,,5000,,,,242394
27812,,3000,,,,242913
27813,,,,1500,,242916
27815,,,,1000,,242926
27816,,2000,,,,242927
27817,,,,1500,,242929
27818,,,,1000,,242930
27819,,,,1000,,242931
27820,,,,1500,,242939
27821,,3000,,,,242940
27822,,,45000,,,242943
27823,,,,1500,,242954
27824,,3000,,,,242955
27825,,,,1500,,242957
27827,,20000,,,,243043
27828,,,,1500,,243070
27829,,5000,,,,243124
27830,,1500,,,,243126
27831,,1500,,,,243127
27832,,1500,,,,243128
27833,,1500,,,,243131
27834,,1500,,,,243132
27835,,1500,,,,243133
27836,,1500,,,,243134
27837,,1500,,,,243135
27838,,,,1500,,243136
27840,,5000,,,,237276
27841,,5000,,,,243153
27843,,,10000,,,243198
27844,,,120000,1500,,243208
27845,,,1500,,,243240
27847,,5000,,,,243296
27848,,4000,,,,243298
27849,,,5000,,,243303
27850,,,10000,,,243305
27851,,6000,,,,237772
27852,,,1000,,,243325
27853,,,,1500,,240745
27863,,,,1500,,243383
27865,,15000,,,,243392
27866,,,3000,,,242733
27867,,,1000,,,241567
27868,,,420000,,,243435
27869,,,2000,,,243443
27870,,4000,,,,243454
27871,,,,1500,,243471
27873,,,,7000,,239825
27875,,,,15000,,235572
27878,,,,1500,,243499
27879,,,2000,,,243501
27880,,,6000,,,229928
27881,,,12000,,,243503
27882,,,15000,,,243505
27883,,,30000,,,243508
27885,,,2000,,,243518
27891,,,3000,,,237898
27892,,1500,,,,243647
27893,,3000,,,,234107
27894,,,5000,1500,,243690
27897,,5000,,,,243713
27898,,5000,,,,243715
27899,,5000,,,,243712
27900,,5000,,,,243737
27901,,12000,,,,231443
27907,,15000,60000,,,243877
27908,,,2000,,,179430
27909,,20000,60000,,,243941
27911,,3000,,,,243835
27912,,3000,,,,243784
27921,,3000,,,,243999
27922,,3000,,,,244042
27923,,3000,,,,244093
27930,,,5000,,,244142
27931,,,5000,,,244161
27932,,,600000,,,243338
27933,,,3600000,,,244174
27934,,,3600000,,,243327
27935,,1500,,,,244199
27951,,,,1500,,244345
27952,,,1500,,,244418
27953,,,,1500,,244440
27954,,,10000,,,244343
27955,,,,1500,,244466
27956,,,4000,,,244510
27959,,5000,,,,242015
27966,,,12000,,,244617
27967,,,10000,1500,,244632
27968,,,20000,,,244642
27969,,,210000,,,244645
27971,,,6000,,,244708
27972,,,6000,,,244726
27973,,,1000,,,244738
27974,,,10000,1500,,244785
27976,,,5000,,,244749
27980,,,20000,,,234423
27984,,3000,,,,244953
27986,,,18000,,,244959
27987,,5000,,,,244922
27988,,5000,,,,244967
27989,,,,1500,,244979
27991,,,1000,,,244990
27992,,5000,,,,244974
27993,,5000,,,,244992
27994,,10000,,1500,,244994
27995,,5000,,,,245000
27996,,3000,,,,245001
27997,,,,1500,,245002
27999,,3000,,,,244106
28001,,,6000,,,245072
28004,,,,1500,,245089
28005,,,,1500,,245090
28006,,3000,,,,245067
28007,,,500,,,245143
28008,,,1000,,,245144
28009,,,500,,,245145
28010,,,1000,,,245146
28011,,,9999000,,,245105
28017,,5000,,,,245095
28018,,5000,,,,245108
28019,,10000,,,,245276
28020,,5000,,,,245272
28021,,,,1500,,245291
28022,,,1000,,,245079
28024,,,,1500,,245316
28025,,,,1500,,245317
28026,,,1500,,,245335
28027,,,100,,,100776
28028,,8000,,,,245383
28029,,6000,,,,245385
28030,,5000,,,,245386
28031,,,25000,1000,,245388
28035,,2000,,,,245289
28036,,1000,,,,245390
28037,,,,1500,,245438
28038,,,,1500,,245452
28039,,,12000,1500,,245453
28047,,3000,,,,245520
28048,,10000,,1500,,245525
28049,,,3000,,,245549
28051,,,6000,,,243175
28052,,,6000,,,243180
28054,,,1000,,,244822
28055,,,,1500,,245588
28059,,,1500,2000,,245647
28063,,,1000,,,245710
28064,,,10000,,,245719
28066,,2000,,,,245722
28070,,2000,,,,245736
28072,,,30000,,,245757
28075,,1500,10000,,,245781
28076,,800,,,,189111
28077,,7000,,,,244689
28078,,7000,,,,243983
28079,,7000,,,,244000
28080,,6000,,,,245857
28082,,6000,,,,245866
28083,,6000,,,,245875
28084,,10000,,,,245877
28085,,,2000,2500,,245879
28086,,6000,,,,245852
28087,,3000,,,,245883
28088,,25000,,,,245904
28093,,6000,,,,245829
28094,,2000,,,,245795
28096,,20000,90000,,,246025
28098,,,1000,,,246061
28099,,,1000,,,246064
28100,,,1000,,,246067
28101,,,1000,,,246068
28102,,,1000,,,246071
28103,,,1000,,,246080
28104,,,,1500,,246097
28105,,,1000,,,246099
28106,,,1000,,,246100
28107,,,1000,,,246104
28108,,,,1500,,246105
28109,,,1000,,,246106
28110,,,1000,,,246108
28111,,,1000,,,246111
28112,,,2000,,,246096
28113,,,1000,,,246119
28114,,,1000,,,246140
28115,,3000,,,,246146
28116,,3000,,,,246147
28121,,,5000,,,246203
28124,,,1000,,,246212
28126,,10000,,,,246171
28127,,5000,,,,246209
28130,,,,1500,,246269
28131,,,5000,,,246282
28133,,8000,,,,246290
28134,,8000,,,,246292
28135,,10000,,,,246293
28136,,1000,,,,246294
28138,,10000,,,,246308
28140,,2000,,,,246329
28141,,8000,,,,245350
28143,,10000,,,,246343
28145,,,,1500,,246362
28152,,,1800000,,,246387
28171,,,3600000,,,246351
28174,,,,3000,,244846
28175,,,,1000,,246445
28176,,4000,,,,246444
28177,,10000,45000,,,246461
28183,,,,3000,,246340
28184,,2000,,,,246317
28200,,,12000,,,244902
28201,,,8000,,,245174
28202,,,8000,,,245027
28203,,,180000,,,246558
28225,,,5000,,,246658
28226,,,,1000,,246711
28227,,,3500,,,246719
28228,,,3000,,,144895
28229,,1500,,,,246755
28230,,1500,,,,246756
28231,,1500,,,,246757
28232,,1500,,,,246758
28233,,1500,,,,246759
28234,,1500,,,,246760
28235,,1500,,,,246761
28236,,1500,,,,246762
28238,,,1000,,,246829
28240,,3000,,,,246903
28241,,5000,,,,246593
28242,,3000,,,,246907
28243,,,,1000,,246923
28248,,,1000,,,247020
28249,,,1000,,,247021
28250,,,1000,,,247022
28251,,,1000,,,247023
28252,,,1000,,,247024
28253,,,1000,,,247025
28255,,,1500,,,247048
28256,,,6000,,,247049
28257,,,30000,,,247059
28261,,,,1500,,247067
28263,,,,1500,,247083
28264,,,,1500,,247084
28265,,6000,,,,247106
28266,,,10000,,,245501
28268,,,,1500,,247123
28270,,,4000,,,247130
28271,,,6000,,,247149
28272,,3000,,,,247181
28273,,5000,,,,247183
28275,,,,1500,,247208
28277,,1000,,,,247219
28278,,1000,,,,247220
28279,,1000,,,,247221
28280,,1000,,,,247222
28281,,1000,,,,247223
28282,,1000,,,,247224
28283,,1000,,,,247225
28284,,,,1000,,247249
28285,,,,1000,,247251
28287,,4000,,,,247261
28291,,,,6000,,233269
28292,,6000,,1500,,247396
28294,,,,1500,,247212
28295,,,,1500,,247227
28296,,,,1500,,247129
28297,,,,1500,,247191
28299,,,86400000,,,192225
28300,,,3600000,,,246413
28301,,,3600000,,,246407
28302,,,7200000,,,222367
28303,,,,1500,,247452
28304,,25000,,1500,,247454
28305,,,,1500,,247474
28306,,,9000,,,66326
28309,,,1000,,,243757
28310,,,1000,,,243770
28311,,,1000,,,243765
28312,,3000,,,,247547
28313,,,,1000,,247568
28314,,,10000,,,247584
28315,,,40000,1500,,247587
28316,,,,1500,,247609
28317,,,6000,,,244672
28321,,,120000,,,247427
28323,,3000,,,,247680
28325,,2000,,,,247368
28326,,2000,,,,247378
28327,,1000,,,,247701
28328,,,,1500,,247778
28331,,,,1500,,247933
28332,,,,1500,,247936
28333,,,120000,,,247938
28334,,6000,,,,247956
28337,,,1000,,,248105
28338,,,30000,,,248136
28340,,,15000,,,248150
28342,,,1500,,,248248
28344,,,10000,,,248273
28346,,,1500,,,248292
28348,,,,1500,,248299
28350,,,,1500,,8063
28353,,1500,,,,248384
28354,,1500,,,,248385
28355,,1500,,,,248386
28356,,1500,,,,248387
28358,,,,1500,,231215
28359,,,6000,,,248456
28360,,15000,,,,248486
28361,,,,1500,,248488
28362,,3000,,,,248494
28363,,,,1500,,248516
28364,,,15000,,,248510
28367,,,10000,,,248549
28371,,5000,,,,248583
28372,,5000,,,,248601
28374,,3000,,,,248642
28375,,,1000,1500,,247483
28376,,4000,,,,248660
28378,,,1500,,,248734
28379,,,2000,,,248728
28384,,6000,,,,248769
28385,,6000,,,,248772
28386,,,30000,,,248774
28388,,,,1500,,248780
28389,,,6000,1500,,248782
28390,,,15000,1500,,248783
28391,,,,1500,,248784
28392,,,,1500,,248785
28393,,,9000,1500,,248802
28395,,,,1500,,248820
28397,,1500,,,,246253
28407,,,,1500,,248851
28409,,,60000,,,248888
28412,,,,1500,,248919
28413,,,,1500,,248920
28415,16,10000,,,,239207
28417,,,10000,,,249012
28418,,,250,,,249045
28419,,1500,,,,249084
28420,,1500,,,,249085
28421,,1500,,,,249086
28422,,1500,,,,249087
28423,,1500,,,,249088
28424,,1500,,,,249090
28425,,1500,,,,249091
28426,,,10000,,,245398
28432,,,,1500,,249166
28443,,,,1500,,249251
28446,,1500,,,,249261
28461,,3000,,,,249418
28464,,3000,,,,249436
28466,,4000,,,,249464
28467,,,,1500,,249469
28490,,,6000,,,249491
28491,,,3000,,,249489
28492,,,3000,,,249490
28493,,,5000,,,249592
28494,,,5000,,,249594
28518,,4000,,,,249677
28520,,6000,,,,249682
28522,,,,1500,,249691
28524,,3000,,,,249700
28536,,1500,,,,249274
28546,,1500,,,,249278
28550,,1500,,,,249822
28557,,,,1500,,249870
28558,,4000,,,,249879
28559,,,60000,,,249931
28560,,4000,,,,249932
28562,,,12000,1500,,249982
28563,,,,1000,,249991
28564,,,45000,1500,,249998
28567,,3000,,,,249196
28568,,3000,,,,249194
28569,,3000,,,,249126
28571,,,,1500,,250037
28574,,,15000,,,17506
28576,,2000,,,,249919
28577,,2000,,,,250050
28578,,2000,,,,250096
28579,,,2000,,,246723
28580,,,,1500,,250121
28581,,,5000,,,250176
28582,,,,1500,,250184
28583,,,35000,1500,,250205
28584,,5000,,,,250213
28588,,4000,,,,246134
28590,,,3000,,,250251
28593,,1500,,,,250276
28601,,1000,,,,250351
28605,,4000,,,,233062
28612,,,,1500,,250395
28613,,3000,,,,250398
28615,,,8000,1500,,250424
28616,,1500,,,,250426
28617,,,1500,,,250433
28618,,,10000,,,250434
28619,,,10000,,,250437
28621,,,25000,1500,,250441
28622,,,600000,,,250436
28623,,8000,,,,250501
28624,,,60000,,,248467
28625,,,30000,,,250531
28627,,,1000,,,250613
28628,,1500,,,,250660
28629,15,,,,,233062
28630,,8000,,,,250685
28631,17,,,,,232753
28632,15,,,,,232753
28633,14,9000,,,,232753
28634,,,,,,232753
28635,15,,,,,230201
28636,14,6000,,,,230201
28637,,,,,,230201
28638,17,7000,,,,230201
28639,,5000,,,,250701
28640,,5000,,,,250703
28641,,3000,,,,250706
28642,,,,1000,,250715
28643,,4000,,,,250366
28644,,4000,,,,250712
28645,,4000,,,,250714
28646,,1500,,,,250730
28649,,1500,,,,250746
28650,,,,3000,,250752
28651,,,1500,,,250773
28659,15,,,,,231395
28660,14,4000,,,,231395
28661,,,,,,231395
28665,,,900000,1000,,250796
28666,,,5000,,,250825
28667,,,60000,,,250870
28668,,10000,180000,,,250768
28669,,10000,90000,,,250765
28670,,60000,,,,250871
28671,,60000,,,,250872
28672,,600000,,,,250873
28673,,5000,,,,250880
28674,,5000,,,,250863
28678,,3000,,,,250929
28679,,3000,,,,250925
28680,,,1000,,,250937
28682,,,10000,,,250904
28683,,,10000,,,250951
28684,,10000,90000,,,250966
28688,,3000,,,,250961
28689,,3000,,,,250963
28690,,3000,,,,251096
28691,,,,1500,,251142
28692,,3000,,,,251147
28693,,3000,,,,251078
28694,,1500,,,,251137
28695,,,,1500,,251152
28696,,3000,,,,251176
28697,,,,1500,,251191
28698,,,,1500,,251211
28700,,1000,,,,251231
28701,,6000,,,,251223
28702,,6000,,,,251225
28703,,1000,,,,251247
28705,,3000,,,,251276
28706,,3000,,,,251265
28707,,,1000,,,251294
28708,,,1200000,,,251291
28709,,,180000,1500,,248779
28710,,1000,,,,251305
28711,,300000,,,,248906
28712,,1000,,,,251306
28713,,1000,,,,251309
28714,,1000,,,,251310
28715,,1000,,,,251311
28716,,,1000,,,251312
28717,,1000,,,,251314
28718,,3000,,,,251302
28719,,10000,,,,251317
28720,,2000,,,,251329
28721,,2000,,,,251330
28722,,2000,,,,251340
28723,,3000,,,,251341
28724,,20000,120000,,,246422
28725,,,,1500,,251350
28726,,,5000,,,245314
28727,,,5000,,,251385
28728,,,,1500,,251404
28729,,,,1500,,251406
28730,,,15000,1500,,251419
28732,,,,1000,,251288
28733,,,,1500,,251422
28734,,,,1000,,251423
28735,,,,1500,,251463
28737,,6000,,,,251470
28738,,,10000,,,251485
28739,,,180000,,,251486
28740,,,180000,,,251491
28741,,,180000,,,251493
28742,,,,1500,,251502
28743,,,6000,,,251509
28744,,,30000,,,251523
28745,,,90000,,,251527
28746,,,,1500,,251528
28747,,,,1500,,251549
28748,,,5000,,,251566
28749,,,15000,,,251569
28751,,4000,,,,251591
28752,,7000,,1500,,251611
28753,,4000,,,,251626
28754,,4000,,,,251636
28758,,,60000,,,251645
28760,,6000,,,,251664
28761,,,1000,,,251671
28762,,1500,,,,251679
28764,,,6000,,,251699
28765,,7000,,,,237561
28766,,,,12000,,239378
28768,,1000,,,,251808
28769,,1000,,,,251822
28771,,,1500,,,251827
28772,,1000,,,,251832
28776,,,30000,,,251922
28777,,15000,60000,,,251940
28778,,10000,120000,1500,,251946
28779,,20000,120000,,,251952
28780,,,,1500,,251960
28783,,6000,,,,251969
28784,,,1000,,,251977
28786,,6000,,,,252005
28787,,30000,,,,252025
28788,,,5000,,,17625
28790,,4000,,,,252057
28792,,,8000,,,252066
28793,,,8000,,,251898
28794,,,8000,,,251906
28795,,,8000,,,251907
28796,,30000,,,,252074
28797,,,30000,,,252075
28799,,1500,,,,252080
28800,,,8000,,,252103
28801,,,1500,,,252108
28803,,1000,5000,,,252130
28804,,,2000,,,250845
28805,,1500,,,,252171
28806,,,3000,,,251575
28807,,,1500,,,244301
28808,,,1500,,,229238
28809,,45000,,1500,,252216
28810,,,1000,1000,,252231
28811,,3000,,,,252326
28813,,1000,,,,252438
28814,,,8000,,,252469
28815,,1000,,,,252476
28816,,,8000,,,252468
28817,,10000,,,,252571
28818,,,,1500,,252620
28819,,,,1500,,252631
28820,,60000,,,,252638
28821,,3000,,,,252695
28822,,,,1500,,252704
28823,,10000,,,,251956
28824,,3000,,,,252731
28825,,3000,,,,252736
28827,,3000,,,,252771
28828,,,1000,,,252862
28829,,,1000,,,252867
28830,,,1000,,,252874
28831,,3000,,,,252861
28833,,,1000,,,253046
28834,,,5000,,,253055
28835,,3000,,,,252698
28840,,20000,120000,,,253248
28841,,20000,60000,,,253258
28842,,20000,60000,,,253277
28844,,,10000,,,253283
28845,,20000,60000,,,253284
28846,,,1000,,,252847
28848,,,30000,,,253322
28849,,,500,,,253030
28850,,,,1500,,253330
28851,,,,1500,,253374
28852,,,,1500,,253377
28853,,,,1500,,253378
28854,,,,1500,,253379
28855,,,,1500,,253380
28856,,,,1500,,253421
28857,,,,1500,,253422
28858,,,,1500,,253423
28859,,,,1500,,253424
28860,,,,1500,,253425
28861,,3000,,,,253429
28862,,,3000,,,253494
28863,,,45000,,,253519
28864,,,,1500,,253524
28865,,3000,,,,253525
28866,,3000,,,,253512
28868,,4000,,,,253613
28869,,2000,,,,253624
28870,,1500,,,,253675
28871,,1500,,,,253678
28873,,1500,,,,253684
28874,,1500,,,,253685
28875,,,500,,,253498
28876,,7000,,,,253721
28877,,1500,,,,253747
28878,,1500,,,,253748
28879,,1000,,,,253786
28880,,,,1500,,253788
28881,,,,1500,,253790
28885,,,,1500,,253799
28886,,,,1500,,253805
28887,,,,1500,,253809
28888,,,,1500,,253813
28889,,,,1500,,253816
28890,,,,1500,,253818
28891,,1500,5000,,,253874
28892,,5000,,,,253855
28894,,,,1500,,253916
28895,,,,1500,,253918
28896,,,,1500,,253924
28897,,,,1500,,253925
28898,,,,1500,,253926
28899,,,,1500,,253927
28900,,,,1500,,253928
28901,,,,1500,,253929
28903,,6000,,,,253968
28904,,7000,,1500,,253978
28905,,2000,,,,253984
28906,,2000,,,,253987
28907,,4000,,,,254035
28909,,,,1500,,254066
28910,,1500,,,,254065
28911,,,1000,,,254090
28912,,8000,,,,254093
28913,,,5000,,,254109
28914,,,800,,,252751
28916,,2000,,,,254161
28918,,,,1500,,254196
28919,,,,1500,,254197
28920,,6000,,,,254215
28921,,,24000,,,254219
28922,,180000,,1500,,254224
28924,,180000,,1500,,254232
28925,,300000,,,,254240
28926,,30000,,,,254242
28927,,,,1500,,254255
28928,,6000,,,,254256
28929,,5000,,,,254266
28930,,5000,,,,254268
28931,,,,1500,,254271
28932,,,60000,,,254174
28933,,2000,,,,254285
28934,,,,1500,,254287
28935,,,,1500,,254295
28936,,,,1500,,254296
28937,,,,1500,,254297
28938,,,,1500,,254298
28939,,,1000,,,254303
28940,,,1000,,,254312
28941,,3000,,,,252064
28942,,3000,,,,252063
28943,,2000,,,,252065
28944,,1500,,,,254385
28945,,1500,,,,254386
28947,,,1000,,,254399
28948,,,1500,,,254400
28949,,,6000,,,254402
28950,,,1000,,,254406
28951,,,12000,,,254410
28952,,,,1500,,254411
28953,,,35000,1500,,254412
28954,,,180000,1000,,254413
28955,,,,1500,,254414
28956,,,30000,1000,,254415
28957,,30000,,1000,,254416
28958,,,6000,1500,,254417
28959,,,,1500,,254418
28960,,,6000,1500,,254419
28961,,,8000,1500,,254420
28962,,,,1500,,254421
28963,,,30000,1000,,254422
28964,,,,1500,,254423
28965,,,8000,1500,,254424
28968,,3000,,,,254432
28969,,3000,,,,254243
28970,,3000,,,,254394
28971,,3000,,,,254356
28972,,,,1500,,254471
28973,,,,1500,,254472
28974,,,,1500,,254473
28975,,,,1500,,254474
28976,,1500,,,,254483
28977,,6000,,,,253523
28978,,6000,,,,253531
28979,,2000,,,,244693
28980,,2000,,,,254451
28981,,5000,,,,254503
28982,,,1800000,1500,,254533
28983,,,1000,,,254534
28984,,,14000,,,254541
28985,,2000,,,,254582
28986,,2000,,,,254583
29001,,3000,,,,254700
29003,,6000,,,,254738
29004,,6000,,,,254725
29005,,,,1500,,254749
29006,,,,1500,,254752
29007,,,,1500,,254756
29008,,,5000,,,254757
29010,,,,1500,,254763
29011,,,5000,,,254550
29014,,,180000,,,254808
29015,,,180000,,,254809
29016,,,180000,,,254810
29017,,,600000,,,254667
29019,,1500,,,,254825
29020,,1500,,,,254826
29021,,1500,,,,254827
29022,,1500,,,,254828
29023,,1500,,,,254833
29024,,1500,,,,254834
29025,,1500,,,,254835
29026,,1500,,,,254837
29027,,1500,,,,254839
29028,,1500,,,,254840
29029,,1500,,,,254841
29030,,1500,,,,254842
29032,,1500,,,,254844
29033,,1500,,,,254845
29034,,1500,,,,254846
29035,,1500,,,,254849
29036,,1500,,,,254851
29037,,1500,,,,254852
29038,,1500,,,,254853
29039,,1500,,,,254856
29040,,1500,,,,254857
29041,,1500,,,,254859
29042,,1500,,,,254861
29043,,1500,,,,254862
29044,,1500,,,,254863
29045,,1500,,,,254865
29046,,1500,,,,254867
29047,,1500,,,,254868
29048,,1500,,,,254870
29049,,7000,,,,254877
29050,,1500,,,,254881
29051,,1500,,,,254882
29052,,1500,,,,254883
29053,,1500,,,,254884
29054,,1500,,,,254885
29055,,1500,,,,254886
29056,,1500,,,,254887
29057,,1500,,,,254888
29058,,1500,,,,254889
29059,,1500,,,,254890
29060,,1500,,,,254891
29061,,1500,,,,254892
29062,,1500,,,,254893
29063,,1500,,,,254894
29064,,1500,,,,254895
29065,,1500,,,,254896
29066,,1500,,,,254897
29067,,1500,,,,254898
29069,,,2000,,,247481
29073,,3000,,,,252331
29074,,3000,,,,252330
29075,,3000,,,,252329
29076,,1500,,,,254929
29078,,1500,,,,254936
29079,,1500,,,,254941
29080,,30000,,,,254942
29083,,,2000,,,254990
29084,,3000,,,,255007
29085,,,2000,,,255025
29086,,,6000,1500,,255043
29090,,1500,30000,,,255079
29091,,1500,,,,255123
29092,,1500,,,,255124
29093,,1500,,,,255126
29094,,,13000,,,255140
29095,,,1500,,,255145
29096,,,8000,,,255147
29125,,120000,,,,255229
29126,,120000,,,,255245
29127,,60000,60000,,,255251
29129,,10000,,1000,,255283
29131,,6000,,,,255288
29132,,6000,,,,255279
29134,,3000,,,,247733
29135,,6000,,,,255308
29136,,,240000,,,255312
29137,,1000,,,,255322
29138,,1000,,,,255324
29141,,1500,,,,255341
29142,,,40000,1500,,255352
29143,,,40000,1500,,255354
29144,,,12000,1500,,255360
29145,,,4500,1500,,255361
29146,,5000,,,,255373
29147,,10000,,,,255371
29148,,,12000,,,255372
29151,,,,1500,,255556
29152,,5000,,,,255567
29153,,2000,,,,255569
29154,,5000,,,,255585
29155,,5000,,,,255593
29156,,2000,,,,255597
29158,,,,1500,,255616
29160,,3000,,,,255627
29161,,3000,,,,255628
29162,,3000,,,,255632
29163,,,,1500,,255643
29167,,500,10000,,,255645
29168,,500,,,,255676
29169,,5000,,,,255680
29170,,,2000,,,250185
29171,,1500,,,,255688
29172,,1500,,,,255692
29173,,,,1500,,255702
29174,,20000,120000,,,255713
29175,,,25000,1500,,255714
29176,,,120000,1500,,255654
29177,,20000,90000,,,255724
29178,,,,1000,,255732
29179,,,10000,1500,,255737
29180,,,3000,1500,,255755
29183,,5000,,,,255751
29184,,,30000,,,255770
29185,,,30000,,,255771
29186,,5000,,,,255776
29187,,,10000,1500,,255780
29188,,,,1500,,255795
29189,,,120000,1500,,255797
29194,,3000,,,,255824
29195,,,20000,1500,,255841
29196,,1500,,,,255843
29198,,,,1500,,255886
29199,,1500,,,,255888
29200,,,20000,1500,,255890
29204,,20000,90000,,,255924
29207,,,,1500,,255937
29209,,3000,,,,254901
29210,,,10000,1500,,255965
29211,,1500,,,,255966
29212,,600000,600000,,,255974
29214,,,60000,,,255981
29221,,,20000,1500,,255998
29222,,,10000,1500,,256009
29224,,,,1500,,256010
29229,,2000,,,,256058
29230,,2000,,,,256053
29232,,1500,,,,256076
29235,,4000,,,,256106
29236,,,20000,1500,,256109
29238,,,8000,1500,,256146
29239,,2000,,,,256138
29240,,,,1500,,256162
29241,,,150000,1500,,255647
29245,,8000,,,,256215
29246,,,,1500,,256226
29247,,,5000,,,256323
29252,,,30000,1500,,256369
29258,,,,1500,,256440
29259,,3000,,,,252781
29262,,2000,,,,256473
29264,,20000,,,,256477
29267,,12000,,,,256489
29268,,6000,,,,256498
29269,,,500,,,256540
29270,,12000,,,,256405
29273,,,,1500,,256446
29276,,,40000,1500,,256568
29277,,5000,,,,256563
29278,,5000,,,,256497
29279,,14000,,,,256358
29280,,5000,,,,256363
29283,,,20000,1500,,256592
29284,,,8000,1500,,256600
29285,,,,1000,,253821
29286,,3000,,,,256616
29287,,,250,,,256617
29289,,1000,,,,256625
29290,,3000,,,,256627
29291,,,,1500,,256636
29292,,5000,,,,256635
29295,,3000,,,,256640
29296,,3000,,,,256641
29298,,3000,,,,256660
29299,,,25000,1500,,256661
29303,,,30000,1500,,256678
29304,,30000,,,,256679
29305,,,35000,1500,,256707
29306,,4000,,,,256709
29307,,,30000,1500,,256711
29308,,,1500,,,256733
29309,,,300000,,,256740
29310,,,,1500,,256798
29311,,,6000,1500,,256802
29312,,,4000,,,246305
29314,,2000,,,,256846
29315,,4000,,,,256850
29316,,,10000,,,256886
29317,,,150000,1500,,256893
29318,,3000,,,,256897
29321,,3000,,,,256903
29322,,,1000,,,256942
29323,,,5000,,,256947
29325,,15000,,,,257000
29326,,,1000,,,257006
29328,,3000,,,,257021
29329,,5000,,,,256658
29331,,750,180000,1000,,256948
29332,,,16000,1500,,257044
29334,,6000,,,,256589
29338,,,5000,1000,,257058
29340,,,300000,,,257067
29344,,,6000,2500,,257077
29345,,,3000,1500,,257144
29351,,,10000,1500,,257184
29355,,,30000,1500,,257207
29357,,,8000,1500,,257221
29358,,3000,,,,257220
29359,,2000,,,,257226
29360,,,3000,,,257229
29361,,,3000,,,257230
29362,,5000,,,,257252
29366,,5000,,,,257278
29369,,,,1000,,257284
29370,,4000,,,,257288
29371,,,1500,1500,,257294
29372,,6000,,,,257304
29373,,5000,,,,257316
29374,,3000,,,,257336
29386,,5000,,,,256869
29388,,3000,,,,257404
29389,,4000,,,,257436
29390,,6000,,,,257453
29391,,5000,,,,257454
29393,,4000,,,,255579
29395,,,,1500,,257482
29397,,,30000,1500,,257537
29398,,,,1500,,257541
29399,,2000,,,,257548
29400,,3000,,,,257556
29401,,2000,3000,,,257593
29403,,,,1500,,257603
29404,,,,1000,,257616
29405,,,,1000,,257618
29406,,,,1500,,257620
29407,,1500,,,,257630
29408,,1500,,,,257631
29409,,1500,,,,257632
29410,,1500,,,,257633
29411,,1500,,,,257634
29412,,1500,,,,257635
29413,,1500,,,,257636
29414,,1500,,,,257637
29415,,1500,,,,257638
29416,,1500,,,,257639
29417,,,60000,1500,,191634
29421,,2000,,,,257656
29422,,,3000,,,257663
29423,,,3000,,,257664
29424,,,2000,,,257674
29426,,8000,,,,257662
29427,,5000,,,,257497
29428,,10000,,,,257611
29439,,4000,,,,257736
29440,,,,1000,,257738
29441,,,8000,1000,,257740
29442,,,60000,,,257742
29444,,,60000,1000,,257748
29445,,,2000,,,257750
29446,,7000,,1500,,257756
29450,,10000,,,,257764
29451,,,5000,,,257766
29452,,,,1500,,257767
29454,,2000,,,,257784
29455,,,,1500,,257802
29456,,,40000,,,257834
29459,,4000,,,,257862
29463,,5000,,,,257734
29466,,,9000,1500,,257938
29468,,,2000,,,254104
29471,,8000,,,,257969
29472,,,1500,,,257972
29473,,,4000,,,257976
29476,,5000,,,,247041
29477,,5000,,,,257598
29479,,2000,,,,258076
29480,,3000,,,,258078
29481,,3000,,,,258082
29482,,,2000,,,256367
29483,,,2000,1500,,258098
29484,,,6000,1500,,258099
29485,,,15000,1000,,258101
29486,,,3000,1500,,258111
29487,,,10000,1500,,258107
29493,,7000,,,,258138
29494,,3000,,,,258155
29495,,,,1500,,258158
29496,,8000,,8000,,258003
29497,,8000,,8000,,257975
29498,,3000,,,,258162
29499,,6000,,,,258169
29500,,10000,,,,258135
29501,,7000,,,,258175
29503,,,8000,1500,,258183
29504,,5000,,,,258186
29505,,3000,,,,258188
29506,,,1500,,,258189
29507,,2000,,,,258197
29508,,2000,,,,258195
29509,,,60000,,,258154
29510,,3000,,,,258202
29512,,,8000,1500,,258212
29513,,,15000,1000,,258215
29514,,,30000,1500,,258219
29515,,3000,,,,258220
29518,,5000,,,,258237
29519,,,4500,1500,,258241
29520,,,20000,,,258233
29521,,,5000,,,250353
29523,,,8000,,,258298
29524,,,8000,,,258315
29525,,5000,,1500,,258327
29526,,5000,,,,258337
29530,,3000,,,,258346
29536,,3000,,,,258347
29541,,9000,,,,246793
29542,,4000,,,,244312
29550,,1000,,,,208279
29551,,,,1500,,258615
29552,,,,1500,,258617
29553,,,,1500,,258618
29554,,,10000,1500,,258637
29556,,4000,,1500,,258640
29557,,3000,,,,253239
29558,,,15000,,,255041
29559,,,2000,,,258655
29560,,,,1500,,258660
29561,,,,1500,,258663
29562,,,500,,,258672
29563,,,20000,1500,,258678
29564,,,,1500,,258683
29565,,,12000,,,258680
29567,,,,1500,,258685
29568,,,6000,1500,,258690
29569,,,90000,1500,,258697
29570,,,,1500,,258713
29571,,,12000,1500,,258736
29572,,,15000,4000,,258744
29573,,,15000,1500,,258747
29577,,,8000,1500,,258754
29582,,,3000,1500,,258787
29583,,,240000,1500,,258794
29586,,5000,,,,258825
29587,,,5000,,,258829
29588,,,40000,1500,,258860
29592,,,,1500,,258869
29593,,3000,,,,257266
29594,,3000,,,,257258
29595,,3000,,,,257254
29597,,8000,,,,256111
29598,,8000,,,,257642
29599,,3000,,,,255741
29600,,3000,,,,258889
29602,,10000,,,,255754
29603,,15000,,,,256209
29604,,10000,,,,258908
29605,,,,1000,,258910
29606,,1500,,1500,,258920
29607,,,90000,1500,,258925
29608,,3000,,,,258929
29609,,3000,,,,258979
29610,,,1500,1500,,259037
29611,,,1500,1500,,259052
29613,,12000,,,,244722
29615,,2000,,,,259133
29616,,8000,,,,259127
29617,,5000,,,,259160
29618,,,10000,,,259194
29619,,,,1000,,259234
29622,,,1000,1500,,259254
29623,,,,1500,,259271
29625,,,,1500,,259293
29627,,,1000,,,244389
29630,,3000,,,,259374
29632,,,,1500,,259387
29633,,,1000,,,256738
29634,,,1000,,,259390
29635,,,20000,1500,,259391
29636,,,2250,,,65038
29637,,,4000,,,65033
29642,,,1000,,,259484
29643,,,,1500,,259489
29645,,,,1500,,259491
29646,,,,1500,,259495
29647,,,5000,,,259502
29655,,,8000,,,259557
29657,,,30000,,,259575
29658,,3000,,,,259572
29663,,3000,,,,259597
29665,,3000,,,,259618
29667,,8000,,,,259630
29669,,8000,,,,259655
29670,,,5000,,,259698
29672,,,3000,,,259593
29676,,3000,,,,259739
29678,,,1000,,,259747
29679,,3000,,,,259744
29681,,,,1500,,259758
29683,,,1000,,,259764
29684,,,2500,,,259769
29685,,,1000,,,259770
29686,,,15000,,,259773
29687,,3000,,,,259774
29689,,,60000,,,259778
29691,,,1000,,,259781
29692,,,60000,,,259782
29694,,3000,,,,259817
29695,,3000,,,,259825
29696,,3000,,,,259829
29697,,,,1500,,259831
29698,,3000,,,,259836
29699,,,,1500,,259850
29700,,,6000,,,259849
29701,,3000,,,,259854
29702,,,6000,,,259855
29703,,,30000,1500,,259860
29704,,,,1500,,259874
29705,,,,4000,,259895
29706,,5000,,,,259913
29707,,5000,,,,259925
29709,,3000,,,,259939
29710,,,900000,,,259930
29711,,4000,,,,259957
29714,,2000,,,,259973
29715,,3000,,,,259872
29716,,5000,,,,259978
29717,,4000,,,,259984
29718,,5000,,,,259994
29719,,,,1500,,259995
29720,,5000,,,,259999
29721,,5000,,,,260000
29722,,10000,,,,260019
29726,,5000,,,,260025
29727,,3000,,,,260052
29728,,2000,,,,260065
29729,,2000,,,,260068
29730,,6000,,,,260075
29733,,3000,,,,260100
29735,,,500,,,260129
29739,,,5000,,,260134
29740,,8000,,,,259717
29741,,10000,,,,259732
29743,,3000,,,,260138
29744,,3000,,,,260143
29745,,3000,,,,260145
29746,,4000,,,,211293
29747,,4000,,,,212784
29748,,3000,,,,260162
29749,,3000,,,,260163
29750,,3000,,,,260177
29751,,3000,,,,260182
29752,,10000,15000,,,260186
29753,,3000,,,,260191
29754,,5000,,,,260196
29755,,3000,,,,260199
29756,,1000,,,,260205
29757,,3000,,,,260216
29759,,,10000,,,260219
29760,,2000,,,,260223
29761,,2000,,,,260227
29762,,3000,,,,260237
29763,,4000,,,,260244
29764,,2000,,,,260264
29765,,3000,,,,260265
29766,,4000,,,,260270
29767,,10000,,,,260067
29768,,,,10000,,259614
29769,,,,10000,,260263
29770,,2000,,,,260282
29771,,,9000,1500,,260297
29772,,5000,,,,260306
29773,,3000,,,,260307
29774,,2000,,,,260320
29776,,,3000,,,260340
29777,,,2000,,,260318
29778,,,,1500,,260348
29779,,3000,,,,260349
29780,,3000,,,,260344
29781,,2000,,,,260355
29782,,1500,,,,260373
29784,,2000,,,,260409
29785,,600000,,,,260419
29786,,2000,,,,260425
29787,,5000,,,,260430
29789,,45000,,1500,,260457
29790,,,1000,1500,,260462
29793,,6000,,,,260087
29794,,3000,,,,260474
29795,,10000,,,,260451
29796,,10000,,,,260467
29797,,,30000,,,260482
29798,,,30000,,,260485
29799,,,30000,,,260486
29800,,,30000,,,260487
29804,,,90000,,,260563
29805,,,,1500,,260567
29807,,4000,,,,260575
29809,,8000,,,,260606
29810,,2000,,,,260607
29811,,5000,,,,260610
29812,,7000,,,,260612
29817,,3000,,,,260634
29818,,,21000,1500,,260643
29821,,3000,,,,260641
29822,,2000,,,,260651
29823,,2000,,,,260652
29824,,2000,,,,260654
29826,,,1500,1500,,260664
29828,,,5000,,,260684
29829,,,60000,,,260574
29830,,,60000,,,260592
29831,,,5000,,,260728
29835,,,180000,,,260779
29837,,,180000,,,260782
29838,,,30000,750,,260708
29842,,,60000,,,260830
29843,,,,1500,,260874
29845,,,45000,1500,,260876
29846,,,,1500,,260887
29847,,5000,,,,260889
29859,,6000,,,,261017
29860,,6000,,,,261003
29862,,,,1000,,261028
29869,,,3000,,,261064
29876,,10000,,,,261099
29878,,,6000,,,261000
29879,,3000,,,,261117
29884,,,15000,,,261148
29889,,,15000,,,261163
29890,,,60000,,,261175
29893,,,6000,,,261211
29895,,3000,,,,261216
29896,,3000,,,,261218
29897,,,,1000,,261219
29899,,,250,,,261255
29929,,,1000,,,261331
29931,,,,1500,,261403
29932,,,1000,,,261422
29933,,,5000,,,261429
29935,,15000,,,,260908
29936,,15000,,,,261186
29937,,5000,,,,253078
29941,,5000,,,,261468
29942,,,30000,,,261479
29944,,,30000,,,261483
29945,,5000,,,,261488
29946,,,6000,,,261491
29947,,,6000,1500,,261507
29948,,,,1000,,261516
29949,,,,1500,,261521
29950,,,30000,1000,,261531
29952,,,,1500,,261540
29953,,12000,,,,261467
29955,,,30000,1500,,261556
29958,,4000,,,,261563
29960,,,30000,,,261589
29961,,3000,,,,261612
29962,,60000,,,,261620
29963,,3000,,,,261624
29965,,10800000,,,,261602
29966,,3000,,,,261628
29967,,3000,,,,261552
29968,,3000,,,,261600
29969,,,,1500,,261631
29970,,3000,,,,261630
29971,,3000,,,,261635
29972,,3000,,,,261636
29973,,3000,,,,261642
29975,,,5000,1000,,261648
29976,,3000,,,,261656
29977,,3000,,,,261658
29978,,3000,,,,261659
29979,,3000,,,,261660
29980,,3000,,,,261646
29982,,,1000,,,261663
29983,,4000,,,,261670
29984,,,1000,,,261671
29985,,5000,,,,261673
29986,,3000,,,,261581
29987,,3000,,,,261634
29988,,3000,,,,261608
29989,,5000,,,,261677
29993,,,10000,1500,,261688
29995,,,10000,,,261694
29996,,,10000,,,261695
29997,,,20000,1500,,261697
29998,,,8000,1500,,261714
29999,,,6000,1500,,261715
30000,,,1000,,,261724
30001,,,4000,,,261729
30002,,,10000,1500,,261731
30003,,,4000,,,261736
30004,,,6000,1500,,261739
30005,,3000,,,,261730
30006,,3000,,,,261701
30007,,,10000,1500,,261752
30008,,,,1500,,261755
30010,,1500,,,,261764
30011,,8000,,,,261773
30012,,,,1500,,261787
30013,,,30000,1500,,261788
30014,,,,1500,,261789
30015,,,5000,1000,,261790
30016,,3000,,,,261792
30017,,,20000,1500,,261793
30018,,,10000,1500,,261794
30019,,,900000,,,260593
30020,,3000,,,,261799
30021,,3000,,,,261813
30022,,3000,,,,261814
30023,,3000,,,,261815
30024,,3000,,,,261816
30025,,3000,,,,261817
30026,,,30000,,,261812
30027,,3000,,,,261833
30028,,3000,,,,261836
30029,,,10000,,,261837
30030,,,180000,,,261860
30031,,,180000,,,244200
30032,,3000,,,,261867
30033,,3000,,,,261766
30034,,3000,,,,261878
30035,,3000,,,,261886
30036,,,1500,,,261888
30037,,3000,,,,261892
30038,,5000,,,,261904
30039,,3000,,,,261921
30041,,,,1500,,261961
30042,,,6000,500,,261962
33282,,,8000,1500,,261973
39761,,,30000,1000,,261947
39763,,,10000,1000,,261983
39764,,5000,,,,261984
43004,,3000,,,,261976
43005,,,4500,1500,,261994
43006,,,8000,1500,,261998
43007,,,30000,1500,,262000
43008,,,10000,1000,,262001
43009,,,5000,,,262019
46249,,5000,,,,262047
46250,,5000,,,,262054
46251,,,12000,,,262074
46253,,2000,,,,262145
46254,,,8000,1500,,262146
46255,,2000,,,,262149
46256,,2000,,,,262152
46257,,2000,,,,262155
46258,,,2000,1500,,262157
46259,,,10000,1500,,262158
46260,,2000,,,,262159
46261,,,45000,1500,,262161
46262,,,8000,1500,,262162
46264,,3000,,,,254994
46267,,5000,,,,262190
46268,,6000,,,,262171
46269,,,,1500,,262194
46270,,,,1500,,262195
46271,,3000,,,,256607
46272,,,60000,,,262197
46273,,,60000,,,262228
46274,,,,1500,,262251
46275,,,600000,1500,,255661
46276,,,,1500,,262310
46277,,,1000,,,262320
46278,,,1000,,,262321
46279,,,10000,,,262330
46280,,,2000,,,262333
46281,,3000,,,,262336
46282,,,35000,1500,,262342
46283,,20000,120000,,,65008
46284,,,35000,1500,,262349
46285,,20000,120000,,,65011
46286,,,,1500,,262350
46287,,20000,120000,,,64712
46288,,20000,120000,,,64707
46289,,20000,120000,,,64800
46290,,120000,,,,262360
46291,,,,1500,,262362
46292,,6000,,,,262369
46293,,3000,,,,262375
46295,,,,1000,,262395
46296,,,30000,1000,,262396
46297,,,30000,1000,,262398
46298,,,30000,1000,,262401
46299,,8000,,,,262405
46300,,2000,,,,262408
46301,,,30000,1000,,262419
46302,,,5000,,,262443
46303,,,10000,1500,,262463
46304,,,6000,1500,,262464
46305,,,8000,1500,,262465
46306,,,10000,1500,,262466
46307,,,,1000,,262467
46308,,,12000,1500,,262493
46310,,3000,,,,262503
46313,,,6000,1500,,262522
46314,,,,1000,,262523
46315,,1000,6000,,,262530
46316,,,10000,1500,,262534
46317,,3000,,,,262537
46320,,,,1500,,262551
46321,,,,1500,,262552
46323,,,,1000,,262557
46324,,,5000,,,262558
46326,,,2000,,,246353
46327,,3000,,,,262549
46328,,,,1500,,262593
46329,,,30000,1500,,262601
46330,,,,1500,,262607
46331,,,,1500,,262616
46332,,,1500,1500,,262618
46333,,,10000,1500,,262619
46334,,,10000,1500,,262621
46335,,7000,,1500,,262628
46336,,,,1500,,262631
46337,,,,1000,,262633
46338,,,,1500,,262647
46341,,,,1500,,262657
46343,,,,1000,,262673
46344,,,6000,1000,,262674
46346,,,5000,1000,,262688
46347,,,15000,,,262696
46348,,,12000,,,262697
46349,,,5000,1000,,262702
46350,,1000,1000,,,262588
46351,,3000,3000,,,262691
46352,,1000,1000,,,262590
46353,,,30000,1500,,262707
46354,,5000,,,,262719
46355,,,20000,1500,,262722
46356,,,20000,1500,,262725
46358,,,,1500,,262732
46359,,3000,,,,262739
46360,,,180000,1000,,260364
46361,,3000,3000,,,262772
46363,,1000,1000,,,262783
46364,,1000,1000,,,262785
46365,,,25000,1500,,262799
46366,,,,1000,,262802
46367,,,,1000,,262833
46369,,,20000,1000,,262809
46372,,,5000,,,262855
46373,,,5000,,,262857
46375,,,,1000,,262854
46376,,,,1000,,262890
46378,,,10000,1000,,262905
46379,,,7000,,,262907
46380,,,10000,1000,,262910
46382,,3000,,,,262929
46383,,,,1000,,262931
46384,,3000,,,,262944
46385,,5000,,,,262945
46386,,,,1000,,262962
46388,,3000,3000,,,262968
46389,,,5000,,,262985
46390,,,30000,,,262986
46391,,3000,,,,262983
46392,,5000,,,,262997
46393,,,5000,,,262992
46395,,,,1500,,263041
46398,,3000,,,,257878
46399,,3000,,,,263064
46400,,3000,,,,263060
46401,,5000,,,,263080
46402,,,3000,,,263087
49642,,5000,,,,263114
49643,,3000,,,,263109
49644,,3000,,,,263127
49645,,1500,,,,263148
49646,,1500,,,,263149
49647,,1500,,,,263150
49648,,1500,,,,263151
49649,,1500,,,,263152
49650,,1500,,,,263153
49651,,1500,,,,263154
49652,,1500,,,,263155
49653,,1500,,,,263156
49654,,1500,,,,263157
49655,,,30000,1500,,263165
49658,,,3000,,,263197
49659,,7000,,,,263199
56138,,6000,,,,255144
56140,,,,1500,,263285
56142,,,,1500,,263302
56143,,,,1500,,263303
56146,,,,1500,,263319
56147,,,120000,,,263323
56148,,,,1500,,263333
56149,,1000,3000,,,263340
56156,,,10000,,,263423
56157,,,10000,,,263446
56158,,,300000,,,263487
56159,,,8000,1500,,263496
56160,,,,1500,,263510
56161,,3000,,,,263533
56162,,2000,,,,263536
56164,,1500,,,,263557
56165,,,5000,,,263538
56166,,,12000,,,263276
56167,,,3000,,,259044
56168,,5000,,1000,,263587
56170,,,10000,1500,,263589
56175,,,,1500,,263642
56176,,,5000,,,263640
56177,,,30000,1500,,263648
56180,,,1500,,,263667
56181,,,5000,,,263657
56182,,,8000,,,263672
56183,,,,1500,,263682
56184,,5000,,,,263692
56185,,3000,,,,263684
56186,,2000,,,,263700
56191,,2000,,,,260214
56192,,5000,,,,263781
56193,,5000,,,,263785
56194,,,2500,1500,,262990
56195,,5000,,,,263803
56196,,2000,,,,263794
56198,,,,1000,,263819
56199,,,10000,,,263840
56200,,,10000,,,263841
56201,,,25000,1500,,263848
56202,,,10000,,,263852
56203,,,6000,,,263853
56204,,,6000,,,263854
56205,,,6000,,,263856
56206,,,6000,,,263857
56207,,,6000,,,263858
56208,,,6000,,,263861
56209,,,6000,,,263863
56210,,,60000,,,263865
56211,,,60000,,,263867
56212,,,60000,,,263868
56213,,,60000,,,263869
56214,,,90000,,,263887
56215,,,90000,,,263892
56216,,2000,,,,263889
56217,,3000,,,,263900
56218,,3000,,,,263901
56219,,,90000,,,263904
56220,,2000,,,,257225
56221,,2000,,,,257223
56222,,,90000,,,263916
56223,,3000,,,,263932
56224,,3000,,,,263940
56225,,10000,,,,263943
56226,,,2000,1500,,263977
56227,,,6000,1500,,263979
56228,,,8000,1500,,263981
56229,,4000,,,,263983
56230,,3000,,,,263991
56231,,3000,,,,262069
56232,,,,1500,,263999
56233,,,,1500,,264001
56234,,,,1500,,264003
56236,,,30000,1000,,264031
56238,,,30000,1500,,264045
56242,,2000,,,,264064
56244,,7000,,,,264083
56245,,4000,,,,264084
56247,,,3000,1500,,264086
56251,,,10000,,,264082
56252,,3000,,,,264070
56253,,,5500,1000,,264103
56254,,,30000,1500,,264106
56255,,,20000,,,264107
56256,,,6000,,,264112
56257,,12000,,,,264098
56258,,,120000,,,264115
56259,,,,1500,,264118
56260,,,,1500,,264122
56261,,,,1500,,264125
56262,,,,1500,,264126
56263,,3000,,,,264114
56264,,2000,,,,264140
56265,,,2000,,,264142
56266,,,,1500,,264178
56267,,,,1500,,264208
56268,,,2500,,,264035
56269,,,2500,,,264034
56270,,,2000,1500,,264252
56271,,,4000,,,264254
56272,,,3000,1500,,264259
56284,,,2000,1000,,264275
56285,,,7000,1000,,264282
56286,,3000,,,,264159
56287,,3000,,,,264177
56288,,5000,,,,264302
56292,,,1000,,,94621
56294,,,90000,,,264360
56295,,,15000,1500,,264377
56296,,4000,,,,264398
56297,,5000,,,,264401
56298,,,25000,1500,,264458
56299,,5000,,,,264465
56300,,,,1500,,264550
56301,,3000,,,,264556
56302,,12000,,,,264572
56303,,3000,,,,264607
56305,,,,1500,,264649
56306,,,360000,,,264667
56307,,600000,,1000,,264668
56308,,3000,,,,264681
56310,,2000,,,,264686
56311,,2000,,,,264688
56312,,4000,,,,264694
56314,,,,1500,,264739
56316,,,,1500,,264744
56317,,,5000,,,264754
56318,,5000,,,,264747
56319,,3000,,,,264759
56320,,3000,,,,264755
56321,,3000,,,,264736
56323,,,,1500,,264810
56324,,,3000,,,264859
56325,,,3000,,,258235
56327,,5000,,,,264893
56328,,,,1500,,264894
56329,,2000,,,,264896
56330,,6000,,,,264892
56331,,2000,,,,264902
56332,,5000,,,,264909
56334,,,15000,1500,,264968
56335,,,10000,1500,,264993
56336,,8000,,,,265010
56339,,3000,,,,265045
56340,,5000,,,,265015
56341,,5000,,,,265081
56343,,5000,,,,265089
56344,,5000,,,,265091
56345,,,,1500,,265116
56346,,5000,,,,264919
56349,,3000,,,,264951
56351,,3000,,,,265166
56352,,750,,,,257040
56353,,3000,,,,265169
56355,,,10000,1500,,265179
56356,,,60000,1500,,265187
56357,,,,1500,,265189
56358,,,720000,1500,,265202
56359,,30000,120000,,,265221
56360,,,1800000,1500,,265225
56361,,,1500,,,264648
56362,,,1500,,,263214
56363,,,1000,,,264226
56367,,,120000,1500,,265314
56368,,,,1500,,265321
56369,,,3000,,,265333
56370,,,45000,1500,,265339
56371,,3000,,,,265376
56372,,3000,,,,265377
56373,,2000,,,,265394
56374,,,6000,,,265404
56375,,,4000,,,265141
56376,,,,1500,,265412
56377,,,,1500,,265427
56378,,15000,,,,265431
56379,,,3000,,,265447
56380,,,,1500,,265449
56381,,3000,,,,265455
56382,,3000,,,,265456
56383,,1000,,,,265433
56385,,,60000,,,265476
56386,,5000,,,,265487
56387,,,3000,,,265488
56388,,,1500,,,265489
56390,,3000,,,,265529
56392,,2000,,,,265534
56393,,3000,,,,265533
56394,,3000,,,,265536
56395,,5000,,,,265537
56396,,5000,,,,265541
56397,,,1000,,,265551
56398,,,30000,1500,,265584
56399,,,5000,,,265593
56402,,,5000,,,265596
56403,,,3000,,,265601
56404,,,10000,1500,,265614
56405,,,3000,1500,,265618
56407,,,,12000,,265634
56408,,,6000,,,265651
56409,,,6000,,,263762
56410,,,2000,,,265656
56411,,5000,,,,265668
56412,,5000,,,,265682
56413,,1000,,,,265643
56415,,,5000,,,265708
56416,,,,1000,,265774
56417,,,,1000,,265775
56418,,,,1000,,265776
56420,,,,1500,,265888
56421,,,60000,,,265899
56422,,3000,,,,265911
56423,,1000,,,,265912
56425,,20000,60000,,,265946
56426,,20000,90000,,,265954
56427,,5000,10000,,,265968
56432,,20000,90000,,,266018
56433,,20000,120000,,,266047
56434,,,,1500,,266056
56435,,10000,,,,198509
56436,,3000,,,,259220
56437,,2000,,,,259232
56438,,,8000,,,260148
56439,,5000,,,,266106
56440,,5000,,,,266108
56441,,3000,,,,266127
56442,,3000,,1500,,266146
56443,,,,1000,,266171
56445,,3000,,,,266201
56446,,5000,,,,266225
56447,,4000,,,,266207
56448,,5000,,,,266279
56449,,3000,,,,262004
56450,,,2000,,,266452
56451,,,3000,1500,,266464
56452,,,1000,,,266495
56453,,3000,,,,266514
56454,,,120000,,,266779
56455,,,,1500,,266918
56456,,,10000,,,259041
56457,,5000,,,,266949
56458,,1000,,,,266934
56459,,1000,,,,266954
56460,,,5000,,,266484
56461,,,30000,,,266462
56462,,,,1500,,266967
56463,,,,1500,,266968
56464,,,,1500,,266969
56465,,,,1500,,266970
56466,,,12000,,,266476
56467,,,10,1500,,266974
56468,,,30000,1500,,266983
56469,,,12000,1500,,266975
56470,,,8000,1500,,266988
56471,,,3000,1500,,266998
56472,,,,1500,,267000
56473,,,1500,500,,267005
56474,,,,1000,,267008
56475,,,20000,1000,,267015
56476,,,1000,1000,,267052
56477,,,5000,,,267054
56478,,,5000,,,267065
56479,,,3000,,,267067
56480,,,5000,,,267072
56483,,,300,,,267128
56484,,,10000,1500,,267136
56485,,1000,,,,267153
56486,,,25000,1500,,264119
56487,,,,1000,,267169
56488,,,60000,1500,,267171
56490,,4000,,,,267156
56491,,,,1500,,267195
56492,,1000,6000,,,267197
56493,,,1000,1000,,267206
56494,,,60000,1000,,267208
56495,,,30000,,,267210
56496,,,30000,1500,,267211
56498,,,180000,1500,,267217
56499,,,500,,,264225
56500,,3000,,,,258945
56503,,,6000,,,267253
56512,,7000,,,,267305
56513,,2000,,,,267303
56516,,,,1000,,267342
56517,,,2000,,,267059
56520,,,3600000,,,246289
56521,,,2000,1000,,267380
56522,,,,1500,,267381
56523,,,500,500,,267383
56524,,20000,120000,1500,,267402
56525,,,6000,1000,,267404
56526,,,30000,,,267405
56529,,,2000,,,241992
56530,,7000,,1500,,267434
56531,,3000,,,,267452
56533,,,15000,1500,,267461
56535,,,30000,1500,,264130
56536,,,3000,1000,,267480
56537,,,10000,1500,,267487
56538,,,21000,,,267511
56539,,3000,,,,267522
56540,,,,1500,,267528
56541,,,,1500,,267530
56542,,3000,,,,267532
56543,,4000,,,,267550
56544,,4000,,,,267545
56545,,4000,,,,267553
56546,,,15000,1500,,267569
56547,,,15000,1500,,267570
56548,,,180000,,,267572
56549,,,180000,,,267575
56550,,,8000,,,267578
56552,,,45000,1500,,267590
56553,,,20000,1500,,267605
56554,,3000,,,,267637
56555,,,30000,,,267641
56556,,,5000,,,267649
56557,,,,1000,,267676
56559,,2000,,,,267785
56560,,3000,,,,267793
56563,,2000,,,,267804
56564,,,5000,,,267906
56565,,,5000,,,267908
56566,,,5000,,,267909
56567,,,5000,,,267910
56568,,,2000,,,263083
56569,,,5000,,,267917
56570,,1500,,,,267918
56571,,480000,,,,267922
56572,,,600000,,,267923
56573,,20000,120000,,,65012
56574,,20000,120000,,,64763
56577,,,10000,1500,,264057
56592,,,,1000,,267997
56594,,,,1000,,267999
56595,,,5000,,,267017
56596,,,5000,,,268000
56599,,3000,,,,268008
56602,,12000,,,,268070
56604,,10000,,,,268072
56607,,,15000,,,268129
56609,,6000,,,,268211
56610,,6000,,,,268214
56612,,500,,,,268224
56614,,4000,,,,268260
56615,,20000,60000,,,268314
56616,,10000,,,,268334
56620,,5000,,,,268366
56621,,,,1000,,268411
56622,,,1500,,,268405
56623,,,15000,,,268415
56625,,,,1500,,268423
56626,,,,1000,,268424
56628,,,,1000,,268433
56631,,,,1000,,268494
56638,,,10000,,,268709
56639,,,,6000,,268711
56640,,,,10000,,256052
56644,,,1000,1000,,268755
56648,,,1000,500,,268767
56650,,2000,,,,268801
56651,,,5000,1000,,268808
56652,,,60000,,,263256
56654,,20000,90000,,,268828
56656,,5000,,,,268886
56657,,3000,,,,267672
56659,,,,5000,,268926
56660,,,6000,1500,,268951
56663,,,9000,,,263775
56664,,20000,90000,,,268999
56670,,20000,,,,269017
56671,,3000,,,,269050
56672,,60000,60000,,,269069
56673,,3000,,,,269047
56674,,2000,,,,269072
56675,,,30000,,,268980
56677,,600000,600000,,,269120
56688,,3000,,,,269130
56704,,,1000,,,269202
56706,,600000,600000,,,269186
56708,,,6000,,,269206
56710,,3000,,,,269234
56711,,10000,,,,269265
56712,,2000,8000,,,269302
56713,,2000,6000,,,267354
56714,,20000,,1500,,269341
56716,,30000,,1500,,269352
56717,,30000,,1500,,269355
56722,,,1000,,,269415
56726,,2000,,,,269429
56727,,2000,,,,262382
56729,,,5000,,,269442
56730,,2000,,,,269486
56731,,,8000,,,269491
56732,,,1000,,,269492
56735,,,30000,2000,,269513
56737,,,5000,,,269572
56740,,,1000,,,269637
56747,,3000,,,,269674
56749,,,500,,,269687
56754,,,,1500,,269699
56756,,,40000,,,269713
56757,,,3500,,,269743
56758,,,30000,1500,,269751
56759,,,180000,,,269773
56760,,,180000,,,269774
56761,,,500,,,269820
56762,,,500,,,269821
56763,,,,1000,,269825
56764,,3000,,,,269837
56765,,,1000,,,267241
56766,,3000,,,,269890
56767,,3000,,,,269903
56768,,3000,,,,269910
56769,,3000,,,,269898
56770,,,5000,,,269922
56771,,2000,,,,269930
56773,,,2000,,,269416
56774,,,800,,,270031
56778,,3000,,,,270040
56779,,,600,,,270077
56780,,,500,,,270082
56782,,,800,,,270093
56783,,,800,,,270095
56784,,,1200,,,270096
56785,,,600,,,270097
56786,,,600,,,270098
56787,,,600,,,270102
56788,,,600,,,270105
56789,,,600,,,270106
56790,,3000,,,,270120
56791,,2000,,,,270121
56792,,5000,,,,263027
56793,,,600,,,270134
56794,,,10000,,,270149
56795,,,15000,1500,,270155
56796,,6000,,,,263037
56797,,3000,,,,270173
56798,,8000,,,,263344
56799,,4000,,,,270185
56800,,,60000,,,270209
56801,,,,1500,,270211
56802,,,1000,,,187224
56803,,,60000,,,270197
56804,,,60000,,,270235
56806,,,1000,,,267175
56807,,5000,,,,270295
56808,,4000,,,,270296
56809,,,,1500,,270323
56810,,3000,,,,270331
56811,,,500,,,270333
56812,,,,1500,,270335
56813,,,30000,,,270196
56814,,,1000,,,263596
56817,,,2000,,,270364
56818,,,12000,,,270376
56819,,8000,,,,270380
56821,,,1000,,,270394
56822,,,30000,,,270399
56823,,,20000,,,270400
56824,,5000,,,,270404
56825,,,5000,,,270405
56826,,3000,,,,270408
56827,,,,1500,,270411
56828,,3000,,,,270410
56829,,3000,,,,270424
56832,,3000,,,,270434
56833,,5000,,,,270316
56834,,3000,,,,270450
56836,,3000,,,,270455
56837,,3000,,,,270456
56838,,5000,,,,270464
56839,,3000,,,,270479
56842,,5000,,,,270494
56843,,3000,,,,270474
56844,,4000,,,,270516
56845,,2000,,,,270527
56846,,2000,,,,270526
56847,,,8000,1500,,270540
56848,,1500,,,,270547
56849,,3000,,,,270549
56850,,4000,,,,270212
56851,,,8000,1500,,270565
56852,,,1000,,,270572
56853,,,1500,,,270573
56854,,5000,,,,270588
56855,,4000,,,,270590
56856,,5000,,,,270591
56857,,5000,,,,270594
56858,,2000,,,,270597
56859,,2000,,,,270593
56861,,,1500,,,270612
56862,,,5000,,,270682
56867,,3000,,,,270704
56869,,,,1500,,270819
56870,,,1500,,,270820
56871,,,12000,,,270823
56872,,2000,,,,270833
56873,,3000,,,,270836
56874,,3000,,,,270839
56875,,,8000,1500,,270878
56876,,,15000,1500,,267023
56877,,,,1500,,270939
56878,,,,1500,,270949
56882,,2500,,,,270952
56883,,2000,,,,270956
56885,,2000,,,,270992
56886,,2000,,,,270995
56887,,3000,,,,270997
56888,,,,1500,,270998
56889,,,,1500,,270999
56890,,3000,,,,271036
56891,,2000,,,,271026
56892,,2000,,,,271025
56893,,,,1500,,271045
56894,,3000,,,,271046
56897,,20000,120000,,,271054
56907,,20000,120000,,,271107
56909,,20000,120000,,,271117
56913,,,,1500,,271139
56914,,2000,,,,271142
56915,,3000,,,,271145
56916,,2000,,,,271146
56917,,,,1500,,271149
56919,,8000,,,,271222
56922,,20000,120000,,,271374
56923,,,500,,,271450
56924,,20000,120000,,,271462
56925,,,180000,1500,,271466
56926,,,1000,,,271490
56927,,2000,,,,271492
56928,,1500,,,,271498
56929,,,3000,,,271499
56932,,,1500,,,271530
56933,,,7000,,,271002
56934,,,1000,,,271575
56935,,5000,,,,271591
56936,,5000,,,,271592
56937,,5000,,,,271593
56938,,5000,,,,271594
56939,,500,,,,271607
56940,,500,,,,271606
56941,,500,,,,271604
56942,,500,,,,271603
56943,,500,,,,271602
56944,,500,,,,271601
56945,,750,,,,271600
56946,,500,,,,271608
56947,,1000,,,,271611
56948,,,,1000,,271614
56949,,2000,,,,271633
56950,,,,1000,,271629
56951,,2000,,,,271637
56952,,2000,,,,271649
56953,,,1500,,,271688
56954,,2000,,,,271689
56956,,2000,,,,271712
56957,,,5000,,,271733
56958,,500,,,,271740
56959,,500,10000,,,271741
56960,,,1000,,,271747
56963,,,1000,,,245381
56965,,,500,,,271793
56966,,10000,,,,260793
56967,,,1000,,,271804
56968,,,,1500,,271814
56969,,5000,,,,266209
56971,,2000,6000,,,271823
56972,,2000,2000,,,271822
56973,,3000,,,,269846
56974,,,15000,,,271865
56976,,2000,,,,271870
56977,,,60000,1000,,271877
56980,,,1000,,,271887
56981,,3000,,,,271882
56982,,3000,,,,271889
56983,,2000,,,,271895
56986,,2000,,,,271902
56988,,,10000,,,271907
56989,,,10000,,,271916
56990,,,10000,,,271917
56994,,,,1500,,271930
56995,,,1000,,,271936
56996,,,1000,,,271937
56997,,,1000,,,271938
56998,,,1000,,,271979
57000,,20000,60000,,,268514
57001,,,,1000,,272012
57002,,,,1000,,272013
57009,,20000,90000,,,268504
57011,,250,,,,272081
57012,,250,,,,272080
57013,,250,,,,272082
57014,,,,1500,,271788
57015,,,4000,1000,,272131
57017,,20000,120000,,,268526
57018,,,,1000,,272156
57019,,,,1000,,272167
57020,,,1000,,,272171
57021,,,,1000,,272172
57022,,,5000,,,272188
57023,,2000,,,,272233
57024,,10000,,,,260290
57025,,2000,,,,272244
57026,,2000,,,,272247
57027,,,,1500,,272256
57028,,,,1500,,272261
57029,,,,1500,,272262
57030,,,,1500,,272263
57031,,,,1500,,272264
57032,,,,1500,,272265
57033,,,,1500,,272267
57034,,,,1500,,272268
57035,,,,1500,,272269
57036,,,,1500,,272270
57037,,,,1500,,272271
57038,,3000,,,,272272
57039,,,,1500,,272280
57040,,,,1500,,272281
57041,,2000,,,,272284
57042,,2000,,,,272283
57043,,,,1500,,272288
57044,,,,1500,,272289
57045,,,,1500,,272290
57046,,,,1500,,272291
57047,,,,1500,,272292
57048,,,,1500,,272293
57049,,,,1500,,272294
57050,,,3000,,,272301
57051,,10000,,1000,,272331
57053,,2000,,,,272349
57054,,3000,,,,272348
57057,,,6000,1500,,272412
57058,,4000,,,,272418
57061,,,,1000,,272432
57063,,,,1000,,272435
57064,,,,1000,,272439
57065,,,1000,,,272495
57066,,,1000,,,272496
57068,,2000,,,,272486
57069,,2000,,,,272518
57070,,2000,,,,272516
57071,,,2000,,,272523
57073,,,1500,,,272565
57074,,2000,,,,269169
57075,,3000,,,,272571
57076,,3000,,,,272581
57077,,3000,,,,266267
57078,,6000,,,,268457
57079,,6000,,,,272596
57080,,6000,,,,272595
57081,,,1500,,,272624
57082,,3000,,,,256957
57085,,6000,,,,272653
57086,,3000,,,,272592
57087,,8000,,,,272659
57088,,,360000,,,272678
57090,,,45000,,,272682
57091,,3000,,,,272697
57092,,3000,,,,272698
57093,,3000,,,,272699
57094,,3000,,,,272700
57095,,,,1500,,272705
57097,,500,,,,272735
57099,,,,1500,,272771
57100,,,,1500,,272772
57102,,,,1500,,272777
57104,,3000,,,,272820
57105,,3000,,,,272827
57106,,,5000,,,251559
57107,,,,1500,,272856
57108,,,,,,263235
57109,,3000,,,,272457
57112,,5000,,,,272923
57113,,5000,,,,272946
57114,,5000,,,,272947
57116,,500,,,,273042
57118,,,,1500,,273164
57120,,,10000,,,266966
57121,,3000,,,,273241
57122,,3000,,,,273242
57123,,1000,,,,273252
57124,16,3000,,,,263235
57127,,3000,,,,273301
57128,,,5000,,,267700
57129,,3000,,,,273345
57130,,,10000,,,273256
57131,,,10000,,,273377
57132,,,5000,,,273383
57133,,3000,,,,273394
57136,,,30000,1500,,263346
57137,,,3500,,,273562
57138,,6000,,,,273544
57139,,5000,,,,273467
57140,,,,1000,,273606
57141,,5000,,,,273475
57142,,15000,,,,273531
57144,,,,1500,,273627
57145,,3000,,,,273632
57146,,120000,,,,273641
57147,,,2000,,,273647
57148,,,,1500,,273654
57154,,,,1000,,273728
57155,,,,1500,,273769
57156,,,,1500,,273770
57157,,,500,,,273783
57158,,,500,,,273786
57159,,,500,,,273788
57160,,,1000,,,267343
57162,,,,1500,,273844
57163,,6000,,1500,,273845
57164,,,,1500,,273846
57165,,,120000,1500,,273867
57166,,3000,,,,273872
57167,,3000,,,,273871
57168,,3000,,,,273891
57169,,4000,,,,273892
57170,,,3000,,,268705
57171,,3000,,,,273930
57173,,,60000,,,262643
57174,,,1500,,,273978
57176,,,5000,,,273994
57180,,5000,,,,273920
57181,,3000,,,,274018
57183,,,10000,,,274034
57184,,,10000,,,274038
57185,,60000,,,,274054
57186,,,,1000,,115175
57187,,3000,,,,274061
57188,,3000,,,,274080
57189,,10000,,,,274088
57190,,1000,,,,274056
57192,,4000,,,,274121
57194,,,30000,1500,,274156
57195,,,5000,,,274197
57196,,,1000,,,274201
57197,,10000,,,,274217
57198,,,1500,,,274209
57199,,3000,,,,274242
57200,,5000,,,,274245
57201,,3000,,,,274247
57202,,,10000,,,274249
57203,,3000,,,,274253
57204,,3000,,,,265754
57205,,3000,,,,274254
57207,,,,1000,,274281
57208,,,,1500,,274282
57209,,,,1500,,274283
57210,,,30000,,,274291
57211,,3000,,,,274296
57212,,,1500,,,274338
57213,,2000,,,,274352
57214,,,30000,,,274351
57215,,3000,,,,274377
57216,,5000,,,,274400
57218,,,60000,,,274472
57219,,,3000,,,274482
57220,,5000,,,,274421
57221,,,2000,,,274509
57222,,3000,,,,274511
57223,,5000,,,,274546
57224,,3000,,,,274569
57226,,,2000,,,274579
57227,,,3000,,,274584
57228,,,15000,,,274587
57229,,,1500,,,256659
57232,,,,1500,,274642
57234,,1000,,,,274644
57235,,5000,,,,274676
57237,,4000,,,,274688
57238,,5000,,,,274680
57239,,,20000,,,269242
57240,,3000,,,,274720
57241,,,1500,,,274726
57242,,5000,,,,274723
57243,,8000,,,,274734
57244,,,3000,,,274735
57245,,,120000,,,274738
57251,,,,500,,274747
57252,,,,500,,274748
57253,,,8000,,,274754
57254,,,2000,,,274032
57256,,,4000,,,274770
57258,,6000,,,,257169
57260,,,,500,,274799
57263,,3000,,,,274825
57264,,,45000,1000,,274837
57265,,5000,,,,274842
57269,,12000,,,,274928
57273,,3000,,,,274949
57274,,,,1500,,274960
57275,,5000,,,,274951
57276,,5000,,,,274965
57277,,1000,,,,274986
57278,,,500,,,275000
57282,,3000,,,,274991
57283,,3000,,,,270183
57284,,,,1500,,275036
57285,,,1000,,,275047
57286,,3000,,,,275079
57287,,3000,,,,275080
57288,,3000,,,,275081
57289,,3000,,,,275085
57290,,2000,,,,275086
57291,,,12000,,,275087
57293,,3000,,,,275062
57294,,3000,,,,275110
57295,,2000,,,,275112
57296,,3000,,,,275043
57297,,5000,,,,275149
57298,,3000,,,,275161
57299,,8000,,,,275165
57300,,3000,,,,275171
57301,,,2000,,,275199
57303,,1500,,,,275222
57306,,,8000,,,275266
57307,,5000,,,,275296
57308,,500,,,,275319
57309,,,30000,,,275330
57310,,,1000,,,275331
57311,,,1000,,,275332
57313,,2000,,,,275347
57315,,5000,,,,275158
57316,,5000,,,,275355
57317,,5000,,,,275371
57318,,3000,,,,275374
57319,,1500,,1500,,275094
57320,,,2000,,,275431
57321,,5000,15000,,,275360
57322,,5000,,,,275358
57323,,1500,,1500,,275443
57324,,5000,,,,275448
57325,,,3000,,,275447
57326,,,,1000,,275458
57327,,5000,,,,275476
57328,,5000,,,,275456
57329,,5000,,,,275491
57330,,5000,,,,275528
57331,,,60000,1000,,275547
57332,,,60000,1000,,275548
57333,,,60000,1000,,275549
57334,,5000,,,,275552
57335,,5000,,,,275572
57336,,3000,,,,275574
57338,,,2000,,,275648
57339,,,12000,,,275651
57340,,,2000,,,275676
57341,,,,1500,,275687
57342,,5000,,,,262577
57343,,8000,,,,257804
57345,,2000,,,,275636
57346,,2000,,,,275613
57347,,,2000,,,275697
57348,,,45000,1500,,275699
57349,,3000,,,,275702
57350,,2000,,,,275704
57351,,3000,,,,275744
57352,,,,5000,,275767
57353,,,,1000,,275769
57354,,,,1500,,275773
57355,,2000,,,,275774
57356,,5000,,,,275778
57357,,,,1500,,275779
57358,,2000,,,,275782
57359,,,180000,,,275792
57360,,,5000,,,259742
57361,,,5000,,,259794
57362,,,500,,,275807
57363,,,500,,,275808
57364,,,500,,,275813
57365,,,500,,,275814
57366,,,500,,,275817
57367,,,500,,,275818
57369,,,,4000,,275825
57370,,3000,,,,275853
57371,,2000,,,,275884
57372,,2000,,,,275786
57373,,5000,,,,275897
57377,,8000,,,,275978
57378,,3000,,,,275980
57379,,5000,,,,276003
57380,,,,1500,,276033
57381,,,90000,1500,,207289
57382,,5000,,,,276081
57383,,,,1500,,276110
57384,,,,1500,,276111
57385,,,,1500,,276112
57386,,5000,,,,276116
57388,,,1500,,,276151
57389,,2000,,,,275962
57390,,2000,,,,275960
57391,,2000,,,,275940
57392,,3000,,,,275927
57393,,2000,,,,275923
57394,,2000,,,,244803
57395,,3000,,,,236582
57396,,7000,,,,276008
57397,,2000,,,,275998
57398,,3000,,,,275993
57399,,3000,,,,275990
57400,,3000,,,,275982
57401,,2000,,,,275973
57402,,2000,,,,275971
57403,,2000,,,,275967
57404,,2000,,,,275966
57405,,6000,,,,276048
57406,,7000,,,,276037
57408,,3000,,,,274896
57409,,4000,,,,274895
57410,,3000,,,,274891
57411,,3000,,,,276218
57412,,,2000,,,276227
57413,,,15000,,,275357
57417,,5000,,,,205520
57418,,5000,,,,276258
57419,,,1500,,,276277
57420,,,1500,,,276291
57421,,5000,,,,276314
57477,,,1000,,,276421
57478,,,5000,,,276423
57486,,,3000,,,276674
57489,,3000,,,,276720
57490,,3000,,,,276710
57491,,,3000,,,276769
57493,,,1000,,,276779
57494,,,20000,1500,,276851
57496,,,20000,,,259357
57497,,,10000,1500,,276860
57498,,5000,,,,276871
57500,,3000,,,,276884
57501,,2000,,,,276887
57502,,2000,,,,276890
57503,,3000,,,,276904
57504,,2000,,,,276901
57505,,2000,,,,276889
57506,,2000,,,,276873
57507,,2000,,,,276868
57508,,,2000,,,276927
57509,,,10000,1500,,276928
57510,,,10000,1500,,276935
57511,,,,1500,,276972
57512,,5000,,,,276974
57513,,4000,,,,276985
57514,,5000,,,,276991
57515,,,,1500,,276993
57516,,10000,,,,276997
57517,,4000,,,,262007
57518,,4000,,,,277006
57519,,,,1500,,277012
57520,,5000,,,,277014
57521,,3000,,,,277035
57522,,3000,,,,277038
57523,,3000,,,,277039
57524,,3000,,,,277040
57525,,2500,,,,277043
57526,,2000,,,,277046
57527,,3000,,,,276749
57528,,,8000,1500,,277059
57529,,5000,,,,277062
57530,,,8000,1500,,277069
57531,,3000,,,,277077
57532,,5000,,,,277084
57533,,,,1500,,277109
57534,,5000,,,,277108
57535,,,,1500,,277113
57536,,5000,,,,277133
57537,,5000,,,,277140
57538,,1000,,,,276819
57539,,1000,,,,276821
57540,,20000,120000,,,277185
57541,,,1500,,,277188
57542,,20000,120000,,,277179
57543,,,,1500,,277193
57544,,,,1500,,277195
57545,,3000,,,,277199
57546,,3000,,,,277201
57547,,2000,,,,277203
57548,,3000,,1500,,277204
57549,,2000,,,,277208
57550,,2000,,,,277216
57551,,,,1500,,277221
57552,,,2000,,,277228
57553,,,1500,,,277251
57556,,,30000,,,270163
57557,,,15000,,,270020
57559,,,5000,,,277286
57560,,,5000,,,277287
57561,,,30000,,,277288
57563,,5000,,,,277310
57564,,6000,,,,277315
57565,,8000,,,,277365
57566,,3000,,,,277366
57567,,2000,,,,277395
57568,,,5000,,,277412
57569,,,5000,,,277413
57570,,,5000,,,277419
57571,,3000,,,,277424
57572,,3000,,,,277403
57573,,,5000,,,277442
57574,,,2000,,,277455
57575,,,,1500,,277461
57576,,2000,,,,277464
57577,,3000,,,,277468
57578,,3000,,,,277471
57579,,3000,,,,277478
57580,,2000,,,,277480
57581,,3000,,,,277481
57582,,8000,,,,277483
57583,,3000,,,,277486
57584,,4000,,,,277495
57585,,3000,,,,277482
57586,,2000,,,,277491
57587,,2000,,,,277505
57588,,4000,,,,277511
57590,,15000,,,,277498
57591,,,1000,,,277396
57592,,,8000,1500,,277520
57593,,6000,,,,277521
57594,,5000,,,,277523
57595,,3000,,,,277524
57596,,3000,,,,277525
57597,,3000,,,,277536
57599,,3000,,,,277541
57600,,3000,,,,277571
57601,,3000,,,,277585
57602,,3000,,,,277592
57603,,3000,,,,277593
57604,,3000,,,,277595
57605,,3000,,,,277599
57606,,15000,,,,277600
57607,,3000,,,,277603
57608,,20000,120000,,,268523
57609,,6000,,,,277608
57611,,,,1500,,277611
57613,,20000,120000,,,268550
57614,,20000,90000,,,268544
57615,,,,1500,,277621
57616,,3000,,,,277623
57617,,20000,60000,,,273942
57618,,5000,,,,277633
57619,,20000,120000,,,273955
57620,,2000,,,,277637
57621,,20000,90000,,,273935
57623,,3000,,,,277648
57624,,20000,60000,,,268553
57626,,3000,,,,277659
57627,,3000,,,,277661
57628,,,2000,,,277684
57629,,,10000,,,260787
57630,,,10000,,,277704
57633,,5000,,,,277597
57634,,,,1500,,277743
57635,,,10000,,,277747
57636,,,10000,,,277749
57637,,,10000,,,277755
57638,,30000,,1500,,277778
57639,,30000,,1500,,277780
57640,,30000,,1500,,277784
57641,,30000,,1500,,277785
57642,,,,1500,,277787
57643,,,,1500,,277788
57645,,,,1500,,277792
57646,,,,1500,,277793
57647,,10000,,,,277774
57648,,2000,,,,277826
57649,,3000,,,,277922
57650,,,60000,1000,,277925
57651,,10000,,,,277742
57652,,8000,,,,269827
57653,,6000,,,,267795
57654,,6000,,,,267945
57657,,,1500,,,277946
57658,,,10000,,,277952
57659,,,3600000,,,277955
57660,,,3600000,,,277956
57661,,10000,,,,277973
57662,,,10000,,,277982
57663,,,2000,,,277998
57664,,,10000,,,278011
57665,,5000,,,,278012
57668,,4000,,,,278027
57669,,6000,,,,278040
57670,,,1000,,,278042
57671,,2000,,,,278045
57672,,3000,,,,278049
57674,,5000,,,,278072
57675,,5000,,,,278080
57676,,20000,90000,,,278081
57677,,,45000,1500,,278082
57681,,,,1500,,278117
57682,,3000,,,,278139
57685,,6000,,,,278205
57687,,3000,,,,278235
57688,,,1000,,,278236
57689,,,,1500,,278244
57690,,,2000,,,278264
57691,,6000,,,,278311
57692,,5000,,,,278324
57693,,3000,,,,256851
57694,,,10000,1500,,278326
57696,,,30000,1500,,278350
57697,,,12000,,,278320
57698,,3000,,,,278397
57699,,,2000,,,278481
57700,,180000,,,,278499
57701,,300000,,1500,,278512
57702,,300000,,,,278517
57703,,,5000,,,278549
57705,,,,1500,,278559
57706,,,60000,1000,,278588
57707,,3000,,,,278595
57708,,6000,,,,278720
57710,,12000,,,,278742
57711,,3000,,,,278772
57712,,5000,,,,278837
57713,,5000,,,,278825
57714,,5000,,,,278799
57715,,,1500,,,278858
57716,,1500,,,,278872
57717,,1500,,,,278879
57718,,8000,,,,278887
57719,,1000,,,,278913
57720,,,2000,,,278945
57721,,6000,,1500,,278977
57722,,6000,,1500,,278978
57723,,,500,,,278987
57724,,3000,,,,279007
57726,,,2000,,,279019
57727,,,2000,,,279026
57728,,1800000,,1500,,279066
57729,,300000,,,,279076
57730,,300000,,,,279077
57732,,,300000,,,279083
57733,,,5000,,,279089
57735,,,5000,,,279100
57736,,3000,,,,279118
57737,,,,1500,,279129
57738,,10000,,,,279132
57739,,,,1500,,279134
57740,,,8000,1500,,279136
57741,,,15000,1500,,279139
57742,,,1000,1000,,279146
57743,,1000,,,,279151
57744,,1000,,,,279152
57745,,1000,,,,279153
57746,,1000,,,,279154
57747,,,,1500,,279171
57748,,,2000,,,279179
57749,,2000,,,,279191
57750,,,,1500,,279205
57751,,,,1500,,279206
57752,,,,1500,,279207
57753,,,,1500,,279208
57754,,,,1500,,279209
57755,,,,1500,,279210
57756,,,,1500,,279211
57757,,,,1500,,279212
57758,,,,1500,,279213
57759,,,,1500,,279214
57760,,,,1500,,279215
57761,,,,1500,,279216
57762,,,,1500,,279217
57763,,,,1500,,279218
57764,,,,1500,,279219
57765,,,,1500,,279220
57766,,,,1500,,279221
57767,,,,1500,,279224
57768,,,,1500,,279225
57769,,,,1500,,279226
57770,,,,1500,,279227
57771,,,,1500,,279228
57772,,,,1500,,279230
57773,,,,1500,,279231
57774,,,,1500,,279232
57775,,,,1500,,279233
57776,,,,1500,,279234
57777,,,2000,,,279248
57778,,,2000,,,279267
57779,,,90000,1500,,279302
57780,,,90000,,,279336
57781,,,,1500,,279359
57782,,,,1500,,279361
57783,,,6000,,,279362
57784,,60000,60000,,,279363
57785,,,,1500,,279365
57786,,,,1500,,279368
57787,,,,1500,,279371
57788,,,,1500,,279372
57791,,,60000,,,279410
57792,,,,1500,,279433
57793,,,,1500,,279435
57794,,,,1500,,279439
57795,,,2000,,,279445
57796,,,2000,,,279446
57797,,,,1500,,279473
57798,,,2000,,,279477
57799,,,2000,,,279497
57800,,,60000,,,279486
57801,,,10000,,,279508
57802,,,2000,,,279521
57803,,180000,180000,1000,,279526
57804,,5000,5000,,,279529
57805,,1500,,,,279531
57806,,2000,,,,279538
57807,,,3600000,,,279509
57808,,2000,,,,279544
57809,,,3600000,,,279545
57810,,2000,,,,279546
57811,,3000,,,,279547
57812,,,,1500,,279550
57813,,20000,90000,,,278227
57814,,3000,,,,279554
57815,,20000,60000,,,278231
57816,,20000,120000,,,278385
57817,,2000,1000,,,279567
57818,,2000,,,,279565
57820,,,,1500,,279576
57821,,20000,88000,,,278383
57822,,20000,105000,,,278260
57823,,20000,60000,,,278267
57824,,20000,120000,,,278317
57825,,20000,90000,,,278869
57826,,20000,120000,,,278806
57827,,20000,105000,,,278819
57828,,20000,105000,,,278364
57829,,,,1500,,279631
57831,,,,1500,,279638
57832,,,,1500,,279643
57833,,,120000,,,278159
57834,,,,1500,,279657
57836,,,10000,,,279655
57837,,,2400,,,279664
57838,,,2000,5000,,265510
57839,,,,1500,,279686
57840,,5000,,,,279697
57841,,,,1500,,279723
57842,,,,1500,,279724
57843,,3000,,,,7978
57844,,5000,,,,279736
57845,,1800000,,1500,,279741
57846,,4000,,,,279761
57847,,,5000,,,279769
57848,,3000,,,,279788
57849,,1500,6000,,,279818
57850,,1500,10000,,,279821
57852,,1500,,,,279824
57855,,,,1000,,274027
57856,,,,1000,,279903
57857,,4000,,,,256494
57858,,,,1500,,279929
57859,,,,1500,,279930
57860,,3000,,,,279946
57861,,3000,,,,279947
57862,,4000,,,,279954
57863,,2000,,,,268642
57864,,5000,,,,279989
57865,,1500,,,,279992
57866,,,60000,,,279966
57867,,,10000,,,280004
57868,,,10000,,,280005
57869,,,10000,,,280006
57870,,2000,,,,280031
57871,,,5000,,,280042
57875,,2000,,,,257882
57876,,,,6000,,276068
57877,,,10000,,,280067
57878,,,10000,,,280068
57879,,,60000,,,280074
57880,,,10000,,,280077
57881,,,10000,,,280078
57882,,,10000,,,280079
57884,,,300000,,,280084
57886,,8000,,,,280109
57887,,,3000,,,280111
57888,,,6000,,,280113
57889,,,45000,,,280115
57890,,,60000,,,280117
57891,,3000,,,,280119
57892,,,500,,,280120
57893,,,600000,,,280121
57894,,,,1500,,280122
57895,,3000,,,,214794
57896,,,10000,,,259144
57897,,,30000,,,280134
57899,,2000,,,,280148
57900,,5000,,,,271731
57901,,2000,,,,280154
57902,,,30000,,,228318
57903,,,,1500,,280157
57904,,,,1500,,280185
57905,,,,1500,,280188
57906,,,3000,,,280193
57907,,,1500,,,280216
57908,,,3500,,,280239
57909,,,12000,,,280264
57910,,1000,12000,,,280265
57911,,,1000,,,280277
57912,,,1000,,,280278
57913,,1000,,1500,,280280
57914,,3000,,,,280302
57915,,,,1500,,280316
57916,,,,1000,,280321
57917,,,,1500,,280331
57918,,,,1500,,280332
57919,,,,1500,,280333
57920,,,,1500,,280334
57921,,,,1500,,280335
57922,,,,1500,,280336
57923,,,,1500,,280337
57924,,,,1500,,280338
57925,,,6000,,,274450
57928,,,12000,,,280437
57929,,,,1500,,280439
57930,,480000,480000,1500,,280440
57931,,3000,,,,280434
57932,,3000,,,,280422
57933,,3000,,,,280487
57934,,,3000,,,280488
57935,,1500,,,,280497
57936,,,,1500,,280524
57937,,,10000,,,280529
57938,,,500,,,267134
57946,,,30000,,,280431
57948,,,1500,,,280611
57949,,,6000,,,280613
57950,,,,1500,,280617
57951,,,,1500,,280618
57952,,,,1500,,280619
57955,,1500,,,,280622
57956,,,2000,,,280637
57959,,,,1000,,280719
57960,,,,1500,,280727
57961,,,,1500,,280728
57962,,,4500,1500,,280735
57963,,,45000,,,280744
57966,,,30000,1500,,280772
57967,,,10000,,,271011
57968,,,60000,,,280775
57973,,,,1500,,280941
57974,,6000,,,,271296
57975,,,250,,,263604
57976,,,6000,1500,,281000
57978,40,,2000,,,267253
57979,39,,4000,,,267253
57980,40,,1500,,,262907
57981,39,,3000,,,262907
57982,,,8000,,,82841
57985,,,1000,,,278969
57986,,,1500,,,278992
57987,,,,1500,,281151
57988,,,6000,,,277387
57991,,,600000,,,281181
57992,,180000,180000,,,281195
57993,,,,1500,,251902
57994,,,1000,,,281236
57995,,,10000,,,281258
57996,,,600000,,,281266
57997,,300000,,,,281286
57999,,,3600000,1500,,281288
58002,,,3600000,,,281298
58004,,,3600000,,,281302
58005,,,3600000,,,281303
58006,,,1500,,,281306
58007,,,2000,,,247045
58009,,,30000,,,262010
58010,,,30000,,,258737
58011,,,60000,1500,,281400
58013,,,60000,1500,,281402
58014,,,,1500,,281403
58015,,,,1500,,281404
58018,,500,,,,281442
58020,,,6000,1500,,281491
58021,,,2000,,,259726
58022,,,8000,,,269090
58023,,,8000,,,278621
58024,,,10000,,,278660
58025,,,12000,,,263103
58026,,,,1500,,281542
58027,,20000,120000,,,281543
58029,,,4000,,,262266
58030,,,10000,,,268865
58033,,,3000,,,268185
58034,,,3000,,,280604
58035,,3000,,,,262092
58036,,,4000,,,276304
58038,,,4000,,,258674
58039,,,20000,,,263066
58040,,,12000,,,268791
58041,,,,1500,,281560
58042,,1000,1000,1000,,199579
58043,,,3000,,,260135
58044,,,6000,,,263215
58045,,,,1500,,273279
58047,,,5000,,,264046
58049,,,1000,,,281718
58051,,,300000,,,281788
58057,,20000,90000,,,277187
58061,,,5000,,,281876
58062,,,,1500,,281878
58066,,,,1000,,281900
58067,,1500,5000,,,281902
58069,,,,1500,,281912
58071,,,4000,,,281925
58072,,,3000,,,281944
58076,,,900000,,,281954
58077,,,6000,1500,,281955
58078,,,,1500,,281957
58079,,,1800000,,,279063
58081,,,1500,,,282024
58082,,,15000,,,282065
58083,,,10000,1500,,282071
58084,,,,1500,,282069
58085,,3000,,,,282078
58086,,3000,,,,282092
58088,,,15000,500,,282126
58089,,,5000,1500,,282128
58090,,20000,120000,,,282131
58091,,,3000,1500,,282134
58092,,3000,,,,282135
58093,,10000,,,,282137
58094,,,6000,1500,,282123
58095,,10000,,,,282138
58096,,,15000,1500,,282140
58097,,10000,,,,282145
58099,,15000,,,,282151
58100,,,7000,1500,,282152
58101,,,,1500,,282160
58103,,,30000,1500,,282200
58104,,,4000,500,,282206
58105,,,7000,1500,,282211
58106,,,9000,1500,,282214
58107,,15000,,,,282220
58108,,,3000,1500,,282222
58109,,,120000,1500,,282225
58110,,,1000,,,282238
58111,,,,1500,,282249
58112,,,3000,1500,,282263
58113,,,10000,1500,,282285
58114,,,20000,1000,,282293
58116,,,15000,,,282315
58117,,,,1500,,282316
58118,,,15000,1500,,282354
58119,,,60000,,,282149
58120,,,,2000,,282364
58121,,,4000,,,282435
58122,,,,1500,,282484
58124,,,10000,1500,,282495
58125,,120000,,,,282502
58126,,,,60000,,282506
58127,,,15000,,,282507
58128,,,,1500,,282510
58129,,,50,,,282537
58130,,5000,,,,282538
58134,,,1000,,,282612
58135,,6000,,,,282486
58136,,,30000,1500,,282626
58137,,4000,,,,282463
58138,,3000,,,,282424
58139,,4000,,,,282404
58140,,,10000,,,282692
58141,,,30000,,,247677
58142,,,,1000,,282710
58145,,,5000,,,281906
58146,,,,1500,,282763
58147,,,10000,,,282766
58148,,,4000,,,282768
58149,,,18000,1500,,282770
58150,,,,1500,,282777
58151,,,,1500,,282798
58152,,120000,,,,282824
58153,,,10000,,,282826
58154,,,12000,,,282832
58155,,,20000,,,282833
58156,,,20000,,,282835
58158,,,5000,,,275677
58159,,,25000,1500,,282940
58160,,2000,,,,282179
58161,,,,8000,,281940
58162,,,5000,,,282974
58165,,,2000,1500,,283006
58166,,120000,120000,1500,,283038
58167,,,10000,,,283044
58169,,,10000,,,283082
58170,,,,1500,,283127
58171,,,,1500,,283129
58172,,,10000,,,283130
58173,,,4000,,,283136
58174,,,5000,1500,,283140
58175,,,,1000,,283165
58176,,120000,,,,42292
58177,,120000,,,,283167
58178,,,1500,,,283186
58179,,,5000,,,283187
58180,,,7000,,,283189
58181,,3000,,,,283193
58183,,,500,,,283216
58185,,,,1500,,283234
58187,,,30000,1500,,283258
58188,,,1500,,,283295
58189,,,1500,,,283296
58190,,,1500,,,283297
58192,,,5000,,,283314
58193,,,2000,,,283309
58194,,,1000,,,283330
58195,,,1000,,,283354
58196,,,1000,,,283364
58197,,,1000,,,283365
58198,,,3000,,,283353
58199,,,,1500,,283368
58200,,,250,,,283362
58201,,,,1500,,283386
58202,,,1500,,,283387
58203,,,60000,,,283388
58204,,,1500,,,283389
58205,,,3000,,,283391
58206,,,60000,,,283392
58207,,,60000,,,283393
58208,,,20000,1500,,283407
58209,,,5500,1500,,283410
58210,,,,1000,,283412
58211,,,3000,1500,,283419
58213,,,15000,,,283423
58214,,,,1500,,283424
58215,,,9000,1500,,283426
58216,,,30000,1500,,283429
58217,,,90000,1500,,283433
58218,,10000,,,,282446
58219,,,120000,,,283455
58220,,15000,,,,283490
58221,,,6000,1500,,283498
58222,,10000,,,,283508
58223,,,1500,,,283372
58224,,,,1500,,283517
58225,,,8000,1500,,283520
58226,,,,1500,,283525
58227,,,,1500,,283527
58228,,,3000,1500,,283556
58229,,,3000,1500,,283558
58230,,,20000,1500,,283559
58231,,,11000,1000,,283576
58232,,,8000,1500,,283578
58233,,,10000,1500,,283580
58234,,,2800,1500,,283584
58235,,,,1500,,283585
58236,,15000,,,,283616
58237,,60000,,1500,,283618
58238,,,210000,,,283627
58239,,420000,,,,283630
58240,,,,1500,,283634
58241,,,2000,,,283652
58243,,2000,,,,282074
58245,,2000,,,,283628
58246,,1000,,,,283626
58247,,8000,,,,283654
58248,,,,1000,,283655
58249,,,,1000,,283658
58250,,20000,,1000,,283661
58251,,,8000,1500,,283625
58252,,,8000,1500,,283621
58253,,,,1000,,283667
58254,,,,1000,,283668
58255,,,30000,1000,,283672
58256,,60000,,,,283673
58257,,,,1000,,283676
58258,,,800,,,283677
58259,,,15000,,,283681
58260,,,15000,1500,,283683
58262,,,6000,1500,,283688
58263,,,,1500,,283695
58264,,,1000,,,283697
58265,,,,1000,,283699
58266,,,,1000,,283708
58267,,,1500,,,283718
58268,,,,1000,,283719
58269,,,7000,1000,,283720
58270,,,,1500,,283740
58271,,,,1500,,283741
58272,,,,1500,,283744
58273,,,1000,,,283745
58274,,,6000,,,283752
58275,,,1500,,,283759
58276,,,90000,,,283762
58277,,,,1000,,283768
58278,,,3000,1000,,283770
58279,,,10000,1000,,283771
58280,,,,1000,,283772
58281,,,20000,1000,,283773
58282,,,15000,,,283774
58283,,,2000,1500,,283775
58284,,,15000,1000,,283776
58285,,,,1500,,283829
58286,,,10000,1500,,283833
58287,,,30000,1500,,283834
58289,,,,1500,,283837
58290,,,3000,,,283840
58291,,5000,,,,283880
58292,,4000,,,,283889
58293,,,1000,,,283890
58294,,7000,,,,283900
58297,,5000,,,,283921
58301,,120000,120000,,,258257
58303,,2000,,,,283953
58304,,3000,,,,283956
58305,,,,1500,,283971
58306,,,,1500,,283972
58307,,,,1500,,283973
58308,,,,1500,,283974
58309,,4000,,,,284051
58310,,5000,,,,284052
58311,,,,1000,,284059
58314,,,5000,1500,,284217
58315,,,,1500,,284218
58316,,1500,15000,,,282499
58317,,1500,60000,,,282500
58318,,,,1500,,284223
58319,,,,1500,,284226
58320,,,5500,1500,,284228
58321,,,,1500,,284256
58322,,,60000,1500,,284260
58323,,,5000,1500,,284264
58324,,,1000,,,251746
58325,,,10000,1500,,284279
58326,,,30000,1500,,284284
58327,,,10000,,,284306
58328,,,45000,1500,,284341
58331,,,20000,1500,,284347
58332,,,6000,,,284351
58333,,,10000,1500,,284354
58334,,,900000,,,284357
58335,,,60000,,,284378
58336,,,6000,1500,,284381
58337,,,,1500,,284401
58338,,,,1500,,284402
58339,,,,1500,,284409
58340,,,20000,1500,,284411
58341,,,,1500,,284414
58342,,,,1500,,284430
58343,,,,1500,,284439
58345,,,,1500,,284471
58346,,60000,,1500,,284485
58347,,,15000,,,284501
58348,,,3000,,,284502
58349,,,50,,,284503
58350,,,90000,1500,,284506
58351,,1000,,,,277149
58352,,1000,,,,277151
58353,,1000,,,,277152
58354,,1000,,,,277153
58355,,1000,,,,277154
58356,,1000,,,,277157
58357,,1000,,,,277158
58358,,1000,,,,278587
58359,,1000,,,,278589
58360,,1000,,,,278591
58361,,1000,,,,278607
58362,,1000,,,,278610
58363,,1000,,,,278612
58366,,,1500,,,284562
58368,,,500,,,284576
58369,,,1500,,,284606
58370,,,1500,,,284607
58371,,4000,,1500,,284610
58372,,,8000,,,284590
58376,,,,1300,,284703
58379,,,15000,1500,,282087
58381,,,10000,,,284720
58383,,,45000,1300,,284752
58384,,,,1500,,284786
58385,,,60000,1500,,284796
58386,,,5000,1500,,284797
58387,,,,1500,,284813
58388,,,,1300,,284840
58389,,,,1300,,284858
58390,,,,1300,,284871
58391,,,,1500,,284874
58392,,,10000,1300,,284877
58393,,,30000,1300,,284879
58394,,,25000,1500,,284882
58396,,3000,,,,284945
58397,,,8000,1300,,284968
58398,,,500,,,284977
58399,,,500,,,284979
58400,,,12000,,,285012
58401,,,5000,,,285052
58402,,,7000,1300,,285120
58403,,,,1500,,285135
58404,,,3000,,,285138
58405,,,,1500,,285141
58406,,,,1500,,285148
58407,,,120000,1500,,285165
58408,,1000,,,,285166
58409,,,500,,,285167
58410,,6000,,,,285177
58411,,1000,,,,285186
58412,,,60000,,,282351
58413,,,1000,,,285204
58414,,,60000,,,285206
58415,,,,1500,,285228
58416,,,,1500,,285230
58417,,,,1500,,285232
58418,,,3000,,,285237
58419,,,,1000,,285239
58420,,,45000,1500,,285266
58421,,,60000,1500,,285267
58422,,,45000,1500,,285270
58423,,,90000,1000,,285272
58424,,,3000,,,285276
58425,,1500,5000,,,285284
58426,,,3000,,,285285
58427,,,15000,1500,,285290
58429,,,10000,,,285306
58430,,,,1500,,285311
58431,,,10000,,,285320
58437,,,1000,,,283434
58438,,,,1500,,285362
58440,,,,1000,,285381
58442,,,,1500,,285424
58443,,,10000,,,285343
58445,,,1000,,,285474
58446,,3000,,,,285459
58448,,,1000,,,285512
58449,,,,1500,,285572
58450,,,2000,,,280076
58451,,,5000,,,285579
58452,,800,,,,285581
58453,,,20000,,,285585
58454,,,30000,1500,,285643
58455,,,30000,1500,,285655
58457,,,,1500,,285680
58458,,,,1500,,285681
58460,,4000,,,,285704
58461,,,,1500,,285706
58462,,,10000,1500,,285722
58463,,,5000,,,285724
58464,,6000,,,,285726
58465,,6000,,,,285727
58466,,1500,,,,285730
58467,,,,1500,,285691
58468,,1000,,,,285759
58469,,,10000,,,285801
58472,,,,1500,,285843
58473,,,2000,,,285877
58474,,3000,,,,285878
58475,,1000,,,,285880
58476,,1000,,,,285881
58477,,,3000,,,285915
58478,,,3000,,,285921
58479,,13000,,,,282082
58480,,,1000,,,285928
58481,,,,1500,,285930
58482,,,,1500,,285931
58483,,,,1500,,285933
58484,,1000,,,,285962
58485,,,2000,,,285965
58488,,3000,,,,285416
58489,,3000,,,,285376
58491,,3000,,,,285453
58492,,,4000,1000,,286010
58493,,,,1500,,286031
58494,,,8000,1000,,286032
58495,,,,1500,,286043
58496,,,,1500,,286044
58497,,,,1500,,286045
58498,,,5000,1000,,286046
58499,,,,1500,,286048
58500,,,,1500,,286052
58501,,,,1500,,286053
58502,,,2000,1000,,286054
58503,,,5000,1000,,286056
58504,,,4000,1000,,286057
58505,,,4000,1000,,286058
58506,,,8000,1000,,286061
58507,,,8000,1000,,286062
58508,,,2000,1000,,286063
58509,,,2000,1000,,286064
58510,,20000,60000,,,285475
58511,,20000,90000,,,285482
58512,,20000,60000,,,285489
58513,,,10000,,,286099
58514,,,,1500,,285660
58515,,,,5000,,281936
58522,,,,1500,,286145
58523,,3000,,,,286165
58524,,,2000,,,286166
58525,,,,1000,,286178
58526,,,20000,1500,,286242
58527,,,20000,1500,,286244
58528,,,20000,1500,,286245
58529,,3000,,,,286263
58530,,3000,,,,286267
58531,,,,1500,,286270
58532,,,,1500,,286271
58533,,2000,,,,286296
58534,,,1500,,,286298
58535,,2000,,,,286313
58536,,,5000,1000,,286318
58537,,2000,,,,282543
58538,,,1000,,,286330
58539,,,,1500,,286331
58540,,,,1500,,286353
58541,,1000,,,,286355
58542,,,2000,,,286356
58543,,20000,120000,1500,,286348
58546,,3000,,,,286371
58547,,,,1000,,286378
58548,,,20000,,,286377
58550,,1000,,,,286412
58551,,,2000,,,286414
58552,,,4000,,,286432
58553,,,,1500,,286435
58556,,8000,,,,286450
58557,,,60000,,,286419
58558,,,,5000,,282399
58559,,,12000,,,286461
58560,,,,1500,,286474
58561,,,5000,1000,,286140
58562,,,5000,1000,,286250
58563,,,5000,1000,,286249
58564,,,,1500,,286482
58565,,,,1500,,286483
58566,,,,1500,,286484
58567,,,1500,,,286505
58568,,8000,,,,286509
58569,,,,1500,,286514
58570,,,,1500,,286519
58576,,1000,,,,286547
58579,,,,1000,,286559
58580,,2000,,,,286560
58581,,,1000,,,286564
58585,,,,1500,,286574
58586,,,,1500,,286576
58587,,,,1500,,286582
58588,,,,1500,,286635
58589,,,,1500,,286637
58590,,,8000,,,286658
58591,,,6000,,,286667
58592,,1000,,,,286668
58593,,,2000,,,286670
58595,,2000,,,,285590
58596,,,3000,,,286699
58597,,,3000,,,286696
58598,,,3000,,,284722
58599,,,3000,,,284583
58600,,,3000,,,284772
58601,,,6000,1500,,286711
58603,,,3000,,,286755
58604,,1000,,,,286756
58605,,,2000,,,286757
58606,,,3000,,,286771
58607,,5000,,,,285972
58610,,,,1500,,286788
58611,,,,1500,,286790
58612,,,,1500,,286792
58613,,,,1500,,286793
58614,,,,1500,,286794
58615,,,,1500,,286795
58616,,,,1500,,286796
58617,,,,1500,,286797
58618,,,,1500,,286798
58623,,,,1500,,286830
58624,,,,1500,,286837
58628,,,6000,,,286991
58629,,,250,,,286997
58630,,,1000,,,286998
58632,,3000,,,,287026
58633,,1000,,,,287028
58634,,,2000,,,287033
58635,,1000,,,,287034
58636,,1000,,,,287036
58637,,,5000,1000,,287045
58638,,,10000,1000,,287049
58639,,,3000,,,282369
58640,,,5000,,,287052
58641,,,3000,,,282366
58644,,,3600000,,,287080
58645,,,60000,,,287081
58646,,,90000,1500,,287084
58647,,1000,,,,287113
58648,,,2000,,,287115
58649,,,15000,1000,,287118
58650,,3000,,,,287124
58651,,,,1000,,287130
58652,,,30000,,,287172
58653,,,1000,,,287201
58654,,,,1000,,287209
58656,,1000,,,,287238
58657,,1000,,,,287239
58658,,,10000,,,287150
58659,,,60000,,,287353
58660,,,3000,,,287404
58661,,,1000,,,287369
58663,,,1500,,,287445
58664,,,1500,,,287452
58665,,,6000,,,287464
58667,,,6000,,,287370
58668,,,10000,,,287371
58669,,,1500,,,287481
58670,,,5000,,,287498
58671,,3000,,,,287505
58672,,,15000,,,287507
58673,,,20000,,,287509
58674,,,16000,,,287511
58675,,,4000,,,287528
58676,,,10000,,,287519
58677,,4000,,,,287537
58678,,3000,,,,287542
58679,,6000,,,,287549
58680,,,1500,,,287562
58682,,20000,120000,,,287568
58683,,1500,,,,287582
58684,,,45000,1000,,287606
58685,,3000,,,,287626
58686,,,1000,,,287634
58690,,1500,,,,287667
58691,,1500,,,,287670
58692,,1500,,,,287671
58694,,1500,,,,287675
58695,,1500,,,,287676
58696,,1500,,,,287677
58697,,1500,,,,287678
58699,,1500,,,,287679
58700,,1500,,,,287680
58701,,,8000,,,287696
58702,,,12000,,,287697
58703,,,5000,,,287708
58704,,,150000,1500,,287712
58705,,,5000,,,283374
58706,,,10000,1000,,287771
58708,,,60000,,,287792
58711,,1000,,,,287882
58712,,,8000,,,287794
58713,,,500,,,287897
58714,,,500,,,287926
58715,,,5000,,,287895
58716,,3000,,,,287931
58717,,,,1000,,287947
58719,,,10000,1500,,287970
58720,,,30000,1500,,287972
58721,,,90000,,,287917
58722,,,5000,,,283264
58723,,,,1000,,287974
58724,,,3000,,,287988
58725,,5000,,,,287991
58726,,,,1500,,287996
58727,,,,1500,,287997
58728,,20000,120000,,,287999
58729,,,,1500,,288006
58730,,,,1500,,288009
58732,,15000,,,,288035
58733,,,24000,,,288047
58734,,,,1500,,288054
58736,,1500,,,,288119
58737,,,10000,,,288115
58738,,,1500,,,288143
58739,,,12000,,,288145
58740,,,120000,,,288045
58741,,,90000,,,288156
58742,,20000,90000,,,288173
58743,,,1000,,,288186
58745,,,1000,,,288193
58747,,,1500,,,288240
58749,,,60000,,,288272
58750,,,,1500,,288273
58751,,,5000,,,288277
58752,,,12000,,,288279
58753,,,3000,,,288256
58754,,,90000,,,288283
58755,,3000,,,,286275
58756,,3000,,,,288301
58757,,7000,,,,288306
58758,,3000,,,,288319
58759,,1000,,,,288320
58760,,1000,,,,288321
58762,,,3000,,,288338
58763,,6000,,,,288368
58764,,,10000,,,288378
58765,,,1000,,,288386
58766,,,1200000,,,288329
58767,,,1200000,,,288391
58769,,4000,,,,288482
58770,,,,1500,,288486
58771,,,600000,,,288490
58772,,,3000,,,288511
58773,,,1000,,,288513
58774,,3000,,,,288517
58775,,,5000,,,288519
58777,,,,1500,,288537
58779,,,5000,,,288547
58787,,,,1000,,288491
58788,,3000,,,,288569
58789,,,3000,,,288575
58790,,,3000,,,288578
58791,,,,1500,,288582
58793,,,,1500,,288592
58794,,,,1500,,288595
58795,,,,1500,,288597
58796,,,,1500,,288598
58797,,,,1500,,288599
58798,,,,1500,,288600
58799,,,,1500,,288601
58800,,,,1500,,288602
58801,,,45000,1500,,288606
58803,,,120000,,,288613
58804,,,10000,,,288643
58806,,,5000,,,288678
58807,,,5000,,,282988
58808,,3000,,,,288699
58809,,5000,,,,288705
58810,,,,1500,,288706
58812,,,120000,,,286342
58813,,,120000,,,288756
58814,,,,1500,,288758
58815,,6000,,1500,,288765
58816,,8000,,,,288769
58817,,,,1000,,288774
58821,,2000,,,,288813
58822,,,1000,,,288824
58823,,,1000,,,288825
58824,,,,1500,,288827
58825,,,15000,,,288828
58826,,,10000,1500,,288829
58827,,,8000,,,288832
58830,,,,1500,,288867
58831,,,,1500,,288868
58832,,,,1500,,288870
58833,,,,1500,,288875
58834,,,,1500,,288877
58839,,,,1500,,288889
58840,,,,1500,,288890
58841,,,,1500,,288895
58842,,5000,,,,288899
58843,,,1000,,,190456
58844,,,,1500,,288910
58845,,5000,,,,288911
58846,,,,1500,,288914
58847,,,,1500,,288916
58848,,,,1500,,288918
58849,,,,1500,,288919
58850,,,10000,1500,,288944
58851,,,15000,,,288950
58852,,,10000,,,288952
58853,,,10000,,,288962
58854,,1000,,,,288969
58855,,,2000,,,288970
58856,,,45000,,,288977
58857,,,,1500,,289022
58858,,,8000,1500,,289026
58859,,,900000,,,289052
58860,,,900000,,,289054
58861,,,,1500,,289065
58862,,,6000,1500,,289072
58863,,,8000,1500,,289073
58864,,,15000,1500,,289074
58865,,3000,,,,289078
58866,,2000,,,,289084
58868,,,900000,,,289104
58869,,,900000,,,289106
58870,,,900000,,,289107
58871,,,900000,,,289108
58872,,,900000,,,289109
58873,,,900000,,,289110
58874,,,900000,,,289111
58875,,,900000,,,289112
58876,,,900000,,,289113
58877,,,900000,,,289114
58878,,,900000,,,289115
58879,,,900000,,,289116
58880,,,900000,,,289117
58881,,,900000,,,289118
58882,,,900000,,,289119
58883,,,900000,,,289120
58884,,,900000,,,289121
58885,,,900000,,,289122
58886,,,900000,,,289123
58887,,,900000,,,289124
58888,,,900000,,,289126
58889,,1000,,,,289129
58890,,1000,,,,289139
58891,,,2000,,,289153
58892,,,6000,,,289103
58893,,,3600000,,,289184
58894,,,3000,,,289197
58895,,,180000,1500,,289198
58896,,,180000,1500,,289201
58897,,1000,,,,289252
58898,,1000,,,,289255
58899,,,500,,,289266
58900,,,5000,,,289269
58901,,,1800000,1500,,289283
58902,,,1800000,1500,,289284
58903,,1000,,,,289291
58906,,,90000,,,289350
58907,,,,1000,,289357
58908,,,,1500,,289359
58909,,,20000,,,289360
58910,,1000,,,,289365
58911,,1000,,,,289370
58912,,,12000,,,289372
58913,,5000,,,,289385
58914,,,20000,,,289417
58915,,,15000,,,289418
58916,,,20000,,,289420
58920,,,,1000,,289462
58921,,,1500,,,289480
58923,,1000,,,,289495
58924,,,2000,1500,,289496
58926,,,10000,,,287816
58927,,2000,,,,289518
58928,,20000,90000,1500,,289520
58929,,20000,90000,,,289521
58930,,8000,,,,289556
58931,,8000,,,,289568
58932,,,15000,,,289505
58933,,,,1500,,289576
58934,,3000,,,,289578
58935,,5000,,,,289585
58936,,,4000,,,289579
58937,,,8000,,,289582
58938,,,8000,,,289584
58939,,,8000,,,289583
58940,,,,1500,,289604
58941,,,,1500,,289605
58942,,,,1500,,289606
58943,,,3000,,,288871
58944,,,,1500,,289622
58945,,,,1500,,289629
58946,,,,1500,,289633
58947,,,12000,,,289649
58948,,,45000,1500,,289657
58949,,,12000,1500,,289666
58950,,,20000,,,289730
58951,,,20000,,,289733
58952,,,6000,,,289778
58953,,,8000,,,289777
58954,,3000,,,,289818
58955,,2000,,,,289820
58956,,,1000,,,289895
58957,,,1000,,,289896
58958,,,1000,,,289897
58959,,,1000,,,289898
58960,,1000,,,,285683
58961,,,,1000,,289922
58968,,,2000,2000,,289973
58969,,,180000,,,289976
58970,,,3000,,,289997
58971,,,3000,,,290004
58972,,,1000,,,290011
58973,,,3000,,,290012
58974,,,3000,,,290013
58975,,,8000,,,290029
58976,,,800,,,290035
58977,,3000,,,,290036
58978,,,500,,,290037
58979,,10000,60000,,,290046
58980,,,240000,1500,,290049
58981,,,2000,,,290067
58982,,20000,90000,1500,,289885
58983,,,3000,,,290091
58984,,,,1500,,290097
58985,,,10000,1500,,290099
58986,,,5000,,,290098
58987,,,30000,1500,,290105
58988,,,,1500,,290106
58989,,,,1500,,290108
58990,,,90000,,,290109
58991,,,60000,1500,,290110
58992,,,60000,1500,,290111
58993,,,,1500,,290112
58994,,,180000,,,290114
58995,,10000,,1000,,290138
58996,,10000,,1000,,290139
58997,,10000,,1000,,290140
58998,,10000,,1000,,290141
58999,,10000,,1000,,290142
59000,,10000,,1000,,290143
59001,,10000,,1000,,290144
59002,,10000,,1000,,290145
59003,,10000,,1000,,290146
59004,,10000,,1000,,290148
59005,,,,1500,,290154
59006,,3000,,,,285994
59007,,,500,,,290164
59011,17,13000,,,,282082
59012,16,13000,,,,282082
59013,15,15000,,,,282082
59014,14,12000,,,,282082
59015,,,7200000,,,290183
59017,,,60000,,,290219
59018,,,600000,,,290225
59020,,,,1500,,290272
59021,,,8500,1500,,290276
59022,,,,1500,,290278
59023,,,300000,,,290267
59024,,,300000,,,290247
59025,,,14000,1500,,290286
59026,,,20000,500,,290291
59027,,1000,,,,290293
59028,,,3600000,,,290280
59029,,,8500,1500,,290294
59030,,,30000,1500,,290296
59031,,,5000,250,,290322
59033,,,,1500,,284762
59034,,72000000,,1500,,290333
59035,,,30000,1500,,290364
59036,,60000,300000,,,290365
59037,,60000,60000,,,290367
59038,,,30000,1500,,290371
59039,,,60000,1500,,290372
59040,,,,1500,,290395
59041,,2000,,,,290402
59043,,,,1500,,290411
59045,,,,1500,,290415
59046,,,6000,1500,,290422
59047,,,4000,1500,,290423
59048,,,,1500,,290424
59049,,,,1500,,290428
59050,,,,1500,,290430
59051,,,5000,1500,,290435
59052,,30000,,1500,,290438
59053,,,12000,,,290439
59054,,,,1500,,290441
59055,,2000,2000,,,290462
59056,,,12000,,,290463
59057,,,,1500,,5019
59058,,,8000,,,290465
59059,,,5700,1000,,290487
59060,,,9000,,,290491
59061,,,14000,1500,,290492
59062,,,14000,1500,,290494
59063,,,6000,1500,,290496
59065,,,1000,,,148757
59066,,,1000,,,290504
59067,,,1000,,,290505
59070,,,60000,,,290525
59073,,,3000,1500,,290534
59074,,,5000,1500,,290538
59075,,,5000,1500,,290540
59076,,,6000,1500,,290541
59077,,5000,,,,290543
59078,,5000,,,,290546
59079,,,,1500,,290550
59082,,,15000,1500,,290564
59083,,,5000,,,290568
59084,,,3000,,,290560
59085,,3000,,,,290572
59086,,3000,,,,290573
59087,,3000,,,,290574
59088,,,15000,,,289913
59089,,,300000,,,290582
59090,,,300000,,,290583
59091,,,20000,,,290588
59095,,,25000,,,290600
59096,,,,1500,,290612
59098,,,30000,,,290628
59100,,,20000,,,290638
59102,,,15000,,,290643
59103,,,20000,1500,,290645
59104,,,10000,1500,,290646
59105,,,30000,,,290651
59106,,,5000,,,290687
59107,,,,1000,,290703
59108,,,600000,,,289531
59109,,5000,,,,290733
59110,,,,1000,,290750
59111,,,,1000,,290751
59112,,,3000,,,251899
59113,,,,1000,,290753
59114,,,,1500,,290754
59115,,1500,,,,290770
59116,,,60000,,,289558
59117,,,60000,,,289563
59118,,,60000,,,289608
59119,,,60000,,,289612
59120,,3000,,,,290776
59121,,,2000,,,290779
59122,,,2000,,,290755
59123,,,,1500,,290783
59124,,,,1500,,290784
59125,,,,1000,,290786
59126,,,1000,,,290789
59127,,,,1500,,290817
59128,,,10000,1500,,290819
59130,,,,1500,,286424
59131,,,10000,,,290822
59133,,,5000,,,264217
59135,,,500,,,291075
59138,,,30000,,,291083
59140,,,300000,,,291088
59141,,,300000,,,291097
59143,,,30000,,,291101
59144,,1000,,,,291110
59145,,1000,,,,291112
59146,,1000,,,,291114
59147,,1000,,,,291117
59148,,1000,,,,291119
59150,,,3600000,,,291147
59151,,,3600000,,,291148
59152,,,,1500,,291150
59153,,,120000,,,291170
59154,,,500,,,291192
59156,,,,1500,,291203
59157,,,,1500,,291214
59158,,,,1500,,291215
59159,,,,1000,,291221
59160,,,,1500,,291223
59161,,,8000,,,291230
59162,,,,1500,,291316
59163,,3000,,1500,,291318
59164,,,,1500,,291332
59165,,,,1500,,291334
59166,,,,1500,,291335
59167,,,,1500,,291336
59169,,,1500,1500,,291345
59170,,,,1500,,291343
59171,,,,1500,,291348
59172,,,,1500,,291349
59173,,,10000,1500,,291351
59174,,,2000,,,291353
59175,,,,1000,,291354
59176,,,,1000,,291355
59177,,,4000,1000,,291356
59178,,,,1500,,291363
59179,,500,1000,,,291364
59180,,,,1500,,291366
59181,,,7500,1500,,291367
59182,,2000,,,,291380
59183,,2000,,,,291382
59184,,,,1000,,291391
59185,,,5000,,,291433
59186,,,,1500,,291435
59188,,,1000,,,291448
59189,,,1000,,,291455
59190,,,1000,,,291457
59191,,,5000,,,291461
59192,,,,1500,,291463
59193,,,1500,,,291466
59194,,3000,,,,291480
59195,,3000,,,,291481
59196,,,120000,,,291486
59198,,,,1500,,291513
59199,,,,1500,,291515
59200,,,,1500,,291517
59201,,,,1500,,291533
59202,,,,1500,,291537
59203,,,,1500,,291547
59204,,,,1500,,291548
59205,,,,1500,,291549
59206,,,,1500,,291553
59207,,,,1500,,291556
59208,,,,1500,,291560
59209,,,,1500,,291561
59210,,,10000,,,291566
59215,,,1800000,,,291620
59216,,,30000,,,291809
59217,,,,1500,,291838
59218,,,,100,,291887
59219,,,1000,,,291888
59220,,,,100,,291905
59221,,,,100,,291906
59222,,,,100,,291907
59223,,,,100,,291909
59224,,,180000,1500,,291944
59225,,10000,,,,291967
59226,,,2000,1500,,292029
59227,,,120000,,,292028
59228,,750,,,,292057
59229,,750,,,,292058
59230,,1000,,,,292060
59231,,,5000,,,291961
59234,,,10000,1500,,292139
59235,,,30000,1500,,292140
59236,,,10000,1500,,292141
59237,,,30000,1500,,292142
59239,,60000,60000,,,292150
59240,,,180000,,,292152
59241,,30000,,1500,,292155
59242,,,90000,,,292158
59243,,,60000,1000,,292164
59244,,,120000,,,292169
59246,,,10000,,,271370
59247,,,30000,,,292187
59248,,1500,3000,,,292217
59249,,1500,3000,,,292220
59250,,60000,,,,292222
59251,,,60000,1500,,292224
59252,,1500,,,,292225
59253,,1500,,,,292223
59254,,1500,,,,292227
59255,,120000,,,,292230
59260,,,600000,,,292265
59261,,,120000,1500,,292266
59262,,,,1500,,292274
59263,,,,1500,,292275
59264,,1000,,,,292263
59266,,1000,,,,292287
59267,,,12000,1500,,292294
59268,,,1000,,,292291
59269,,,90000,,,292300
59270,,,45000,1500,,292306
59271,,,30000,,,290213
59273,,,,1500,,292349
59275,,,7000,,,292352
59276,,,5000,,,292353
59277,,,30000,,,292366
59278,,,3000,,,292367
59279,,,20000,1500,,292406
59280,,,30000,,,292408
59281,,,30000,,,292409
59282,,,30000,,,292410
59289,,,30000,,,292423
59290,,,30000,,,292424
59291,,,30000,,,292425
59292,,180000,,,,292427
59293,,120000,,1500,,292431
59294,,,,1500,,292449
59295,,,,1500,,285140
59296,,15000,,,,292490
59303,,,4000,,,292542
59304,,,,1500,,292569
59305,,,,1500,,292575
59306,,,5500,1500,,292576
59307,,,1000,,,292579
59308,,,5500,1500,,292587
59309,,,500,,,292592
59311,,15000,,,,292598
59312,,,15000,1500,,292600
59313,,,500,,,292601
59314,,,,1500,,292608
59315,,,6000,,,292609
59316,,,,1000,,292610
59317,,,,1000,,292624
59318,,,7000,1000,,292625
59319,,,,1000,,292626
59320,,,1000,,,292627
59321,,,90000,,,292628
59324,,,8000,1000,,292649
59325,,,,1500,,292659
59326,,,,1500,,292668
59327,,,,1500,,292669
59328,,,20000,,,292672
59329,,,,1500,,292673
59330,,,300000,,,292686
59331,,5000,10000,,,292691
59332,,,30000,,,292692
59333,,,,1500,,288395
59334,,,,1500,,292700
59335,,,5000,1500,,292701
59336,,,,1500,,292702
59337,,,1500,,,292703
59338,,,6000,1500,,292704
59339,,,,1500,,292711
59340,,,3000,,,292713
59341,,,10000,,,292733
59342,,,5000,1500,,292734
59343,,,,1500,,292742
59344,,432000000,,,,292752
59345,,,,1500,,292629
59347,,,,2000,,288619
59348,,,,9000,,288345
59349,,1000,,,,289940
59351,,,,1500,,292813
59353,,1000,12000,,,283124
59354,,1000,3000,,,283097
59355,,1000,12000,,,283183
59356,,1000,20000,,,283161
59357,,1000,3000,,,283125
59358,,1000,16000,,,283206
59359,,1000,20000,,,283080
59360,,1000,8000,,,283024
59361,,1000,11000,,,283067
59363,,3000,,,,292903
59365,,,5000,,,292918
59366,,,1000,,,292923
59367,,6000,,,,292926
59368,,6000,,,,292974
59371,,,,1500,,293017
59372,,,60000,,,293019
59373,,,120000,1000,,293020
59376,,,60000,1500,,293031
59377,,,150000,1500,,293032
59378,,2000,,,,293055
59380,,,30000,,,293066
59381,,,30000,,,293069
59382,,,,1500,,293072
59383,,,30000,,,293083
59387,,,15000,,,293097
59389,,,1000,1000,,293120
59394,,,12000,,,293171
59396,,,1000,,,293188
59397,,,,1000,,286152
59398,,,,1000,,286192
59399,,,,1000,,286215
59400,,,,1000,,286219
59401,,,,1000,,286226
59419,,,10000,,,293227
59425,,,30000,,,127757
59427,,,15000,,,293512
59429,,,10000,,,293480
59430,,,3000,,,293172
59431,,,6000,1500,,293547
59433,,3000,,,,293573
59434,,,10000,,,293599
59435,,2000,,,,293613
59441,,,3600000,,,293671
59444,,,6000,,,293714
59446,,,,1500,,293717
59450,,8000,,,,286427
59451,,15000,,,,282030
59452,,15000,,,,285818
59453,,,3000,,,293771
59454,,3000,,,,293776
59455,,,,1000,,293779
59456,,,,1000,,293780
59457,,,1000,,,293786
59458,,,60000,,,293795
59460,,,120000,,,293809
59461,,,120000,,,279924
59462,,,120000,,,293822
59463,,,,1500,,293840
59464,,60000,,1000,,293866
59465,,,60000,1500,,293887
59468,,,5000,1500,,293894
59469,,,3000,1500,,293895
59472,,,4000,,,293985
59475,,,,1500,,293994
59480,,8000,,,,294061
59482,,,10000,1500,,294072
59483,,,30000,,,294108
59484,,,,1500,,294133
59485,,,5000,,,288383
59486,,,5000,,,288686
59487,,,5000,,,288684
59488,,,5000,,,288685
59490,,,,1000,,294199
59491,,,,1500,,294206
59492,,,,1500,,294211
59493,,,,1500,,294231
59494,,,1000,,,294239
59496,,,,1500,,294274
59497,,,,1500,,294275
59498,,,,1500,,294276
59499,,,,1500,,294277
59500,,,,1500,,294278
59501,,,,1500,,294279
59502,,,,1500,,294280
59503,,45000,,1500,,294284
59504,,,,1500,,294288
59506,,,,1500,,294302
59507,,,4000,,,294335
59508,,,4000,,,294341
59509,,,8000,,,294342
59512,,,20000,,,294356
59513,,,,1500,,294362
59515,,180000,,,,294383
59516,,180000,,,,294384
59517,,,10000,,,287299
59518,,6000,,,,294401
59519,,,5000,,,294391
59520,,,12000,,,294448
59522,,,4000,,,294389
59523,,,3000,,,294485
59525,,3000,,,,294540
59526,,,3000,,,294353
59527,,5000,,,,294546
59528,,5000,,,,294543
59529,,5000,,,,294544
59530,,,,1500,,294572
59531,,,5000,,,294591
59532,,3000,15000,,,294575
59533,,,60000,,,294622
59534,,1000,,,,294625
59535,,1000,,,,294626
59536,,1000,,,,294627
59537,,3000,,,,294637
59538,,3000,,,,294643
59539,,,180000,,,294658
59540,,3000,18000,,,294665
59541,,3000,,,,158020
59542,,,,1500,,294666
59543,,,,1500,,294671
59544,,3000,,,,294667
59545,,,,1500,,294675
59546,,,,1500,,294678
59547,,,,1500,,294680
59548,,,,1500,,294702
59549,,,,1500,,294704
59550,,,,1500,,294705
59552,,,3600000,,,294703
59553,,,1000,,,294710
59554,,,5000,,,294722
59555,,,4000,,,294723
59556,,5000,,,,294731
59557,,2000,,,,294746
59558,,4000,15000,,,294864
59559,,4000,,,,294868
59560,,3000,,,,294882
59561,,3000,,,,294617
59562,,,30000,,,294895
59563,,,10000,,,294897
59564,,1000,,,,294876
59566,,8000,,,,294915
59567,,,150000,1500,,294926
59568,,4000,15000,,,294927
59569,,,5000,,,294934
59571,,,5000,,,294958
59572,,,1000,,,294982
59575,,3000,25000,,,295018
59576,,3000,,,,295009
59577,,3600000,,,,295037
59578,,3600000,,,,295042
59579,,,300,,,290642
59581,,,,1500,,295089
59582,,,,1500,,295101
59583,,,,1500,,295102
59585,,2000,,,,295144
59586,,,35000,,,295145
59587,,,8000,,,295151
59588,,3000,,,,293728
59589,,3000,,,,293938
59590,,2000,,,,295159
59591,,,90000,,,295193
59592,,,60000,1500,,295186
59593,,,1500,,,126182
59594,,,,1500,,295231
59595,,,15000,1300,,295236
59596,,,25000,1500,,295238
59597,,,20000,1500,,295240
59598,,,1000,,,295241
59599,,,90000,1500,,295258
59600,,,90000,1500,,295261
59604,,13000,,,,283551
59605,,,5000,1500,,295282
59606,,,,1500,,295283
59607,,,20000,1500,,295291
59610,,,10000,1500,,295304
59611,,,10000,1500,,295311
59612,,,,1500,,295320
59613,,,,1500,,295324
59614,,,3000,,,295328
59615,,,60000,1500,,295337
59621,,,,1500,,295373
59622,,,,1500,,295409
59623,,,30000,1500,,295411
59625,,3000,,,,294015
59627,,,10000,1500,,295418
59628,,,,1500,,295420
59629,,,10000,1500,,295422
59630,,,,1500,,295425
59631,,3000,,,,295433
59632,,,,1500,,295438
59634,,,180000,,,295450
59636,,,45000,1500,,295459
59638,,20000,120000,,,295271
59639,,1000,,,,295504
59640,,1000,,,,295505
59641,,,30000,,,295508
59644,,,11000,1500,,295541
59645,,,4800,1500,,295546
59646,,,,1500,,295574
59647,,,,1500,,295576
59648,,,8500,1500,,295580
59649,,,8000,1500,,295604
59651,,,8000,1500,,295618
59652,,,60000,,,295174
59653,,1000,5000,,,283017
59654,,1000,8000,,,283014
59655,,1000,3000,,,283190
59656,,,180000,,,295654
59657,,,5000,,,294709
59658,,,4000,1500,,295670
59659,,,11000,1000,,295671
59660,,3000,,1500,,295676
59661,,,,1500,,295677
59662,,,,1500,,295678
59663,,,,1500,,295679
59664,,,8500,1500,,295680
59665,,,3600000,,,295689
59666,,,,1500,,295698
59668,,,11000,1500,,295710
59670,,,,1500,,295722
59671,,,,1500,,295724
59672,,,,1500,,295725
59674,,,180000,1500,,295746
59676,,,,1000,,295793
59677,,,120000,1500,,295828
59678,,,180000,1500,,295840
59680,,,,500,,295856
59681,,,6000,1500,,295871
59683,,,,1500,,295879
59684,,,,1500,,295884
59688,,,60000,,,295905
59689,,,,1500,,295906
59693,,,30000,1500,,295946
59694,,,30000,1500,,295947
59695,,,30000,,,295952
59696,,,90000,,,295953
59697,,,1000,,,295959
59698,,,60000,,,295958
59699,,20000,60000,,,295962
59700,,,60000,,,295849
59701,,,60000,,,295848
59702,,,60000,,,295802
59703,,,60000,,,295389
59708,,,180000,,,296034
59709,,,,1500,,296035
59710,,,180000,1500,,296036
59711,,,15000,,,296040
59712,,,,1500,,296049
59714,,,30000,,,284732
59715,,,30000,1500,,296072
59716,,,15000,,,296079
59718,,,15000,,,296092
59719,,,180000,1500,,296094
59722,,,15000,,,296127
59723,,,15000,,,296128
59724,,,15000,,,296132
59725,,,15000,,,296133
59726,,,,1500,,296137
59727,,,15000,,,296152
59729,,,15000,,,296160
59730,,,15000,,,296170
59731,,,15000,,,296177
59732,,,15000,,,296179
59733,,,15000,,,296181
59734,,,15000,,,296183
59735,,,15000,,,296185
59736,,,15000,,,296186
59737,,,15000,1500,,296197
59740,,,,5000,,296039
59742,,,,1500,,296208
59743,,,4000,,,296209
59744,,5000,,,,295932
59745,,4000,,,,295929
59746,,,4000,,,296222
59747,,,4000,,,296224
59748,,,60000,1500,,296230
59752,,,3600000,,,295044
59753,,,1800000,,,296238
59754,,,45000,,,296033
59755,,,15000,,,296277
59756,,,15000,,,296280
59757,,,15000,,,296282
59758,,,15000,,,296284
59759,,,15000,,,296288
59760,,,15000,,,296290
59761,,,15000,,,296291
59762,,,30000,,,296296
59764,,,1000,,,290251
59765,,,1000,,,290265
59766,,,5000,,,295664
59767,,,60000,,,296407
59768,,,1500,1500,,296448
59769,,,60000,,,296527
59770,,,60000,,,296529
59771,,,60000,,,296530
59772,,,10000,,,292144
59773,,,,1500,,296580
59774,,,,1500,,296584
59775,,,,1500,,296585
59776,,,,1500,,296591
59777,,,,1500,,296592
59779,,,600000,,,292764
59780,,,5000,,,296623
59781,,,500,,,296660
59782,,,5000,,,296661
59783,,,3000,,,296673
59784,,,15000,,,296683
59785,,,600000,,,296717
59786,,,15000,,,296755
59787,,,3000,,,296787
59790,,,6000,,,296817
59791,,,45000,1500,,296823
59792,,,8000,,,296825
59793,,,8000,,,296826
59798,,3000,,,,296850
59800,,,1000,,,296859
59801,,,2000,1000,,296887
59804,,5000,,,,294185
59805,,3000,,,,294195
59806,,3000,,,,297020
59807,,1500,,,,297067
59809,,,120000,1500,,297108
59813,,1000,,,,296182
59814,,12000,,,,297151
59815,,3000,,,,297194
59816,,,1000,500,,297198
59817,,1000,,,,297222
59818,,1000,,,,297226
59819,,4000,,,,297230
59820,,1000,,,,297263
59822,,1000,6000,,,297243
59823,,,60000,1500,,297375
59824,,12000,,,,297381
59825,,1000,1000,,,297379
59828,,1000,,,,297418
59830,,,30000,,,297421
59831,,5000,,,,296807
59832,,5000,,,,296729
59833,,,1000,,,297429
59834,,1000,20000,,,297420
59835,,2000,,,,297447
59837,,2000,,,,297459
59839,,1000,,1000,,297563
59840,,3000,,,,297584
59841,,3000,,,,297662
59842,,3000,,,,297665
59845,,,2000,,,297706
59905,,,1000,,,295188
59906,,10000,,,,297834
59907,,10000,,,,297835
59908,,,,1000,,297860
59909,,,1000,,,297861
59910,,,7000,,,297891
59911,,2000,,,,297923
59912,,,30000,,,297944
59913,,,30000,,,297952
59914,,,,1000,,297974
59915,,3000,,,,297806
59916,,18000,,,,297927
59917,,8000,,,,297837
59918,,8000,,,,298026
59919,,3000,,,,298014
59926,,,5000,,,297894
59927,,,1000,,,204235
59928,,,,3000,,298063
59929,,,,1500,,298068
59930,,,45000,1000,,298080
59931,,,45000,1000,,298081
59932,,10000,,,,297985
59933,,1000,3000,,,298096
59934,,5000,,,,297128
59935,,1000,,,,298146
59936,,1000,,,,298152
59937,,1000,,,,298153
59938,,1000,,,,298154
59939,,1000,,,,298155
59940,,,90000,1500,,298168
59941,,,8000,,,298209
59942,,5000,,,,292159
59943,,,6000,,,298265
59944,,,90000,,,298273
59945,,,90000,,,298277
59946,,,60000,1500,,298309
59947,,,60000,1500,,298312
59950,,20000,120000,,,295501
59951,,,3000,,,298356
59952,,,120000,1500,,298357
59953,,,2000,,,298399
59955,,,3000,,,298400
59956,,,8000,,,298429
59958,,,30000,1500,,298460
59959,,,60000,1500,,298452
59960,,,30000,1500,,298487
59963,,5000,5000,,,296914
59965,,,3000,,,298559
59968,,,60000,1000,,298628
59969,,9000,,,,298591
59970,,12000,,,,298670
59971,,,1000,,,298684
59972,,3000,,,,298675
59973,,,6000,,,298769
59974,,,10000,,,298774
59975,,,15000,,,298777
59976,,,1500,,,298772
59977,,,,1500,,298806
59978,,,,1500,,298810
59979,,,,1500,,298811
59980,,,,1500,,298813
59982,,,60000,,,298818
59983,,2000,,,,298641
59985,,,60000,,,298832
59986,,,,1500,,298861
59990,,,15000,,,298955
59991,,,5000,,,298966
59992,,,5000,5000,,299037
59993,,,900000,1500,,299042
59994,,,5000,5000,,299043
59995,,,30000,1500,,299046
59997,,,8000,,,299072
59998,,,900000,1000,,299083
59999,,,900000,1000,,299084
60000,,10000,,,,298571
60001,,10000,,,,299085
60002,,180000,,,,299099
60003,,20000,120000,1500,,293491
60004,,2000,,,,299107
60006,,,4000,,,299140
60007,,,60000,,,299166
60008,,3000,,,,299167
60010,,3000,,,,299212
60012,,,60000,,,299232
60016,,,25000,1500,,299256
60017,,,8000,1500,,299258
60018,,60000,,,,299260
60019,,,7500,1500,,299268
60020,,,68000,1000,,299273
60021,,,68000,,,299275
60022,,2000,,,,299301
60023,,,60000,1000,,299334
60024,,,90000,1500,,299336
60025,,,90000,1500,,299338
60026,,,60000,1000,,299345
60027,,,60000,1000,,299347
60028,,,,1000,,299349
60029,,,,1000,,299353
60030,,,180000,1000,,299355
60031,,,180000,1000,,299358
60032,,,120000,1000,,299360
60033,,,120000,1000,,299364
60034,,,120000,1000,,299372
60035,,,120000,1000,,299374
60036,,,45000,1000,,299376
60037,,,45000,1000,,299378
60038,,,10000,,,299379
60039,,,2000,,,299326
60040,,,10000,,,299344
60041,,,15000,,,299330
60042,,2000,,,,299225
60043,,2000,,,,299327
60044,,3000,,,,299415
60046,,2000,,,,299434
60047,,2000,,,,299427
60049,,,300000,20000,,299455
60050,,7000,,1500,,299468
60051,,,1000,,,299536
60052,,,1000,,,299537
60053,,2000,,,,299584
60054,,5000,,,,299588
60055,,,60000,,,299631
60056,,,60000,,,299632
60057,,,60000,,,299647
60058,,,60000,,,299648
60059,,3000,,,,299479
60060,,3000,,,,299484
60062,,2000,,,,299806
60063,,2000,,,,299807
60064,,,300000,,,296783
60065,,,300000,,,296819
60066,,3000,,,,299822
60067,,2000,,,,299821
60068,,2000,,,,299809
60069,,2000,,,,299811
60070,,900000,,,,299843
60071,,,600000,,,299852
60072,,,120000,20000,,299869
60073,,,30000,1500,,299875
60074,,,30000,1500,,299876
60075,,,180000,1500,,299882
60076,,,180000,1500,,299883
60078,,2000,,,,299889
60079,,2000,,,,299893
60080,,,15000,1500,,299932
60081,,,15000,1500,,299933
60082,,,150000,1500,,299943
60083,,,150000,1500,,299944
60084,,,45000,1500,,299958
60085,,,45000,1500,,299959
60086,,2000,,,,299967
60087,,2000,,,,299972
60088,,2000,,,,299976
60089,,2000,,,,299978
60090,,3000,,,,299992
60091,,,,1500,,299995
60092,,,120000,1000,,300002
60093,,,120000,1000,,300003
60094,,,45000,1000,,300009
60095,,,45000,1000,,300010
60096,,,135000,1000,,300015
60097,,,135000,1000,,300016
60098,,1800000,86400000,1500,,300047
60099,,2000,,,,300082
60100,,5000,,,,300087
60101,,,300000,1000,,300091
60102,,5000,,,,300102
60103,,5000,,,,294884
60105,,,30000,20000,,300140
60106,,,120000,20000,,300142
60107,,,60000,20000,,300145
60108,,2000,,,,300157
60109,,5000,,,,300159
60110,,5000,,,,300177
60111,,5000,,,,300188
60112,,5000,,,,300241
60113,,4000,,,,300309
60114,,,,1500,,300325
60115,,,,1500,,300367
60118,,,,1500,,300381
60119,,,,1500,,300382
60120,,,,1500,,300387
60122,,2000,,,,300403
60123,,3000,,,,300420
60125,,5000,,,,300429
60126,,,,1500,,300433
60127,,5000,,,,300434
60128,,5000,,,,300414
60129,,3000,,,,300436
60130,,3000,,,,300439
60132,,,,1500,,300481
60133,,5000,,,,300508
60135,,,5000,,,294266
60136,,,6000,,,300548
60137,,,5000,,,300552
60138,,,5000,,,300555
60140,,3000,,,,300560
60141,,3000,,,,300547
60142,,3000,,,,300596
60143,,,,1500,,300609
60144,,3000,,,,300610
60145,,20000,45000,,,300612
60146,,,1500,1500,,300613
60147,,,1500,1500,,300615
60148,,,,1500,,300616
60150,,,,1500,,300646
60151,,,,1500,,300647
60152,,5000,,,,300650
60153,,,,1500,,300651
60154,,6000,,,,300663
60157,,,,1500,,300710
60158,,,,1500,,300711
60159,,,,1500,,300712
60160,,,,1500,,300713
60161,,,,1500,,300720
60162,,,3000,,,300721
60163,,,,1500,,300723
60164,,,,1500,,300724
60165,,,,1500,,300728
60166,,,1000,1000,,300745
60167,,,5000,1000,,300747
60168,,,2000,,,300708
60169,,3000,,,,300764
60170,,5000,,,,300774
60171,,,,1500,,300775
60172,,1000,,,,300516
60173,,1000,,,,300767
60174,,1000,,,,300776
60175,,1000,,,,300778
60176,,1000,,,,300779
60177,,1000,,,,300780
60178,,1000,,,,300781
60179,,1000,,,,300782
60180,,1000,,,,300783
60182,,,8000,,,300892
60183,,,120000,,,300907
60184,,,6000,,,300924
60185,,,,1500,,300934
60186,,,3000,,,292369
60187,,,60000,,,300968
60188,,3000,,,,300975
60190,,,3600000,,,301013
60191,,,,1500,,301015
60192,,,,1500,,301020
60193,,,,1500,,301021
60194,,,,1500,,301022
60195,,,,1500,,301023
60196,,,,1500,,301024
60197,,,,1500,,301025
60198,,,,1500,,301026
60199,,,,1500,,301027
60200,,,,1500,,301028
60201,,,,1500,,301029
60202,,,,1500,,301030
60203,,,,1500,,301031
60204,,,,1500,,301032
60205,,,,1500,,301033
60206,,,,1500,,301034
60207,,,,1500,,301035
60208,,,,1500,,301036
60209,,,,1500,,301037
60210,,,,1500,,301038
60211,,,,1500,,301039
60212,,,,1500,,301040
60213,,,,1500,,301041
60214,,,,1500,,301042
60215,,,,1500,,301043
60216,,,,1500,,301044
60217,,,,1500,,301045
60218,,,,1500,,301046
60219,,,,1500,,301047
60220,,,,1500,,301048
60221,,,,1500,,301049
60222,,,,1500,,301050
60223,,,,1500,,301051
60224,,,,1500,,301052
60225,,,,1500,,301053
60226,,,,1500,,301054
60227,,,,1500,,301055
60228,,,,1500,,301056
60229,,,,1500,,301075
60230,,3000,,,,301067
60231,,1000,,,,294202
60232,,15000,,,,301080
60233,,3000,,,,301121
60234,,3000,,,,301124
60235,,,,1500,,301136
60236,,,,1500,,301137
60237,,,,1500,,301162
60238,,3000,,,,301008
60239,,3000,,,,301192
60240,,15000,,,,301204
60242,,15000,,,,301227
60243,,,60000,,,301308
60245,,2000,,,,301352
60248,,,10000,,,301478
60249,,3000,,,,301502
60250,,3000,,,,301504
60251,,3000,,,,301506
60253,,2000,,,,301583
60254,,15000,,,,301592
60255,,15000,,,,301612
60256,,3000,,,,301629
60257,,3000,,,,284219
60259,,,1000,,,301628
60260,,15000,,,,301682
60261,,15000,,,,301681
60263,,3000,,,,301689
60264,,3000,,,,301714
60265,,,,5000,,301719
60266,,,30000,,,301690
60267,,2000,,,,301734
60268,,,20000,,,299366
60269,,,1000,,,301749
60270,,,1000,,,301752
60271,,,1000,,,301757
60272,,,3000,,,298109
60274,,,4000,1000,,301816
60275,,,,1000,,301818
60276,,,8000,1000,,301820
60277,,3000,,,,301833
60278,,20000,60000,,,301834
60280,,3000,,,,301849
60281,,5000,,,,300364
60282,,5000,,,,301427
60283,,1500,5000,,,301860
60284,,9000,,,,301835
60285,,9000,,,,301656
60286,,6000,,,,301748
60287,,,12000,,,301865
60288,,2000,,,,301869
60289,,2000,,,,301875
60291,,3000,,,,301885
60292,,3000,,,,301888
60293,,3000,,,,301890
60294,,3000,,,,301891
60299,,5000,,,,298103
60300,,5000,,,,298413
60301,,5000,,,,298242
60302,,15000,,,,301737
60303,,15000,,,,301521
60304,,,,1500,,301985
60305,,,1000,,,301984
60306,,,,1500,,301992
60307,,,,1500,,301993
60308,,,,1500,,301994
60309,,,,1500,,301996
60310,,,,1000,,301999
60311,,,,1000,,302001
60312,,,,1500,,302003
60313,,,3000,,,302005
60314,,,8000,,,302021
60315,,,2500,,,302022
60317,,3000,,,,302048
60321,,5000,,,,302139
60322,,,1500,,,302140
60325,,,,1500,,302150
60326,,,1000,,,302148
60329,,,15000,,,302183
60330,,,4000,1000,,302196
60331,,5000,,,,302202
60332,,,45000,,,302213
60333,,,,1500,,302238
60334,,,,1500,,302239
60335,,,,1500,,302245
60336,,,,1500,,302246
60337,,,,1500,,302247
60338,,,900000,,,302273
60339,,3000,,,,302274
60340,,3000,,,,302288
60341,,,20000,,,302293
60342,,3000,,,,302295
60343,,3000,,,,302302
60344,,20000,120000,,,302307
60345,,20000,120000,1500,,296971
60346,,20000,120000,,,297104
60347,,,5000,,,302320
60348,,,5000,,,302328
60350,,,,1500,,302348
60352,,,10000,,,302351
60355,,,10000,1000,,302392
60356,,,3000,,,302393
60358,,10000,,,,302398
60359,,10000,,,,302399
60360,,,3000,,,302391
60361,,120000,,,,302406
60362,,15000,,,,302289
60363,,5000,,,,302365
60364,,,6000000,,,302445
60365,,17000,,,,293653
60366,,2000,,,,285180
60367,,15000,,,,302452
60370,,3000,,,,284851
60371,,3000,,,,285820
60372,16,,,,,285376
60373,,,3000,,,302464
60374,,,1000,,,262077
60375,,,4000,,,302476
60376,,,3000,,,302485
60377,,1500,,,,302494
60379,,,1000,,,302498
60380,,,,1500,,302499
60381,,1500,,,,302512
60382,,,30000,1000,,302513
60384,,,15000,1500,,302583
60385,,3000,,,,302578
60386,,3000,,,,298897
60387,,3000,,,,298833
60389,,1500,,,,302592
60390,,3000,,,,302593
60391,,1500,,,,302594
60392,,,3000,,,302616
60393,,,30000,1000,,302624
60394,,,1000,,,302635
60395,,,3600000,,,302644
60397,,1000,,,,302602
60398,,5000,,,,302623
60400,,20000,,,,302642
60402,,,,1500,,302690
60403,,,,1500,,302691
60404,,,,1500,,302692
60405,,,,1500,,302693
60406,,,,1500,,302694
60407,,,,1500,,302695
60408,,,,1000,,302697
60409,,,,1000,,302698
60410,,,,1000,,302700
60411,,,,1000,,302701
60412,,,,1000,,302703
60413,,,,1000,,302704
60414,,,,1500,,302706
60415,,,,1500,,302707
60416,,,,1500,,302708
60417,,,,1500,,302710
60418,,,,1500,,302711
60419,,,,1500,,302712
60420,,,60000,1500,,302731
60421,,3000,,,,302722
60422,,3000,,,,302768
60423,,3000,,,,302772
60425,,3000,,,,302798
60426,,3000,,,,302816
60428,,3000,,,,302852
60430,,,1000,,,302933
60432,,3000,,,,302939
60435,,3000,,,,302943
60436,,2000,,,,302951
60438,,,5000,,,296099
60440,,3000,,,,302972
60443,,3000,,,,302979
60445,,,60000,1500,,302982
60446,,,60000,1500,,302983
60447,,3000,,,,300514
60450,,,,1500,,303011
60453,,,,1500,,303023
60456,,,,1500,,303027
60461,,,10000,1000,,303107
60462,,5000,,,,303118
60463,,3000,,,,303158
60464,,,4000,,,303159
60465,,3000,,,,303161
60466,,3000,,,,303162
60467,,2000,,,,299950
60468,,3000,,,,303167
60469,,,10000,,,303183
60472,,3000,,,,303192
60475,,3000,,,,303197
60476,,3000,,,,303198
60477,,3000,,,,303221
60478,,1000,,,,303240
60479,,1000,1000,,,303241
60480,,1000,3000,,,303242
60481,,3000,,,,303260
60482,,,,1500,,303261
60486,,,,1500,,303271
60487,,5000,,,,303273
60488,,3000,,,,303284
60492,,2000,,,,303302
60493,,3000,,,,303310
60495,,3000,,,,303333
60496,,,120000,,,303350
60498,,,,1500,,303355
60500,,3000,,,,303377
60501,,,10000,,,303400
60502,,3000,,,,303405
60503,,5000,,,,303406
60504,,,,1500,,303409
60505,,3000,,,,303437
60506,,3000,,,,303430
60507,,6000,,,,303441
60508,,1000,,,,303299
60511,,1500,,,,303482
60512,,1500,,,,303495
60515,,3000,,,,303517
60516,,3000,,,,303523
60517,,,,1500,,303541
60518,,3000,,,,303504
60519,,,5000,,,303561
60520,,3000,,,,303563
60521,,20000,20000,,,303564
60522,,3000,,,,303566
60523,,1500,,1500,,303586
60525,,2000,,,,303604
60526,,,,1500,,303608
60527,,3000,,,,303611
60531,,3000,,,,303695
60532,,3000,,,,303706
60533,,3000,,,,303712
60535,,,1000,1500,,302771
60536,,5000,,,,295444
60537,,5000,,,,301141
60538,,5000,,,,299974
60539,,5000,,,,299711
60541,,3000,,,,303762
60542,,,,1500,,303777
60543,,,1500,,,303778
60545,,,60000,,,303769
60546,,,,1500,,303784
60547,,,30000,,,303785
60548,,3000,,,,303820
60549,,3000,,,,303833
60550,,,60000,,,303849
60551,,5000,,,,303852
60553,,3000,,,,303848
60554,,3000,,,,303878
60555,,3000,,,,303885
60556,,2000,,,,303890
60557,,,,1500,,303899
60558,,3000,,,,303909
60559,,3000,,,,303923
60560,,,1000,,,303889
60562,,3000,,,,303888
60563,,2000,,,,303935
60564,,5000,5000,,,303944
60565,,20000,90000,,,303953
60566,,,600000,,,303959
60567,,,600000,,,303960
60568,,5000,,,,303963
60569,,,,1500,,303988
60570,,,,1500,,303989
60571,,,3600000,,,303994
60572,,,3600000,,,303995
60573,,,,1500,,304037
60574,,10000,10000,1000,,304051
60576,,4000,,,,304093
60577,,,1000,,,304102
60578,,,120000,20000,,304106
60579,,,8000,,,304107
60580,,3000,,,,304182
60581,,3000,,,,304187
60582,,,3000,1500,,304202
60583,,7000,,,,304196
60584,,5000,,,,304217
60585,,5000,,,,304213
60586,,5000,,,,304228
60587,,5000,,,,304235
60588,,3000,,,,304244
60589,,,18000,,,304245
60590,,3000,,,,304247
60591,,3000,,,,304249
60595,,3000,,,,304325
60596,,3000,,,,304349
60597,,3000,,,,304358
60598,,3000,,,,304361
60600,,,,1500,,304372
60601,,3000,,,,304377
60602,,3000,,,,296439
60603,,3000,,,,304388
60604,,3000,,,,304392
60605,,3000,,,,304451
60606,,3000,,,,304398
60607,,3000,,,,304454
60608,,3000,,,,304459
60609,,3000,,,,302682
60610,,5000,,,,304348
60611,,2000,,,,304481
60612,,,1000,,,304485
60613,,,1000,,,304487
60614,,,1000,,,304492
60615,,,1000,,,304493
60616,,3000,,,,304494
60617,,,,1500,,304502
60621,,6000,,,,304509
60622,,6000,,,,304403
60623,,4000,,,,304386
60624,,4000,,,,304538
60627,,,,1500,,304545
60628,,3000,,,,304546
60629,,,,1000,,199978
60630,,3000,,,,304556
60631,,,1000,,,304558
60633,,,1500,,,304596
60634,,,1500,,,304597
60635,,,1500,,,304598
60636,,,1000,,,304609
60637,,,1000,,,304615
60638,,,1000,,,304616
60643,,,,1500,,304665
60644,,,1000,,,304669
60645,,,1000,,,304674
60646,,,1000,,,304676
60647,,,1000,,,304677
60648,,,1000,,,304691
60649,,,1000,,,304694
60650,,,1000,,,304695
60651,,,1000,,,304702
60652,,,1000,,,304707
60653,,,1000,,,304708
60655,,20000,40000,,,303028
60656,,,1000,,,304714
60657,,3000,,,,304737
60658,,3000,,,,304746
60659,,6000,,,,298122
60660,,6000,,,,296551
60661,,3000,,,,295346
60662,,3000,,,,295332
60663,,3000,,,,304793
60664,,2000,,,,304799
60665,,3000,,,,304800
60666,,2000,,,,304819
60667,,2000,,,,304820
60668,,3000,,,,304822
60669,151,,10000,,,32028
60670,,,,,,32028
60671,,3000,,,,304848
60672,,3000,,,,304907
60673,,1000,,,,304927
60674,,3000,,,,304931
60675,,2000,,,,304933
60676,,,600000,,,304939
60677,,4000,,,,304948
60678,,,60000,1500,,304971
60679,,,,1500,,299513
60680,,,,1500,,299240
60681,,,,1500,,297365
60682,,,,1500,,298287
60683,,,,1500,,298288
60684,,,,1500,,298286
60685,,,,1500,,299239
60686,,,,1500,,299238
60687,,,,1500,,299237
60688,,,,1500,,294951
60689,,,,1500,,298278
60690,,,,1500,,298280
60691,,,,1500,,298279
60692,,,,1500,,299507
60693,,,,1500,,299509
60694,,,,1500,,299508
60695,,,,1500,,299506
60696,,,,1500,,299315
60697,,,,1500,,299314
60698,,,,1500,,299312
60699,,,,1500,,299313
60700,,,,1500,,299039
60701,,,,1500,,297969
60702,,,,1500,,297970
60703,,,,1500,,297971
60704,,,,1500,,298623
60705,,,,1500,,298621
60706,,,,1500,,298620
60707,,,,1500,,298618
60708,,,,1500,,303836
60709,,,,1500,,303835
60710,,,,1500,,303834
60711,,,,1500,,303837
60712,,,,1500,,299304
60713,,,,1500,,299300
60714,,,,1500,,299305
60715,,,,1500,,299302
60716,,,,1500,,299512
60717,,,,1500,,299511
60718,,,,1500,,299510
60719,,,,1500,,299317
60720,,,,1500,,299316
60721,,,,1500,,299320
60722,,,,1500,,299318
60723,,,,1500,,297384
60724,,,,1500,,298284
60725,,,,1500,,298282
60726,,,,1500,,298281
60727,,,,1500,,298419
60728,,,,1500,,298292
60729,,,,1500,,298418
60730,,,,1500,,298420
60731,,,,1500,,299307
60732,,,,1500,,299306
60733,,,,1500,,299310
60734,,,,1500,,299309
60735,,,,1500,,299516
60736,,,,1500,,299514
60737,,,,1500,,299517
60738,,,,1500,,299515
60739,,,,1500,,298604
60740,,,,1500,,298601
60741,,,,1500,,298603
60742,,,,1500,,298605
60743,,,,1500,,299528
60744,,,,1500,,299524
60745,,,,1500,,299526
60746,,,,1500,,299527
60747,,,,1500,,299324
60748,,,,1500,,299323
60749,,,,1500,,299321
60750,,,,1500,,299322
60751,,,,1500,,299554
60752,,,,1500,,299550
60753,,,,1500,,299552
60754,,,,1500,,299551
60755,,,,1500,,299298
60756,,,,1500,,299297
60757,,,,1500,,299296
60758,,,,1500,,299299
60759,,,,1500,,298609
60760,,,,1500,,298607
60761,,,,1500,,298611
60762,,,,1500,,298606
60763,,3000,,,,305010
60764,,2000,,,,305011
60765,,6000,,,,303727
60766,,2000,,,,268753
60767,,2000,,,,273181
60768,,,10000,,,305020
60770,,,10000,,,305046
60771,,5000,,,,305048
60772,,,,1500,,302677
60773,,4000,,,,273170
60774,,,,3000,,305073
60775,,,1000,500,,305089
60777,,,2000,,,305094
60779,,20000,120000,1500,,305106
60780,,,3600000,,,305123
60787,,1000,,,,305183
60791,,2000,,,,303160
60792,,20000,120000,1500,,305252
60794,,,1000,,,305258
60798,,5000,,,,297254
60799,,2000,,,,300916
60800,,1000,,,,297016
60801,,2000,,,,305348
60802,,3000,,,,304829
60803,,2000,,,,304827
60804,,2000,,,,305349
60805,,,45000,1500,,305392
60807,,,3000,,,305403
60808,,,1000,,,299093
60809,,2000,,,,300474
60810,,2000,,,,305469
60811,,2000,,,,300095
60812,,,45000,1500,,305483
60814,,,500,,,305496
60819,,,1000,,,272005
60820,,,1000,,,305556
60821,,,10000,,,305453
60822,,,10000,,,305527
60823,,20000,90000,,,278376
60825,,,120000,,,304120
60831,,,12000,,,305959
60832,,,2000,,,305961
60833,,,8000,,,305963
60834,,5000,,,,305978
60836,,,1000,,,306077
60837,,2000,,,,306111
60842,,,2000,,,306125
60847,,,60000,,,306170
60850,,,15000,,,305824
60851,,5000,,,,303619
60852,,5000,,,,303978
60853,,10000,,1000,,306229
60854,,10000,,1000,,306230
60855,,,30000,1000,,306246
60858,,,10000,,,306281
60859,,,12000,,,306313
60860,,,25000,,,306318
60861,,1000,,,,296021
60862,,1000,,,,299966
60863,,3000,,,,306377
60864,,3000,,,,306389
60865,,6000,,,,306391
60867,,,15000,,,306393
60868,,,120000,,,299757
60869,,,90000,,,299758
60871,,,2000,,,306433
60875,,5000,,,,306470
60876,,5000,,,,306471
60877,,5000,,,,306473
60881,,5000,,,,305567
60882,,,2000,,,306519
60885,,,1000,,,306590
60886,,,1000,,,306591
60887,,,1000,,,306592
60888,,,1000,,,306593
60889,,,8000,,,306599
60890,,1000,6000,,,306601
60891,,,2000,,,306629
60892,,10000,,,,306595
60893,,,120000,1500,,306701
60894,,,,1500,,306748
60895,,3000,,,,306399
60896,,,1000,,,306808
60897,,3000,,,,306818
60901,,60000,,1500,,306830
60907,,,,1500,,307054
60908,,750,,,,307067
60909,,750,180000,1000,,307068
60912,,1000,,,,307085
60913,,1000,,,,307086
60914,,1000,,,,307142
60915,,1000,,,,307143
60916,,1000,,,,307144
60917,,1000,,,,307145
60918,,1000,,,,307146
60919,,1000,,,,307147
60920,,1000,,,,307148
60921,,1000,,,,307149
60922,,,,1500,,307151
60923,,,,1500,,307153
60924,,,,1500,,307154
60925,,,,1500,,307157
60926,,1000,,,,307159
60927,,1000,,,,307160
60928,,1000,,,,307162
60929,,1000,,,,307163
60930,,1000,,,,307164
60932,,,60000,,,307192
60933,,60000,,,,307193
60934,,60000,,,,307194
60935,,600000,,,,307195
60937,,,60000,,,307203
60940,,,,1500,,307264
60941,,,,1500,,307303
60942,,,,1500,,307307
60943,,,5000,,,307345
60944,,,10000,,,307378
60945,,,12000,,,304261
60946,,,1000,,,307402
60947,,,60000,1000,,307411
60951,,3000,,,,307450
60952,,3000,,,,307451
60953,,3000,,,,307455
60954,,3000,,,,307456
60955,,3000,,,,307457
60956,,3000,,,,307458
60959,,3000,,,,307463
60960,,3000,,,,307506
60962,,3000,,,,307521
60963,,1500,,,,300848
60964,,3000,,,,307552
60965,,20000,60000,,,303277
60967,,,1500,,,307596
60968,,,1000,,,303497
60970,,,,1500,,307654
60971,,,,1500,,307655
60972,,,20000,1000,,307740
60974,,,1000,,,52751
60979,,,60000,1500,,307865
60981,,,1500,,,307856
60982,,1800000,,1500,,307896
60985,,,,6000,,307974
60986,,3000,,,,307929
60988,,,,1500,,308067
60989,,5000,,,,308094
60991,,10000,,,,291946
60992,,5000,,,,291922
60993,,3000,,,,296669
60994,,5000,,,,308181
60995,,5000,,,,308346
60996,,3000,,,,308354
60997,,3000,,,,308366
60998,,,,1500,,308369
61000,,10000,,,,308401
61001,,2000,,,,308432
61002,,5000,,,,308454
61003,,3000,,,,308466
61004,,3000,,,,308490
61005,,,60000,1500,,308491
61009,,,30000,,,308618
61014,,,,1500,,308742
61015,,,6000,,,308768
61016,,,30000,,,308769
61017,,,11000,,,308649
61018,,,30000,,,308770
61020,,,30000,,,308763
61023,,,3000,,,308798
61024,,,2000,,,308803
61026,,3000,,,,308801
61027,,2000,,,,308877
61028,,2000,,,,308875
61029,,2000,,,,308874
61030,,3000,,,,308886
61031,,3000,,,,308890
61032,,2000,,,,308887
61033,,2000,,,,308900
61034,,2000,,,,308932
61035,,3000,,,,308927
61036,,,,8000,,308939
61037,,5000,,,,308945
61040,,,,,,36478
61043,,,,,,36479
61045,,,,,,36483
61047,,,,,,36482
61049,,,,,,36480
61050,,,2000,,,309016
61051,,,10000,,,309018
61052,,,1000,,,309020
61053,,,3000,,,309021
61054,,,1000,,,309024
61055,151,,10000,,,36482
61056,151,,10000,,,36483
61057,151,,30000,,,36480
61058,151,,30000,,,36479
61059,151,,30000,,,36478
61060,,,8000,,,309032
61061,,6000,,,,309061
61062,,6000,,,,309062
61063,,6000,,,,309063
61065,,30000,,1500,,309328
61066,,30000,,1500,,309329
61068,,1500,,,,299445
61069,,,300000,,,309391
61070,,5000,,,,309399
61071,,7000,,,,309311
61072,,2000,,,,309396
61073,,5000,,,,309398
61074,,2000,,,,309420
61075,,3000,,,,309418
61076,,5000,,,,309423
61077,,5000,,,,309442
61078,,,,1500,,309516
61079,,,,1500,,309519
61080,,,,1500,,309522
61081,,,,1500,,309544
61082,,1000,,,,299407
61084,,,360000,,,309575
61085,,,1800000,,,309411
61086,,,300000,,,309658
61087,,15000,,,,309664
61088,,5000,,,,309666
61089,,3000,,,,309661
61091,,,,1500,,309688
61093,,3000,,,,309701
61094,,,,1500,,309711
61095,,20000,90000,,,306146
61096,,3000,,,,309712
61097,,3000,,,,309757
61098,,3000,,,,309760
61099,,2000,,,,309776
61100,,3000,,,,309783
61101,,3000,,,,309784
61102,,3000,,,,309786
61103,,,60000,,,309808
61104,,,6000,,,309796
61105,,,6000,,,309855
61106,,,15000,,,309865
61107,,,60000,1500,,309963
61108,,3000,,,,309961
61109,,,5000,,,309984
61110,,3000,,,,309894
61111,,3000,,,,309997
61112,,5000,,,,309982
61114,,1000,,,,310026
61116,,1000,,,,310037
61117,,1000,,,,310039
61118,,1000,,,,310041
61122,,,5000,,,310048
61123,,,5000,,,310050
61126,151,,30000,,,36481
61127,,,,,,36481
61128,,3000,,1500,,310121
61130,,3000,,,,310092
61131,,3000,,,,310124
61132,,3000,,,,310127
61134,,500,90000,1500,,310143
61135,,12000,,,,310226
61136,,3000,,,,310239
61137,,3000,,,,310236
61138,,,,1000,,310240
61139,,4000,,,,310246
61140,,,,2000,,306982
61141,,,,1000,,310256
61142,,,,1000,,310261
61143,,,,1000,,310266
61144,,3000,,,,310271
61145,,,,1000,,310272
61146,,,,1000,,310278
61147,,,,1000,,310283
61148,,,,1000,,310290
61149,,,,1000,,310295
61150,,,,1000,,310303
61151,,,30000,,,310306
61152,,,30000,,,310300
61153,,,30000,,,310293
61154,,,30000,,,310286
61155,,,30000,,,310281
61156,,,30000,,,310275
61157,,,30000,,,310269
61158,,,30000,,,310264
61159,,,30000,,,310259
61160,,,30000,,,310248
61164,,,180000,1500,,310425
61165,,,5000,,,310429
61168,,,180000,1500,,310442
61169,,3000,,,,310433
61171,,,120000,1500,,310454
61172,,,1500,,,310466
61183,151,,30000,1000,,36413
61184,,,,,,36413
61186,,6000,,,,310570
61188,,,120000,1500,,310592
61189,,,120000,1500,,310601
61190,,,120000,1500,,310602
61191,,,500,,,305083
61192,,,45000,1500,,310690
61194,,,2000,,,310707
61197,,,4000,,,310749
61198,,,4000,,,310750
61199,,30000,,1500,,307443
61203,,,3000,,,310762
61209,,5000,,,,310780
61210,,3000,,,,310784
61211,,3000,,,,310838
61214,,,1000,,,310976
61215,,1500,5000,,,310989
61216,,,3000,,,310992
61217,,6000,,,,311014
61220,,3000,,,,311023
61221,,2000,,,,311019
61224,,2000,,,,311046
61226,,6000,,,,311074
61227,,,6000,,,292270
61228,,,6000,,,301477
61229,,2000,,,,311086
61230,,5000,,,,311052
61231,,5000,,,,311109
61232,,3000,,,,311116
61233,,5000,,,,311132
61234,,,3000,,,311165
61236,,,45000,1500,,311194
61237,,,45000,1500,,311195
61238,,,60000,1500,,311203
61241,,,,1500,,311219
61243,,,,1500,,311227
61244,,,,1500,,311228
61245,,,,1500,,311230
61246,,,,1500,,311232
61247,,,,1500,,311233
61248,,,,1500,,311234
61249,,,,1500,,311235
61250,,,,1500,,311236
61251,,,,1500,,311237
61252,,,,1500,,311238
61253,,,,1500,,311239
61254,,,,1500,,311240
61256,,,,1500,,311289
61258,,,3000,,,311300
61259,,,60000,1500,,311302
61260,,,60000,1500,,311303
61265,,5000,,,,311337
61266,,5000,,,,311341
61269,,,180000,1500,,311371
61270,,3000,,,,311382
61271,,4000,,,,311378
61272,,,6000,,,311385
61273,,3000,,,,311401
61274,,2000,,,,311510
61275,,,1000,,,311512
61276,,,1000,,,311513
61277,,,5000,,,311542
61278,,4000,,,,311508
61279,,5000,,,,311394
61280,,11000,,,,311544
61281,,3000,,,,311550
61282,,,,1500,,311571
61283,,2000,,,,311576
61284,,3000,,,,311574
61286,,2000,,,,311622
61287,,,60000,1500,,311648
61288,,8000,,1500,,311651
61290,,,45000,1500,,311663
61291,,,20000,,,311670
61292,,,,1500,,311680
61293,,,10000,,,311682
61294,,,6000,1500,,311696
61295,,,20000,1500,,311697
61296,,,,1500,,311698
61297,,,10000,1500,,311699
61299,,,5000,,,311702
61300,,,500,,,311706
61302,,120000,,,,311714
61303,,8000,,1500,,311715
61304,,,1500,,,311728
61305,,,1500,,,311729
61306,,,1000,,,311733
61307,,,1000,,,311734
61308,,,6000,,,311736
61309,,1000,,,,298025
61310,,,,1500,,311761
61312,,,1500,,,311778
61315,,,10000,1500,,311792
61316,,2000,,,,311811
61319,,,20000,,,311873
61320,,,1500,,,311917
61321,,,1500,,,311918
61322,,60000,60000,,,311930
61323,,,3000,,,311926
61324,,,1500,,,311956
61325,,,1500,,,311958
61326,,60000,60000,,,311975
61327,,,,500,,311977
61328,,,45000,,,311984
61329,,,,1500,,312029
61330,,,,1500,,312030
61333,,,15000,,,312058
61334,,,3000,,,312078
61335,,3000,30000,3000,,312084
61339,,5000,,,,312118
61340,,,120000,,,312158
61345,,,60000,1500,,312202
61346,,,3000,,,312221
61349,,3000,,,,312262
61350,,,1000,,,312244
61351,,,1000,,,312290
61352,,,1000,,,312291
61353,,,1000,,,312292
61354,,,1000,,,312293
61355,,,1000,,,312294
61356,,,1000,,,312295
61357,,,1000,,,312296
61358,,,1000,,,312297
61359,,,1000,,,312298
61360,,,1000,,,312299
61361,,,1000,,,312300
61362,,,1000,,,312301
61363,,,1000,,,312302
61364,,,1000,,,312303
61365,,,1000,,,312304
61366,,,1000,,,312305
61367,,,1000,,,312306
61368,,,1000,,,312307
61369,,,1000,,,312308
61370,,,40000,1500,,312321
61374,,,3600000,1500,,312372
61379,,,90000,1500,,312411
61380,,,2000,,,312418
61381,,,300000,1500,,312425
61382,,5000,,,,312513
61384,,2000,,,,312542
61386,,,6000,,,312580
61387,,2000,,,,312586
61389,,2000,,,,312622
61390,,,1000,,,311600
61391,,2000,,,,312637
61395,,,180000,,,310565
61396,,5000,,,,312684
61397,,5000,,,,312685
61398,,3000,,,,312666
61399,,5000,,,,312693
61400,,,1000,,,312701
61401,,,1000,,,312708
61402,,5000,,,,312712
61403,,,,1500,,312725
61404,,,30000,1000,,312743
61405,,,,1500,,312764
61406,,,,1500,,312768
61407,,,,1500,,312770
61408,,,8000,,,312792
61409,,,120000,1500,,312749
61410,,,1000,,,312803
61414,,,,1500,,312833
61415,,,,1500,,312851
61416,,3000,,,,312613
61417,,,1000,,,312965
61418,,,1000,,,312966
61419,,3000,,,,313028
61420,,1000,,,,313031
61421,,1000,,,,312979
61422,,1000,,,,313026
61423,,,,1500,,313053
61424,,,1000,1500,,313056
61425,,,60000,1000,,313058
61426,,20000,120000,,,313060
61427,,,6000,1000,,313084
61429,,20000,120000,,,313148
61430,,20000,80000,,,313113
61431,,,120000,,,313162
61433,,3000,,,,313239
61434,,2000,,,,313277
61435,,,5000,,,313289
61436,,6000,,,,313309
61437,,,,1500,,313347
61439,,2000,,,,313388
61441,,1500,10000,,,313421
61443,,,2000,,,313480
61444,,,1000,,,313483
61445,,3000,,,,313498
61446,,,180000,1500,,312924
61447,,,1000,,,313607
61448,,,15000,1000,,313615
61449,,3000,,,,313634
61450,,3000,,,,313702
61451,,1500,,,,313691
61452,,3000,,,,313704
61453,,,3000,,,313731
61454,,,2000,,,313735
61459,,3000,,,,313787
61460,,,1500,,,313795
61462,,6000,,,,313784
61463,,5000,,,,313897
61464,,3000,,,,313899
61466,,3000,,,,313903
61467,,,,1500,,313921
61468,,,,1500,,313922
61469,,3000,,,,313934
61470,,2000,,,,313932
61471,,3000,,,,313938
61472,,3000,,,,313945
61474,,6000,,,,314033
61475,,,15000,,,314037
61476,,2000,,,,312260
61477,,,,2000,,298691
61478,,2000,,,,312346
61479,,2000,,,,308278
61480,,,,3000,,309819
61481,,2000,,,,297746
61482,,2000,,,,306828
61483,,,,6000,,297875
61484,,,,3000,,297574
61485,,4000,,,,314078
61486,,,4000,,,314081
61487,,60000,60000,,,314099
61488,,,,1500,,314107
61489,,3000,,,,314113
61490,,2000,,,,314149
61491,,6000,,,,314153
61492,,,1000,,,314155
61493,,3000,,,,312836
61494,,3000,,,,314147
61496,,,,1500,,314186
61497,,,,1500,,314193
61498,,,10000,,,313757
61499,,3000,,,,305612
61500,,3000,,,,314205
61501,,2000,,,,314217
61502,,3000,,,,314218
61504,,6000,,,,314331
61505,,2000,,,,314329
61506,,2000,,,,314325
61507,,3000,,,,314322
61508,,2000,,,,314356
61509,,2000,,,,314357
61510,,3000,,,,314396
61511,,,60000,1000,,314416
61513,,5000,,,,314474
61514,,1000,,,,314492
61515,,,4000,,,314497
61518,,5000,,,,314524
61522,,3000,,,,314582
61523,,4000,,,,314586
61524,,3000,,,,314536
61525,,2000,,,,314518
61526,,5000,,,,314587
61527,,,3000,,,314597
61528,,3000,,,,314599
61529,,2000,,,,314618
61530,,,,1500,,314631
61531,,,,1500,,314633
61533,,,,1500,,314657
61536,,,3600000,,,314669
61537,,,,1500,,314671
61538,,15000,,,,314684
61539,,,,1500,,314689
61540,,2000,,,,314698
61541,,2000,,,,314726
61542,,,8000,,,314737
61543,,10000,,1500,,314748
61544,,,3000,,,314765
61545,,2000,,,,314771
61546,,2000,,,,314777
61547,,3000,,,,314782
61548,,3000,,,,312679
61549,,,,1500,,314789
61550,,,60000,1500,,314791
61551,,,90000,1500,,314793
61554,,3000,,,,312978
61555,,2000,,,,308891
61556,,3000,,,,314852
61557,,3000,,,,314119
61559,,,,1500,,314864
61562,,3000,,,,314866
61563,,3000,,,,314872
61564,,3000,,,,314883
61565,,2000,,,,314875
61566,,10000,,,,314880
61567,,,120000,,,314901
61568,,,120000,,,314902
61569,,,120000,,,314572
61570,,,1000,,,314919
61571,,3000,,,,314935
61572,,5000,,,,314937
61573,,6000,,,,314942
61575,,,,20000,,312336
61576,,,,1500,,314955
61577,,,3600000,,,314988
61578,,,8000,,,315024
61579,,,8000,,,315028
61580,,,8000,,,315030
61581,,,8000,,,315031
61582,,,8000,,,315032
61583,,,8000,,,315033
61584,,,2000,,,315082
61585,,,15000,,,315090
61587,,3000,,,,315079
61588,,,6000,,,315095
61589,,3000,,,,306726
61590,,3000,,,,306617
61591,,,5000,,,315107
61592,,,,1500,,315221
61593,,,,1500,,315225
61594,,,,1500,,315229
61595,,,,1500,,315231
61596,,5000,,,,315244
61597,,8000,,,,315254
61598,,,120000,,,315240
61599,,,,1500,,315270
61600,,,,1500,,315285
61601,,,,1500,,315290
61602,,,,1500,,315297
61603,,,,1500,,315298
61604,,,,1500,,315301
61605,,,,1500,,315302
61606,,,,1500,,315303
61607,,,,1500,,315304
61608,,3000,,,,315311
61609,,,,1500,,315339
61610,,,45000,1000,,315341
61611,,,,1500,,315353
61612,,,,1500,,315355
61613,,,,1500,,315360
61614,,,60000,1500,,315362
61615,,,,1500,,315363
61616,,,,1500,,315367
61617,,,,1500,,315370
61618,,,,1500,,315371
61619,,,,1500,,315372
61621,,,2000,,,315410
61622,,,,1500,,315417
61623,,,6000,,,315440
61626,,120000,,1500,,315443
61628,,,,1000,,315496
61630,,,45000,1000,,315508
61631,,3000,3000,3000,,315517
61633,,,,1500,,315594
61634,,,10000,,,315595
61635,,3000,,,,315603
61636,,,10000,,,315642
61637,,,15000,,,315643
61638,,3000,,,,314115
61639,,,5000,,,315661
61640,,,5000,,,315662
61641,,4000,,,,315671
61642,,,,1500,,32223
61643,,,,1500,,183435
61644,,,,1500,,465
61645,,,3000,,,315688
61646,,10000,,,,315711
61647,,,18000,1500,,315720
61648,,6000,,,,315742
61655,,,3000,,,306548
61656,,3000,,,,315802
61659,,,1000,,,315825
61660,,3000,,,,315830
61661,,,,1000,,315832
61662,,,2000,,,315872
61663,,5000,,,,315887
61664,,20000,60000,,,314585
61667,,5000,,,,310323
61668,,2000,,,,315916
61669,,20000,90000,,,313948
61671,,2000,,,,315919
61672,,18000,,,,314927
61673,,18000,,,,314933
61674,,18000,,,,314931
61675,,18000,,,,314936
61676,,,,1500,,315937
61677,,,,1500,,315944
61678,,,,1000,,315951
61679,,,10000,,,315957
61680,,,,500,,315963
61681,,3000,,,,315980
61682,,3000,,,,315965
61684,,8000,,,,316011
61685,,3000,,,,316021
61690,,,10000,,,316042
61691,,,15000,,,316043
61692,,3000,,,,316047
61693,,3000,,,,316061
61697,,,1000,,,316086
61698,,5000,,,,316088
61699,,,3000,,,316089
61701,,6000,,,,316103
61702,,2000,,,,316133
61703,,4000,,,,316212
61706,,,,1500,,316239
61714,,,15000,,,316309
61715,,1500,10000,,,316311
61716,,1500,6000,,,316314
61718,,3000,,,,316322
61719,,3000,3000,,,316341
61720,,,6000,,,316344
61721,,5000,,,,316383
61722,,,6000,,,316363
61724,,,11000,,,316417
61725,,2000,,,,316439
61726,,,30000,,,316449
61727,,1000,,,,316477
61729,,,90000,1500,,316593
61730,,1500,,,,316598
61731,,1500,8000,,,316607
61732,,4000,,,,316620
61733,,,,1500,,316627
61734,,,,1500,,316628
61735,,,,1500,,316629
61736,,16000,,,,316618
61740,,30000,,,,316662
61741,,6000,,,,316663
61742,,2000,,,,316679
61743,,,500,,,316688
61744,,5000,,,,316689
61745,,,500,,,316712
61746,,6000,6000,,,316711
61749,,,1000,,,316807
61750,,,1000,,,316835
61751,,,10000,,,296006
61752,,2000,,,,316853
61753,,5000,,,,316875
61754,,,15000,,,310184
61758,,,1000,,,316888
61759,,3000,,,,316890
61760,,10000,,,,316893
61761,,,5000,,,316904
61762,,5000,,,,316906
61763,,,4000,,,316914
61764,,1500,,1500,,316936
61765,,,5000,,,300695
61768,,5000,,,,306788
61769,,3000,,,,306319
61770,,3000,,,,311551
61772,,,45000,1500,,317009
61773,,,240000,1500,,316958
61774,,60000,,,,316622
61775,,3000,,,,317021
61776,,,6000,1500,,317072
61777,,5000,,,,313500
61778,,,300000,1500,,317130
61783,,,,20000,,317139
61785,,,2000,,,317249
61786,,,1500,,,317256
61787,,,6000,,,317258
61788,,,30000,1500,,317272
61789,,,,1500,,317301
61792,,3000,,,,317362
61793,,,,1500,,317370
61795,,,,1500,,317378
61796,,5000,,,,317383
61798,,,,1500,,316107
61800,,,,1500,,317429
61801,,,,1500,,317434
61802,,,,1500,,317435
61803,,,6000,1500,,317349
61804,,,6000,1500,,317485
61805,,2000,,,,317494
61806,,2000,,,,317495
61807,,2000,,,,317499
61808,,1500,,,,317500
61809,,2000,,,,317506
61810,,2000,,,,317507
61811,,2000,,,,317503
61812,,,15000,,,317530
61814,,1500,6000,,,317533
61815,,3000,,,,315019
61816,,,1000,,,317541
61817,,3000,,,,317547
61818,,2000,,,,305913
61819,,5000,,,,317559
61820,,,,1500,,317562
61821,,,5000,,,317549
61822,,3000,,,,310042
61823,,1500,,,,317598
61825,,,4000,,,317650
61826,,3000,,,,317661
61827,,5000,,,,317655
61828,,5000,,,,317623
61829,,1000,5000,,,317676
61830,,3000,,,,313763
61831,,3000,,,,309055
61832,,,,1500,,317697
61833,,,,1500,,317704
61834,,,,1500,,317707
61836,,,4000,,,317771
61837,,,600000,,,317837
61838,,,3000,,,317876
61839,,,3600000,,,317204
61840,,,,1500,,317920
61841,,3000,,,,317936
61842,,4000,,,,317948
61843,,4000,,,,317950
61844,,3000,,,,317963
61846,,,3000,,,318027
61848,,18000,,,,318037
61849,,18000,,,,317685
61850,,,3000,,,318082
61852,,,9000,1500,,318125
61853,,3000,,,,318137
61854,,3000,,,,318121
61855,,,10000,,,318107
61856,,,,1500,,318149
61857,,,,1000,,318151
61858,,,,1500,,318154
61859,,,,1500,,318158
61860,,,10000,1500,,318159
61861,,,,1300,,318162
61862,,,5000,,,318164
61863,,,8000,,,318172
61864,,3000,,,,318135
61866,,,1000,,,318221
61867,,,,1500,,318223
61868,,3000,,,,318243
61870,,,,1500,,318300
61871,,3000,,,,318312
61872,,,1800000,,,317210
61873,,,1800000,,,317938
61874,,5000,,,,305515
61877,,,180000,,,318378
61878,,,10000,,,318385
61881,,,1000,,,318407
61885,,,60000,,,318453
61897,,20000,120000,,,318476
61913,,3000,,,,318623
61926,,,1200000,,,318741
61932,,,60000,,,318763
61933,,,5000,,,318771
61935,,,6000,,,318776
61936,,,6000,,,318778
61941,,2000,,,,318813
61944,,3000,,,,318833
61945,,3000,,,,318319
61949,,2000,,,,318844
61952,,,,1500,,318876
61953,,3000,,,,318879
61954,,,30000,,,316503
61955,,,20000,,,317277
61956,,2000,,,,318892
61958,,3000,,,,318900
61959,,,30000,,,318919
61964,,2000,,,,318946
61969,,,20000,,,319021
61971,,,30000,,,319049
61972,,,1000,,,319114
61973,,10000,,,,319118
61974,,,1000,,,319123
61975,,,1000,,,319125
61976,,3000,,,,319145
61977,,,1000,,,319159
61978,,3000,,,,319147
61979,,3000,,,,319167
61980,,,,1000,,319175
61981,,3000,,,,319188
61982,,,5000,,,319189
61983,,3000,,,,319219
61984,,,600000,1500,,312370
61985,,3000,,,,319266
61986,,3000,,,,319286
61987,,3000,,,,319289
61988,,5000,,,,319292
61989,,,,1500,,319310
61990,,,,40000,,306289
61991,,1000,,,,319369
61992,,,6000,,,319370
61993,,3000,,,,319208
61994,,3000,,,,319391
61995,,,3000,,,319411
61996,,,3000,,,319415
61997,,,8000,,,319418
61998,,12000,,,,319429
61999,,3000,,,,319441
62000,,,12000,,,319444
62001,,,4000,,,319445
62002,,,300000,1500,,319454
62003,,2000,,,,319465
62004,,3000,,,,319506
62005,,,30000,,,319556
62007,,,1500,,,319566
62008,,,60000,,,319575
62009,,2000,20000,,,319525
62011,,1000,2500,,,319623
62012,,8000,,,,319633
62013,,10000,,,,319521
62014,,3000,,,,319650
62015,,,5000,,,305240
62017,,2000,,,,319686
62018,,3000,,,,319654
62019,,4000,,,,319685
62020,,,1000,,,319717
62021,,10000,,,,319390
62022,,,,1500,,33757
62025,,3000,,,,319776
62026,,5000,,8000,,319831
62027,,,500,1500,,319836
62028,,3000,,,,319843
62029,,3000,,,,319890
62030,,3000,,,,319906
62031,,3000,,,,319916
62033,,,3000,,,319924
62034,,3000,,,,319935
62038,,3000,,,,319956
62039,,3000,,,,319957
62040,,3000,,,,319966
62043,,,4000,,,319979
62044,,,4000,,,319980
62045,,3000,,,,319889
62046,,3000,,,,319994
62047,,3000,,,,320002
62048,,3000,,,,320007
62050,,3000,,,,320013
62051,,3000,,,,320019
62052,,,4000,,,320020
62053,,10000,,,,313790
62055,,,30000,,,319043
62056,,5000,,,,320067
62058,,3000,,,,320069
62061,,,60000,1500,,320137
62062,,,90000,1500,,210727
62064,,,,1500,,320218
62065,,,60000,1500,,192087
62066,,3000,,,,320243
62067,,3000,,,,319644
62068,,3000,,,,319727
62069,,3000,,,,319711
62070,,,8000,,,320291
62071,,3000,,,,319224
62072,,3000,,,,319536
62073,,3000,,,,320041
62075,,5000,30000,,,320328
62076,,,60000,1500,,320341
62077,,5000,,,,320335
62078,,2000,,,,320376
62079,,3000,,,,320135
62080,,3000,,,,320390
62081,,3000,,,,320392
62082,,5000,,,,320408
62083,,3000,,,,320409
62084,,,3000,,,320425
62085,,,5000,,,320433
62100,,1500,,,,320520
62105,,6000,,,,319713
62115,,,2000,,,306597
62116,,,12000,,,320616
62117,,,6000,1500,,320619
62118,,2000,,,,318402
62119,,2000,,,,318255
62121,,2000,,,,318605
62122,,,,1500,,320640
62123,,,,1500,,320641
62125,,3000,,,,320637
62126,,2000,,,,320655
62128,,3000,,,,320671
62129,,,90000,1500,,320674
62130,,3000,,,,320679
62131,,3000,,,,320726
62132,,3000,,,,320734
62133,,,,1000,,305624
62135,,,20000,1500,,320746
62136,,4000,,,,320596
62138,,3000,,,,320367
62139,,,180000,1000,,16191
62140,,1500,,,,320768
62141,,1500,,,,320783
62142,,3000,,,,320788
62143,,30000,,1500,,320802
62144,,2000,,,,320803
62145,,30000,,1500,,320813
62146,,1500,,,,320819
62147,,1500,,,,320821
62148,,3000,,,,320822
62149,,3000,,,,320854
62150,,3000,,,,320859
62151,,2000,,,,320843
62152,,2000,,,,320861
62153,,,,1500,,320976
62156,,3000,,,,321000
62157,,3000,,,,320716
62158,,3000,,,,321045
62159,,3000,,,,321049
62162,,6000,,,,321043
62163,,6000,,,,320989
62164,,3000,,,,320805
62165,,12000,,,,320838
62166,,3000,,,,321065
62167,,5000,,,,321102
62168,,6000,,,,321124
62169,,,1000,,,321129
62170,,,5000,,,321137
62171,,,10,1500,,321139
62172,,,6000,1500,,321161
62173,,,30000,1500,,321164
62174,,30000,,,,321165
62175,,3000,,,,321166
62176,,,,1500,,321183
62178,,10000,,,,321240
62179,,2000,,,,321249
62180,,2000,,,,321235
62181,,60000,60000,,,321269
62183,,60000,60000,,,321278
62184,,3000,,,,321285
62185,,60000,60000,,,321294
62186,,,,1500,,321297
62187,,3000,,,,321321
62188,,6000,,,,321330
62189,,,60000,1500,,321335
62194,,,,7000,,321384
62195,,,,1500,,321395
62196,,120000,,1500,,321405
62198,,120000,,1500,,321419
62200,,,1500,,,321450
62201,,120000,,1500,,321473
62202,,180000,180000,,,321476
62203,,2000,,,,321327
62204,,2000,,,,321328
62205,,2000,,,,321490
62206,,2000,,,,321491
62207,,2000,,,,321492
62208,,2000,,,,321494
62209,,2000,,,,321495
62210,,2000,,,,321496
62211,,2000,,,,321497
62212,,2000,,,,321498
62213,,2000,,,,321499
62214,,2000,,,,321500
62217,,,45000,1500,,260243
62218,,,5000,1500,,321516
62219,,,60000,1500,,321530
62226,,,1000,,,321571
62227,,,10000,,,321572
62228,,4000,,,,310329
62231,,6000,,,,320196
62232,,6000,,,,321652
62235,,,2000,,,321697
62236,,,30000,,,321700
62237,,,12000,,,321705
62238,,,30000,,,321712
62239,,3000,,,,321633
62240,,3000,,,,320657
62246,,,60000,1500,,321792
62247,,,,1000,,321819
62248,,3000,,,,321820
62251,,1500,1500,,,321847
62252,,1500,1500,,,321844
62253,,1500,1500,,,321843
62254,,,2000,1000,,321939
62257,,,45000,,,321995
62258,,,,1500,,321997
62259,,5000,,,,322000
62264,,4000,,,,319417
62265,,,15000,1000,,322101
62266,,,180000,1500,,322109
62267,,,120000,1500,,322118
62276,,3000,,,,322171
62277,,,5000,1500,,322177
62279,,,500,,,322202
62281,,,3000,,,322221
62283,,3000,,1500,,322227
62284,,,3000,,,322235
62285,,3000,,,,322271
62286,,4000,,,,322292
62298,,3000,,,,322416
62299,,3000,,,,322429
62300,,3000,,,,322433
62302,,6000,,,,320772
62303,,,,5000,,321368
62304,,,,5000,,321894
62311,,,,1000,,322507
62320,,,,1500,,316944
62325,,,,1500,,322729
62326,,3000,,,,322743
62327,,4000,,,,322470
62328,,15000,,,,321520
62329,,8000,,,,322768
62330,,,3000,,,322775
62331,,,20000,,,322777
62332,,,30000,,,322779
62334,,9000,,,,322814
62335,,3000,,,,322818
62336,,3000,,,,322884
62337,,15000,,,,322892
62340,,,5000,,,322925
62342,,2000,,,,322764
62345,,4000,,,,322936
62347,,4000,,,,322982
62348,,6000,,,,322974
62349,,14000,,,,322913
62351,,1000,,,,323071
62352,,,1500,,,323056
62353,,,1500,,,313329
62354,,,40000,,,323054
62356,,,5000,,,323127
62357,,,20000,,,323121
62361,,,,2000,,323170
62363,,,,2000,,323185
62365,,,,2000,,323183
62367,,,,2000,,323181
62369,,,,2000,,323179
62370,,3000,,,,323190
62371,,,6000,1500,,323201
62373,,3000,,,,323309
62381,,,,1500,,323340
62382,,,1500,,,323341
62383,,,30000,,,323366
62384,,3000,,,,318406
62386,,35000,,,,315675
62387,,,,3000,,321106
62388,,3000,,,,322970
62389,,5000,,,,322978
62393,,180000,,,,323436
62395,,,24000,1000,,323444
62396,,3000,,,,323461
62398,,43200000,,,,323427
62399,,6000,,,,323501
62400,,4000,,,,323503
62401,,2000,,,,323538
62402,,3000,,,,323515
62403,,,180000,,,323546
62404,,,45000,1000,,323547
62405,,2000,,,,323552
62411,,3000,3000,,,323563
62413,,5000,,,,323592
62414,,,30000,,,323602
62415,,,1000,,,323622
62416,,,5000,,,323623
62417,,3000,,,,323636
62418,,,90000,1500,,323639
62419,,5000,,,,323645
62422,,,90000,1000,,323654
62424,,,45000,1500,,323673
62425,,3000,,,,323675
62426,,,1000,,,323691
62427,,,,1500,,323695
62430,,,1000,,,323698
62431,,3000,,,,323708
62434,,3000,,,,323689
62436,,3000,,,,323730
62438,,5000,,,,323752
62439,,,120000,1500,,323764
62440,,10000,,,,323766
62441,,2000,,,,323785
62442,,6000,,,,323786
62444,,,15000,,,323860
62446,,,6000,,,323866
62448,,,5000,,,323870
62451,,,,1500,,323946
62452,,,,1500,,323947
62453,,,10000,,,313712
62454,,,1500,,,323966
62455,,,1500,,,323968
62456,,,6000,,,323998
62458,,,900000,1000,,324031
62459,,,7000,,,324038
62460,,5000,,,,324003
62461,,,5000,,,324040
62462,,,,1500,,324050
62463,,,,1000,,324073
62464,,,,1000,,324074
62466,,35000,,,,324086
62467,,,,1500,,324128
62470,,,120000,1500,,324143
62472,,,30000,1500,,324149
62475,,,,1000,,324199
62476,,,1000,,,324204
62477,,,180000,1500,,324220
62478,,,5000,,,324273
62479,,,5000,1500,,324274
62480,,,3000,,,324280
62482,,,6000,,,323544
62483,,,60000,1000,,324312
62489,,,60000,1000,,324386
62490,,,8000,1000,,324405
62491,,,,1000,,324406
62492,,,,1500,,324407
62493,,,20000,,,324408
62494,,2000,,,,324372
62495,,2000,,,,324394
62496,,2000,,,,324387
62497,,2000,,,,324323
62502,,,3000,,,324519
62504,,22000,,,,324459
62505,,5000,,,,324527
62506,,5000,,,,324506
62507,,,,1500,,324536
62509,,43200000,,,,324547
62510,,,,1500,,324557
62515,,,120000,1500,,324631
62518,,,,1000,,324651
62520,,,,1000,,324657
62521,,,5000,1000,,324666
62522,,3000,,,,324667
62523,,,1000,1000,,324669
62524,,,10000,1500,,324683
62528,,500,4000,1500,,324701
62529,,3000,,,,323137
62530,,,,1000,,324722
62531,,,60000,1500,,324724
62532,,,300000,1500,,324739
62533,,,10000,1000,,324744
62535,,,,1500,,324750
62536,,,,1000,,324779
62537,,,1000,,,324781
62540,,,8000,1000,,324785
62541,,,10000,1000,,324790
62542,,10000,,,,324444
62544,,,,1000,,324795
62545,,2000,,1000,,324821
62546,,10000,,,,324824
62547,,,3000,1000,,324835
62548,,,5000,1000,,324842
62549,,,10000,1000,,324863
62550,,,3000,,,324920
62552,,,180000,1500,,325013
62553,,,,1000,,325020
62554,,,45000,1500,,325028
62558,,,60000,1500,,325104
62559,,,3000,,,325142
62560,,,60000,1000,,325153
62561,,19000,,,,325143
62563,,,120000,1500,,325197
62564,,12000,,,,325171
62565,,,60000,1500,,325203
62566,,,60000,1000,,325216
62572,,10000,,,,325272
62573,,1000,,,,325275
62574,,,30000,,,323367
62576,,,45000,1500,,325289
62577,,,3000,1000,,325283
62578,,500,4000,1500,,325296
62579,,1000,,,,325318
62582,,2000,,,,325506
62583,,2000,,,,325440
62585,,5000,,,,325552
62587,,3000,,,,325238
62589,,,,1500,,325624
62590,,,60000,1500,,325640
62591,,,25000,1500,,325727
62592,,,10000,,,325738
62594,,5000,,,,325793
62595,,,5000,,,325831
62596,,,15000,,,325837
62598,,5000,,,,325872
62599,,,90000,1500,,325886
62603,,,1500,,,325947
62606,,40000,,,,325932
62609,,,,1500,,326059
62610,,,,1500,,326064
62613,,,10000,,,326170
62618,,18000,,,,326264
62623,,,,1500,,326434
62624,,60000,,,,326446
62625,,5000,,,,326457
62626,,60000,,,,326462
62627,,,6000,,,326485
62628,,,6000,,,326487
62629,,,10000,1500,,326517
62630,,10000,10000,1500,,326525
62631,,,,1500,,326526
62633,,60000,,,,326647
62634,,,6000,1500,,326654
62635,,,20000,1500,,326656
62636,,,5000,1000,,326668
62637,,,4000,,,326671
62638,,,8000,1500,,326679
62639,,,8000,1500,,326683
62640,,,7000,,,326686
62641,,,5000,1500,,326689
62642,,,3000,1500,,326690
62643,,,,1500,,326692
62644,,,5000,1500,,326694
62645,,,15000,1000,,326696
62646,,,15000,1000,,326697
62649,,15000,15000,,,326886
62650,,,45000,,,326887
62651,,3000,,,,319910
62654,,10000,10000,1500,,327002
62655,,,10000,1500,,327003
62656,,,800,,,327007
62662,,15000,15000,,,327098
62663,,,500,1000,,327104
62666,,1000,,,,321038
62667,,1000,,,,327114
62668,,3000,,,,327127
62673,,10000,10000,1500,,327203
62674,,,10000,1500,,327204
62675,,4000,,,,327054
62676,,6000,,,,327233
62677,,2000,,,,323252
62680,,9000,,,,327274
62681,,3000,,,,327262
62682,,2000,,,,327255
62683,,2000,,,,327256
62684,,3000,,,,327246
62685,,1000,,,,327289
62686,,1500,1500,1500,,327352
62687,,13000,,,,327336
62688,,1500,1500,1500,,327367
62689,,,30000,,,327371
62693,,3000,,,,327390
62694,,3000,,,,327391
62695,,15000,,,,327392
62696,,2000,,,,321780
62697,,2000,,,,327393
62699,,2000,,,,320464
62700,,15000,,,,313189
62703,,5000,,,,327062
62705,,3000,,,,327481
62706,,,8000,,,327528
62708,,3000,,,,327550
62710,,10000,10000,1500,,327556
62711,,,10000,1500,,327557
62712,,,120000,1500,,327574
62713,,10000,10000,1500,,327580
62714,,5000,,,,327584
62715,,5000,,,,327608
62716,,10000,,,,325873
62717,,8000,,,,326461
62718,,,30000,,,327618
62719,,3000,,,,327648
62720,,,90000,1500,,327661
62722,,,,1500,,327839
62724,,30000,,,,326123
62725,,,30000,,,327923
62727,,,10000,,,327955
62729,,5000,,,,328003
62730,,3000,,,,327995
62731,,3000,,,,328002
62732,,3000,,,,328016
62733,,3000,,,,328018
62736,,5000,,,,328062
62738,,,,1000,,328082
62739,,1000,,,,328087
62740,,,,1000,,328094
62743,,3000,,,,328146
62745,,,,1500,,328204
62746,,,,2000,,328180
62747,,5000,,,,328206
62748,,,180000,,,328216
62749,,,120000,1500,,328231
62754,,45000,,1500,,328282
62755,,,180000,1000,,326860
62756,,3000,,,,328295
62757,,,90000,1000,,328305
62758,,5000,,,,328331
62759,,15000,,,,328338
62762,,5000,,,,328380
62763,,3000,,,,328318
62764,,2000,,,,324293
62767,,3000,,,,328400
62769,,,60000,,,328491
62771,,,120000,,,328511
62773,,45000,,1500,,328281
62775,,1500,60000,,,328530
62776,,,,1000,,328547
62777,,2000,,,,326633
62778,,,,1500,,328557
62779,,1000,,,,328592
62780,,1000,,,,328591
62781,,1000,,,,328595
62782,,1000,,,,328596
62785,,15000,,,,328651
62787,,,,1000,,328742
62789,,,,1000,,328773
62790,,1500,60000,,,328774
62791,,3000,,,,328781
62792,,,500,,,328793
62793,,3000,,,,328831
62794,,2000,,,,328846
62795,,5000,,,,328848
62796,,6000,,,,328856
62797,,,120000,1500,,328923
62798,,,,1500,,328930
62799,,,1500,1500,,328932
62800,,,,1500,,328927
62801,,3000,,,,328940
62802,,3000,,,,328929
62803,,,10000,1500,,328978
62804,,,5000,,,328806
62806,,1500,30000,,,329006
62807,,,30000,,,329036
62808,,,20000,,,329038
62809,,10000,10000,1500,,329065
62810,,,10000,1500,,329066
62811,,5000,,,,329082
62812,,2000,,,,329083
62813,,5000,,,,329087
62814,,3000,,,,329110
62815,,,20000,,,329131
62818,,,6000,,,329211
62819,,4000,,,,329239
62820,,,1000,,,329267
62821,,6000,,,,329308
62822,,4000,,,,329325
62823,,13000,,,,328791
62824,,13000,,,,323393
62825,,5000,,,,323142
62827,,2000,,,,323437
62828,,2000,,,,327885
62829,,5000,,,,323230
62830,,4000,,1500,,329366
62831,,4000,,,,329383
62833,,,60000,1500,,329398
62834,,4000,,,,329432
62835,,18000,,,,329436
62836,,15000,,,,329438
62837,,,4000,,,329348
62860,,5000,,,,325774
62861,,5000,,,,325064
62862,,10000,,,,325005
62866,,120000,,1500,,329554
62872,,,5000,,,329600
62873,,,5000,,,329601
62874,,,5000,,,329602
62875,,5000,,,,329606
62898,,8000,,,,329690
62902,,45000,,1500,,328620
62903,,45000,,1500,,328622
62909,,,10000,,,329582
62911,,20000,90000,,,329831
62912,,20000,120000,,,329840
62913,,3000,,,,329870
62914,,,,1500,,329900
62915,,10000,,1500,,329905
62916,,8000,,,,329908
62917,,4000,,,,329909
62918,,,,1500,,329913
62919,,,,1500,,329936
62920,,5000,,,,329917
62921,,15000,,,,329966
62922,,3000,,,,329985
62923,,2000,,,,329986
62924,,,12000,,,329987
62928,,,,20000,,328880
62931,,,30000,1500,,330067
62932,,,20000,1500,,330108
62933,,,1000,,,329896
62934,,3000,,,,330317
62935,,20000,180000,,,330323
62936,,2000,,,,330324
62937,,3000,,,,330292
62938,,3000,,,,330285
62939,,,4500,1500,,330325
62940,,,6000,1500,,330334
62941,,180000,,,,330363
62942,,180000,,,,330364
62943,,180000,,,,330366
62944,,180000,,,,330367
62945,,180000,,,,330368
62946,,,,1500,,330371
62947,,180000,,,,330372
62948,,180000,,,,330373
62949,,180000,,,,330376
62950,,180000,,,,330380
62952,,2000,,,,330386
62953,,2000,,,,330387
62954,,2000,,,,330390
62955,,5000,,,,327882
62956,,3000,,,,330403
62957,,3000,,,,330417
62958,,3000,,,,330435
62959,,3000,,,,330437
62960,,3000,,,,330443
62961,,3000,,,,330453
62962,,2000,,,,330455
62963,,2000,,,,330457
62964,,,,1500,,330458
62965,,5000,,,,330485
62966,,,30000,,,330548
62969,,3000,,,,330568
62970,,25000,,1500,,330588
66210,,,1000,,,330618
66211,,2000,,,,330632
66212,,,,1500,,330634
66213,,,8000,,,330664
66214,,,8000,,,330669
66215,,3000,,,,330676
66216,,3000,,,,330697
66217,,3000,,,,330703
66218,,10000,,,,330699
66219,,3000,,,,330725
66220,,3000,,,,330736
66221,,3000,,1500,,330744
66222,,,12000,,,330680
66224,,8000,,,,330791
66225,,3000,,,,330815
66227,,,24000,1000,,330898
66228,,,,1500,,330901
66229,,,15000,1000,,330907
66230,,,1000,1000,,330911
66231,,180000,,1500,,330914
66232,,180000,,1500,,330338
66233,,180000,,1500,,329692
66234,,60000,,1500,,321283
66235,,60000,,1500,,321271
66236,,60000,,1500,,321295
66237,,,,1000,,330970
66238,,,,1500,,330997
66239,,,5000,,,331009
66241,,2000,,,,331065
66242,,3000,,,,331098
66243,,,1000,,,331117
66244,,,900000,,,289277
66245,,,,1500,,331124
66246,,,30000,,,331132
66247,,6000,,,,331133
66248,,,4000,,,322065
66249,,,2000,,,331161
66250,,,2000,,,331163
66251,,20000,,,,331152
66252,,3000,,,,322239
66253,,3000,,,,322240
66254,,3000,,,,331236
66255,,,,1000,,322891
66257,,,10000,1500,,331279
66258,,,30000,,,331294
66259,,5000,,,,322903
66260,,,1000,1000,,331381
66261,,,5000,,,331312
66262,,,600000,,,331389
66263,,3000,,,,331419
66264,,,300000,,,331427
66265,,,1500,,,331434
66266,,3000,,,,331485
66267,,,600000,1500,,331524
66269,,,10000,,,331494
66270,,,10000,,,331499
66271,,,10000,,,331538
66273,,3000,,,,331585
66274,,20000,120000,,,331523
66275,,,45000,1500,,331628
66276,,,180000,1500,,331642
66277,,,120000,1000,,331643
66278,,,180000,1500,,331644
66279,,,,1500,,331645
66280,,4000,,,,320644
66281,,2000,,,,331618
66282,,,1500,,,331674
66283,,,1500,,,331732
66285,,10000,,,,331779
66286,,2000,,,,331811
66287,,3000,,,,331812
66288,,7000,,,,331813
66289,,3000,,,,325245
66290,,3000,,,,325457
66292,,3000,,,,328945
66293,,3000,,,,323640
66295,,40000,,,,331935
66297,,,,1500,,331959
66298,,,,1500,,331962
66299,,,5000,,,331036
66300,,,1500,,,331972
66301,,,60000,,,331974
66302,,60000,,,,331978
66303,,,,1500,,332083
66305,,,3000,3000,,332164
66306,,1000,,,,332168
66307,,1000,10000,,,332169
66308,,,60000,1000,,332172
66309,,2000,,,,332181
66310,,,30000,,,332121
66311,,,2000,,,332235
66312,,,30000,1500,,332299
66313,,,30000,1500,,332300
66314,,,30000,1500,,332301
66316,,,5000,,,332335
66318,,,5000,,,332343
66319,,,8000,,,332339
66320,,3000,,,,332380
66321,,3000,,,,332384
66322,,3000,,,,332389
66326,,,12000,,,332430
66327,,,60000,,,332423
66328,,,1000,1000,,332468
66329,,,10000,1000,,332469
66330,,,30000,,,332470
66331,,,20000,1000,,332471
66332,,,60000,,,324263
66333,,3000,,,,332500
66334,,1000,1000,,,332510
66335,,,1000,,,332518
66336,,4000,,,,332524
66337,,,1000,,,332533
66338,,,45000,1500,,332544
66339,,3000,,,,325119
66340,,6000,,,,332567
66341,,5000,,,,332568
66343,,,10000,,,332598
66344,,,60000,1000,,332599
66345,,,,1500,,332605
66346,,,2000,,,332613
66347,,3000,,,,332617
66348,,2000,,,,332646
66349,,3000,,,,332656
66350,,8000,,,,332665
66351,,,,1500,,332666
66352,,,250,,,332710
66353,,3000,,20000,,332701
66354,,,30000,,,332770
66355,,3000,,,,332792
66356,,,,1500,,332783
66358,,,,1500,,332818
66359,,,,1500,,332820
66360,,45000,120000,1500,,332829
66362,,,500,,,332860
66363,,3000,,,,332865
66364,,,15000,,,332866
66365,,,15000,,,332888
66369,,,1500,,,332894
66370,,5000,,,,332955
66371,,10000,,,,332962
66372,,500,,,,332968
66373,,,,5000,,332981
66374,,10000,,,,332870
66375,,3000,,,,333011
66376,,,10000,,,332642
66377,,,3000,1500,,333059
66378,,,6000,1500,,333062
66379,,,20000,1500,,333065
66380,,,1500,,,333078
66381,,,10000,,,333213
66384,,,1500,,,333287
66385,,,1500,,,333288
66386,,,1500,,,333289
66387,,,1500,,,333290
66388,,7000,,,,333241
66391,,,2000,,,333412
66392,,3000,,,,333414
66393,,3000,,,,333417
66394,,3000,,,,333420
66395,,3000,,,,333424
66396,,3000,,,,333428
66397,,3000,,,,333434
66398,,3000,,,,333439
66399,,3000,,,,333442
66400,,3000,,,,333446
66402,,,,1500,,333470
66403,,2000,,,,333479
66404,,,15000,1500,,333522
66405,,,10000,1500,,333519
66406,,,10000,1500,,333521
66407,,,10000,1500,,333520
66409,,3000,,,,333531
66410,,,,1500,,333570
66411,,3000,,,,333604
66413,,,20000,,,333676
66416,,,,1500,,333794
66417,,,,1500,,333795
66418,,,,1500,,333796
66419,,,,1500,,333797
66420,,,,1500,,333799
66421,,,,1500,,333800
66422,,,,1500,,333801
66423,,,,1500,,333802
66424,,,,1500,,333803
66425,,,,1500,,333804
66426,,,,1500,,333819
66427,,,60000,,,333367
66428,,15000,,,,333821
66429,,,2000,,,333831
66430,,,1500,,,333832
66431,,1000,,,,333835
66432,,1000,,,,333836
66433,,1000,,,,333837
66434,,1000,,,,333838
66435,,,,1500,,333863
66436,,,,1500,,333865
66437,,,,1500,,333868
66439,,,180000,,,333889
66440,,,1500,,,333894
66441,,,,1500,,333895
66442,,,5000,1500,,333897
66443,,3000,,,,333921
66444,,,60000,1000,,333925
66445,,5000,,,,333931
66446,,1000,,,,333939
66447,,60000,,,,333940
66449,,,5000,,,333976
66450,,,,1500,,333985
66451,,,5000,1500,,333986
66452,,3000,,,,334002
66453,,5000,,,,334006
66455,,,60000,,,322781
66457,,5000,,,,333975
66458,,,5000,,,334041
66459,,,120000,,,334044
66460,,,120000,,,334045
66462,,,20000,,,323158
66463,,5000,,,,334061
66465,,,10000,,,334080
66469,,3000,,,,334107
66471,,,,1500,,334138
66472,,,,1500,,334139
66473,,,,1500,,334141
66474,,,,1500,,334142
66475,,,,1500,,334143
66476,,,,1500,,334144
66477,,,,1500,,334145
66478,,,,1500,,334146
66479,,,,1500,,334149
66480,,,,1500,,334150
66481,,,,1500,,334151
66482,,,,1500,,334153
66483,,,,1500,,334154
66484,,,,1500,,334155
66485,,,,1500,,334156
66486,,,,1500,,334157
66487,,,,1500,,334158
66488,,,,1500,,334159
66489,,,,1500,,334160
66492,,20000,90000,,,333734
66494,,20000,90000,,,331624
66495,,20000,90000,,,311444
66496,,3000,,,,334200
66497,,6000,,,,311721
66498,,,6000,,,310105
66499,,2000,,,,334207
66500,,1000,,,,334239
66501,,,,1500,,334275
66502,,4000,,,,322736
66503,,,,1000,,334282
66505,,3000,,,,324307
66506,,,,1500,,334302
66507,,,,1500,,334307
66508,,,30000,,,334311
66509,,,30000,,,334340
66510,,,30000,,,334341
66513,,1000,120000,,,334436
66515,,,20000,,,334447
66516,,,45000,,,334348
66517,,,60000,,,334452
66518,,,1000,,,334453
66519,,,1000,,,334456
66520,,10000,,,,334457
66521,,,20000,,,334458
66522,,10000,,,,334462
66523,,,2000,,,334474
66524,,,2000,,,334483
66527,,2000,,,,334053
66530,,,300000,,,334645
66531,,,300000,,,334647
66532,,,,20000,,334522
66533,,,60000,,,334667
66534,,,60000,,,334670
66535,,3000,,,,334674
66536,,,1500,,,334675
66537,,1000,30000,,,334697
66538,,,7000,1500,,334713
66539,,,3000,,,334723
66540,,,1500,,,334733
66541,,1500,,,,334750
66543,,,3000,,,334768
66544,,,,1500,,334789
66545,,,,1500,,334793
66546,,,,1500,,334796
66547,,,,1500,,334798
66548,,,1000,,,334805
66549,,,1500,,,334809
66550,,,2000,,,334828
66551,,,60000,,,334833
66552,,,1000,,,334850
66553,,,2000,,,334855
66554,,,2000,,,334857
66558,,,60000,,,334886
66559,,,,1500,,318038
66560,,,2000,,,334904
66563,,6000,,,,334926
66564,,,20000,,,334962
66566,,,,1500,,334982
66567,,,,1500,,334985
66568,,,,1500,,334987
66569,,,,1500,,334989
66570,,,,1500,,334991
66571,,8000,,,,335019
66573,,10000,,,,335030
66574,,7000,,,,325591
66576,,,,1500,,335050
66577,,,,1500,,335053
66578,,,,1500,,335056
66579,,,,1500,,335060
66581,,,,1500,,335062
66582,,,,1500,,335076
66583,,,,1500,,335080
66584,,,,1500,,335083
66585,,,,1500,,335085
66586,,,,1500,,335087
66587,,4500,,1500,,335096
66588,,,,1500,,335097
66590,,,20000,,,335105
66591,,12000,,,,335120
66592,,15000,,,,335126
66593,,15000,,,,335127
66594,,,,1500,,335235
66595,,3000,,,,335187
66596,,4000,,,,335233
66597,,3000,,,,335251
66598,,,1000,,,335255
66600,,4000,,,,325544
66601,,,3000,,,335283
66602,,,3000,,,335291
66604,,,3000,,,335390
66605,,2000,,,,335398
66606,,,30000,,,335407
66607,,4000,,,,335445
66608,,,,1500,,335467
66610,,,,1500,,335484
66611,,6000,,,,335495
66612,,3000,,,,335517
66614,,1000,,,,335539
66615,,,15000,,,325404
66620,,,5000,,,330602
66621,,,5000,,,330544
66622,,,5000,,,330600
66623,,,5000,,,330598
66626,,6000,,,,335685
66627,,,,1500,,335698
66628,,,3000,,,335706
66629,,,,1500,,335753
66630,,,,1500,,335755
66631,,,,1500,,335762
66632,,,,1500,,335764
66633,,,,1500,,335765
66635,,,10000,,,335814
66636,,3000,,,,335817
66637,,3000,,,,335816
66639,,,2000,,,335267
66640,,,25000,,,335289
66643,,,5000,,,331754
66644,,,20000,,,333211
66645,,,15000,,,334030
66648,,,,1500,,335833
66649,,,,1500,,335834
66650,,,3000,,,304898
66651,,3000,,,,335863
66652,,5000,,,,335867
66653,,,3000,,,335248
66655,,,3000,,,335876
66656,,3000,,,,335881
66657,,,6000,,,335910
66658,,,25000,,,335917
66659,,,,1500,,335962
66661,,,,1500,,335966
66662,,,,1500,,335969
66663,,,,1500,,335972
66664,,,,1500,,335974
66665,,,,1500,,335977
66666,,,,1500,,335979
66667,,,,1500,,335980
66668,,,35000,,,336003
66669,,,,1500,,336020
66670,,,,1500,,336021
66671,,,,1500,,336022
66672,,,,1500,,336024
66673,,,,1500,,336030
66674,,,,1500,,336031
66675,,6000,,,,336047
66676,,,500,,,336092
66677,,5000,,,,336096
66678,,1000,2000,,,336114
66679,,,8000,,,327259
66681,,,10000,,,335888
66682,,,3000,,,335883
66684,,,,1500,,336262
66685,,,30000,,,336178
66686,,3000,,,,336270
66687,,2000,,,,336277
66688,,8000,,,,336293
66689,,,120000,,,329177
66690,,,,1500,,336311
66691,,,60000,,,329012
66692,,,120000,,,329023
66693,,,10000,,,335355
66694,,2000,,,,336374
66695,,7000,,,,336451
66696,,,,1500,,336461
66697,,,10000,,,336466
66698,,20000,150000,,,336465
66699,,,1000,,,73325
66700,,,10000,,,336476
66702,,,,1500,,336517
66703,,30000,30000,,,336515
66704,,30000,45000,,,336543
66705,,30000,60000,,,336552
66706,,,,1500,,336570
66707,,,,1500,,336573
66708,,,,1500,,336574
66709,,30000,30000,,,336575
66710,,,,1500,,336576
66711,,,,1500,,336577
66712,,,,1500,,336580
66713,,,,1500,,336582
66714,,,,1500,,336583
66715,,,,1500,,336585
66716,,20000,120000,,,336588
66717,,30000,60000,,,336605
66718,,30000,90000,,,336618
66719,,30000,60000,,,336628
66720,,,1500,,,336647
66721,,2000,,,,332836
66722,,2000,,,,330586
66723,,1500,6000,,,336663
66724,,2000,,,,336709
66725,,2000,,,,336715
66726,,30000,40000,,,336757
66727,,5000,,,,336809
66728,,3000,,,,336804
66730,,2000,,,,336834
66731,,3000,,,,336838
66732,,20000,90000,,,336841
66733,,,150000,,,336850
66734,,20000,90000,,,336866
66735,,,,1500,,336872
66736,,3000,,,,336811
66737,,6000,,,,336782
66738,,7000,,,,336833
66740,,5000,,,,336910
66741,,3000,,,,336947
66743,,2000,,,,336964
66744,,15000,,,,336859
66745,,2000,,,,337013
66746,,,1500,,,337030
66747,,,,1500,,337031
66749,,1000,,,,337042
66750,,5000,,,,337047
66751,,2000,,,,337063
66752,,2000,,,,336996
66753,,2000,,,,317605
66754,,2000,,,,337085
66756,,6000,,,,337120
66757,,5000,,,,337131
66759,,5000,,,,336958
66760,,2000,,,,337175
66761,,2000,,,,337178
66763,,3000,,,,337199
66766,,,15000,,,337218
66767,,,5000,,,337221
66769,,,,1500,,337247
66770,,,90000,,,327193
66771,,,1500,,,337310
66772,,5000,,,,337309
66773,,60000,,,,337317
66774,,3000,,,,337347
66775,,6000,,,,337351
66776,,,,1500,,337357
66777,,,5000,,,337383
66778,,,5000,,,337387
66779,,,5000,,,337395
66780,,5000,,,,337397
66785,,,,1500,,337499
66786,,,,1500,,337500
66787,,,,5000,,337502
66789,,30000,30000,,,336753
66790,,15000,,1500,,337505
66791,,,2000,,,337513
66792,,,180000,,,337518
66793,,,2000,,,337530
66794,,,2000,,,337531
66795,,3000,,,,337277
66797,,,120000,,,337567
66798,,,5000,,,337578
66799,,,5000,,,337606
66800,,6000,,,,334009
66801,,2000,,,,337647
66802,,3000,,,,337648
66803,,6000,,,,334338
66804,,3000,,,,334541
66805,,2000,,,,337649
66806,,10000,,,,337419
66807,,2000,,,,337664
66808,,15000,,,,337655
66809,,,,1500,,337694
66810,,1500,5000,,,337699
66812,,3000,,,,337742
66813,,3000,,,,337785
66816,,5000,,,,337903
66817,,5000,,,,337920
66819,,,30000,,,337943
66820,,,1500,,,337945
66822,,,30000,,,337959
66823,,,30000,,,337961
66824,,3000,,,,337982
66825,,3000,,,,337995
66826,,3000,,,,337996
66827,,3000,,,,338022
66830,,60000,,,,338035
66832,,,20000,,,338069
66833,,,60000,,,338032
66834,,,,1000,,338079
66835,,30000,,,,338083
66836,,15000,,,,338109
66837,,30000,,,,338132
66838,,60000,,,,338018
66839,,,30000,,,337006
66840,,60000,,,,338142
66841,,,1000,,,338256
66842,,,12000,,,338308
66843,,2000,,,,338357
66844,,2000,,,,338358
66845,,3000,,,,338362
66847,,,30000,,,338382
66848,,1000,120000,,,338385
66849,,,4000,,,338397
66851,,2000,,,,338456
66852,,,1500,,,338467
66853,,4000,,,,338468
66854,,3000,,,,338423
66855,,5000,,,,338490
66856,,,5000,,,338502
66858,,,500,,,338521
66859,,,15000,,,338479
66860,,1500,,,,338583
66861,,5000,,,,337565
66863,,5000,,,,338434
66864,,,2000,,,338648
66866,,,2000,,,338655
66868,,1000,,,,338715
66869,,,,1500,,338740
66870,,3000,,,,338742
66871,,,5000,1500,,338745
66872,,2000,,,,338903
66873,,3000,,,,338904
66874,,,,1500,,338923
66875,,,,1500,,338926
66876,,5000,,,,332657
66877,,6000,,,,338936
66878,,3000,,,,338937
66879,,5000,,,,333929
66881,,,20000,,,339029
66882,,3000,,,,338855
66883,,3000,,,,338854
66884,,3000,,,,338853
66885,,3000,,,,338857
66886,,2000,,,,338852
66887,,,5000,,,339047
66888,,2000,,,,338858
66889,,2000,,,,338863
66890,,3000,,,,338864
66891,,3000,,,,338867
66892,,2000,,,,338872
66893,,,2000,,,339120
66894,,5000,,,,339164
66895,,5000,,,,339209
66896,,5000,,,,339217
66897,,,20000,,,339221
66899,,3000,,,,338848
66900,,2000,,,,338847
66901,,3000,,,,338851
66902,,2000,,,,338846
66903,,,30000,,,339254
66905,,,,1500,,339298
66906,,3000,,,,339311
66907,,2000,,,,339326
66908,,,1000,,,339368
66909,,60000,,,,339378
66910,,,15000,,,339389
66911,,,2000,,,339391
66912,,,2000,,,339392
66913,,10000,10000,1500,,339451
66914,,,10000,1500,,339456
66915,,10000,,,,339452
66917,,20000,120000,,,339517
66918,,5000,,,,339527
66919,,5000,,,,339557
66920,,,,1500,,339590
66921,,,,1500,,339591
66922,,,,1500,,339593
66923,,5000,,,,339615
66924,,,500,,,339621
66926,,,8000,,,339634
66927,,,86400000,1500,,339643
66928,,,,1500,,339668
66929,,,,1500,,339670
66930,,,,1500,,339671
66931,,,,1500,,339674
66932,,,,1500,,339677
66933,,3000,,,,339685
66934,,,1000,,,339711
66935,,,,1500,,339722
66937,,,20000,,,338016
66938,,,30000,,,338017
66939,,,30000,,,338019
66940,,,2000,,,337714
66942,,,30000,,,337718
66943,,6000,,,,339724
66944,,,500,,,339729
66945,,1000,,,,339715
66946,,1000,,,,339720
66947,,1000,,,,339719
66948,,,4000,,,339737
66949,,,1000,,,339748
66950,,,1000,,,339749
66952,,3000,,,,339846
66953,,3000,,,,339789
66954,,3000,,,,339801
66955,,6000,,,,333376
66957,,4000,,,,339891
66958,,2000,,,,339921
66959,,,1000,,,339926
66960,,10000,,,,339927
66961,,,30000,,,339932
66962,,1500,5000,,,339947
66964,,1500,,,,339954
66965,,1500,30000,,,339959
66966,,,,1500,,339976
66967,,,,1500,,339981
66968,,,,1500,,339982
66969,,,,1500,,339983
66970,,2000,,,,339975
66971,,2000,,,,339992
66972,,,,1500,,339997
66973,,,,1500,,339998
66974,,,,1500,,339999
66975,,,,1500,,340002
66976,,2000,,,,340011
66977,,,,1500,,340022
66978,,,5000,,,340050
66979,,2000,,,,340070
66980,,6000,,,,340073
66981,,,900000,,,340077
66982,,10000,,,,340095
66983,,,2000,,,340101
66984,,2000,,,,340130
66986,,1500,,,,339977
66987,,1500,10000,,,340144
66988,,1500,,,,340154
66989,,4000,,,,340134
66990,,12000,,,,340146
66992,,3000,,,,340174
66993,,1500,30000,,,340149
66994,,,86400000,,,340188
66995,,,20000,,,340190
66996,,5000,,,,340198
66998,,300000,,,,340241
66999,,,60000,,,340276
67000,,3000,,,,340301
67001,,,,1500,,340304
67002,,3000,,,,340308
67003,,3000,,,,331412
67004,,,30000,,,340325
67005,,,20000,,,340335
67006,,10000,10000,1500,,340340
67007,,,500,,,340364
67008,,3000,,,,340375
67010,,,60000,,,339918
67011,,3000,,,,340380
67012,,5000,,,,340385
67013,,5000,,,,340404
67014,,3000,,,,340414
67015,,,16000,,,340391
67016,,,90000,,,340182
67017,,,60000,,,340438
67018,,3000,,,,326389
67019,,3000,,,,319733
67020,,10000,10000,1500,,340465
67021,,,10000,1500,,340466
67022,,15000,,,,340506
67023,,,30000,,,340507
67024,,6000,,,,340530
67025,,6000,,,,340567
67026,,2000,,,,340581
67027,,6000,,,,340586
67028,,5000,,,,340590
67031,,5000,,,,340635
67032,,3000,,,,340649
67033,,,,1000,,340674
67035,,,,1500,,340710
67036,,,,1500,,340717
67037,,3000,,,,340718
67038,,,,1500,,340721
67039,,,,1500,,340722
67040,,,,1500,,340723
67041,,3000,,,,340727
67042,,3000,,,,320081
67043,,,120000,1500,,340735
67044,,,10000,,,338802
67045,,,4000,,,338803
67048,,,,1500,,340759
67051,,,5000,,,340810
67052,,10000,10000,1500,,340839
67053,,10000,10000,1500,,340841
67054,,6000,,,,340844
67055,,3000,,,,340848
67056,,3000,,,,340832
67057,,10000,10000,1500,,340882
67058,,30000,,,,340867
67059,,20000,,,,341067
67061,,5000,,,,341108
67062,,,90000,,,341117
67063,,,10000,,,341118
67064,,3000,,,,341107
67065,,7000,,,,341116
67066,,2000,,,,341106
67067,,6000,,,,341163
67068,,3000,,,,341180
67069,,10000,10000,1500,,341181
67070,,,30000,,,341189
67071,,,30000,,,341194
67072,,,,1500,,341271
67073,,5000,,5000,,339425
67074,,,,1500,,341289
67075,,,,1500,,341292
67076,,,,1500,,341293
67077,,,,1500,,341295
67078,,,,1500,,341298
67079,,,,1500,,341301
67080,,,,1500,,341302
67081,,2000,,,,341308
67089,,30000,,5000,,341316
67091,,25000,,,,328878
67094,,,60000,1500,,341374
67096,,20000,,,,341411
67097,,,300000,,,341423
67098,,,,1500,,341432
67099,,,,1500,,341427
67100,,1000,,,,341465
67101,,1000,,,,341466
67102,,1000,,,,341467
67103,,1000,,,,341468
67104,,1000,,,,341469
67105,,3000,15000,,,341361
67106,,3000,15000,,,341357
67107,,3000,15000,,,341353
67109,,2000,8000,,,341359
67110,,,,1500,,341492
67111,,,,1500,,341493
67112,,,,1500,,341494
67113,,,,1500,,341495
67114,,,,1500,,341497
67115,,3000,12000,,,341355
67116,,,,1500,,341515
67117,,3000,18000,,,341362
67118,,,,1500,,341516
67119,,,,1500,,341519
67120,,3000,15000,,,341363
67121,,3000,18000,,,341360
67122,,,,1000,,341541
67123,,3000,15000,,,341356
67124,,6000,,,,341554
67126,,,,1000,,341611
67127,,,8000,1500,,341580
67128,,,,1500,,341596
67129,,,1500,,,341622
67130,,4000,,5000,,341433
67131,,4000,,,,341402
67132,,,500,1500,,341629
67134,,,,1500,,341635
67135,,180000,300000,,,341624
67139,,180000,300000,,,341678
67140,,180000,300000,,,341682
67141,,,300000,,,337700
67142,,,300000,,,341685
67143,,3000,,,,330926
67144,,8000,,,,330574
67145,,,24000,,,322550
67147,,,5000,,,341787
67148,,15000,,,,341790
67149,,2000,,,,330868
67150,,2000,,,,330784
67151,,,,1500,,341825
67152,,3000,,,,341786
67153,,3000,,,,341839
67154,,4000,,,,341840
67155,,,1500,,,341841
67156,,4000,,,,341827
67157,,5000,,,,341854
67158,,2000,,,,341856
67159,,3000,,,,341858
67161,,,10000,,,341860
67162,,3000,,,,341862
67163,,3000,,,,341852
67164,,13000,,,,341885
67165,,2000,,,,341887
67166,,3000,,,,341889
67167,,5000,,,,341906
67168,,,6000,,,341915
67169,,5000,,,,341923
67170,,1500,1500,,,341928
67171,,1500,1500,,,341929
67172,,1500,1500,,,341931
67173,,3000,,,,341941
67174,,4000,,,,341945
67176,,5000,,,,341966
67177,,3000,,,,341969
67178,,3000,,,,341977
67180,,1500,1500,,,342000
67181,,1500,1500,,,342001
67182,,1500,1500,,,342002
67183,,30000,,,,341962
67184,,,,1500,,342049
67185,,,10000,,,342059
67186,,1000,,,,342082
67187,,10000,15000,,,342099
67188,,,,1500,,342122
67189,,3000,,,,322651
67190,,4000,,,,337255
67191,,4000,,,,337249
67192,,4000,,,,337235
67193,,2000,,,,342135
67194,,2000,,,,342139
67195,,6000,,,,342149
67196,,2000,,,,333861
67197,,2000,,,,334023
67198,,2000,,,,336995
67200,,2000,,,,331288
67202,,2000,,,,333845
67203,,4000,,,,342124
67204,,1500,,,,342192
67205,,,30000,,,342193
67206,,,60000,,,342216
67207,,3000,,,,335114
67208,,10000,,,,342227
67209,,20000,120000,,,336182
67210,,,,1500,,342240
67211,,,30000,1500,,342243
67212,,,60000,,,342245
67213,,,12000,,,342251
67214,,,2000,,,342261
67215,,,1500,,,336471
67218,,5000,,,,342282
67222,,1500,60000,,,342298
67223,,,500,,,342299
67225,,,1500,,,342330
67226,,15000,,,,342350
67227,,3000,,,,342351
67228,,500,1500,,,329745
67230,,500,30000,,,329762
67231,,500,15000,,,329750
67232,,500,10000,,,330359
67233,,500,6000,,,342084
67234,,1500,15000,,,342361
67235,,3000,,,,325361
67236,,3000,,,,342310
67237,,3000,,,,335013
67238,,3000,,,,326271
67239,,,,6000,,342297
67240,,3000,,,,328171
67241,,3000,,,,325399
67242,,,,6000,,342379
67243,,,,6000,,342380
67244,,,4000,,,335123
67245,,500,1000,,,342391
67246,,500,15000,,,342392
67247,,500,5000,,,342395
67248,,500,5000,,,342396
67249,,2000,30000,,,342400
67254,,20000,300000,,,342423
67255,,,300000,,,342426
67257,,,3600000,,,342487
67258,,300000,,,,332308
67260,,3000,,,,342543
67261,,26000,,,,342504
67262,,,5000,,,342492
67263,,,3600000,1500,,342601
67264,,,30000,,,342638
67265,,2000,,,,342681
67266,,10000,,,,342701
67267,,15000,,,,329163
67268,,,30000,,,342745
67269,,,45000,,,342755
67270,,,120000,,,342767
67271,,,3600000,,,342785
67272,,,6000000,,,342791
67273,,,10000,,,342797
67275,,,600000,,,342811
67277,,3000,,,,342823
67278,,,600000,,,342825
67279,,1000,,,,342830
67282,,6000,,,,342869
67283,,6000,,,,333787
67285,,8000,,,,342873
67286,,3000,,,,342875
67288,,,30000,,,342882
67289,,60000,,,,342890
67290,,3000,,,,342897
67291,,60000,,,,342912
67294,,2000,,,,342947
67295,,,,1500,,342952
67297,,,,1500,,342955
67298,,,10000,,,342968
67299,,,20000,,,342983
67300,,,30000,,,342988
67301,,,20000,,,342993
67303,,,1000,,,343015
67304,,,1500,,,343038
67305,,2000,,,,333827
67306,,2000,,,,333839
67307,,,3600000,,,341175
67308,,2000,,,,343056
67309,,2000,,,,343098
67310,,,,1500,,343104
67311,,6000,,,,343132
67312,,,3000,,,343117
67313,,6000,,,,343147
67314,,2000,,,,343159
67315,,,,1500,,343161
67316,,6000,,,,343165
67317,,1000,,,,343148
67318,,1000,,,,343191
67319,,,30000,,,343234
67320,,,7200000,,,328906
67321,,,30000,,,343254
67322,,2000,,,,331510
67323,,,30000,,,343258
67324,,,4000,,,334786
67325,,,15000,1500,,343294
67326,,3000,,,,342599
67327,,8000,,,,342569
67328,,8000,,,,337739
67329,,8000,,,,342566
67330,,,,7000,,333387
67331,,2000,,,,343155
67332,,2000,,,,343302
67333,,2000,,,,343316
67334,,2000,,,,343320
67335,,2000,,,,343322
67336,,2000,,,,343325
67338,,4500,,1500,,343355
67339,,,20000,,,343356
67340,,,20000,,,343357
67341,,,8000,,,343369
67342,,,1000,,,343378
67343,,20000,150000,,,343385
67344,,,150000,,,343388
67345,,20000,75000,,,343399
67346,,20000,90000,,,343393
67349,,,3600000,,,343403
67350,,,300000,,,343411
67351,,,20000,,,343413
67352,,3000,,,,343435
67353,,,20000,,,343437
67354,,,300000,,,343441
67357,,,60000,750,,343527
67358,,,3000,,,343565
67359,,,5000,1000,,343579
67360,,,120000,1000,,343142
67361,,3000,,,,322795
67362,,,3600000,,,335276
67363,,,,1500,,343666
67364,,3000,,,,343671
67365,,,60000,1500,,343721
69250,,,20000,,,343757
69253,,,1000,,,343813
69254,,,1000,,,343814
69255,,,1000,,,343815
69256,,,,1500,,343816
69257,,,3600000,1500,,343817
69259,,,,1000,,335882
69260,,,6000,,,343928
69262,,,35000,,,343950
69263,,,10000,,,343960
69264,,,10000,,,343963
69265,,,1000,,,343972
69269,,,1000,,,343984
69270,,,3000,,,309343
69273,,,20000,,,344032
69275,,,30000,,,332350
69276,,,120000,1500,,329042
69277,,,30000,,,344130
69279,,,15000,,,344149
69280,,,5000,,,344150
69281,,,,7000,,344230
69282,,20000,60000,,,344231
69283,,20000,60000,,,344245
69284,,,3600000,,,344266
69285,,,,1500,,344324
69286,,1000,,,,344326
69287,,2000,,,,344334
69288,,1500,,,,344337
69289,,1500,,,,344339
69290,,1500,,,,344343
69291,,,10000,1000,,344346
69292,,,10000,1000,,344347
69293,,,10000,1000,,344348
69294,,,10000,1000,,344349
69295,,,10000,1000,,344350
69296,,,10000,1000,,344351
69297,,,10000,1000,,344352
69298,,,10000,1000,,344353
69302,,20000,120000,,,344384
69305,,1000,,,,344415
69306,,20000,120000,,,342432
69307,,,,1500,,344467
69308,,,30000,,,344481
69309,,,30000,,,344482
69310,,,30000,,,344485
69311,,,20000,,,344489
69312,,1500,,,,327646
69313,,3000,,,,325725
69314,,,1500,,,343353
69316,,,1000,,,315150
69317,,,30000,1500,,344566
69318,,,,1500,,344587
69319,,,60000,1500,,344597
69321,,5000,,,,338409
69322,,,,1000,,344658
69323,,,5000,,,342813
69324,,20000,120000,,,344662
69325,,,15000,,,344672
69326,,,5000,,,344673
69327,,3000,,,,343097
69328,,2000,,,,334961
69329,,,,1500,,344688
69330,,,,1500,,344689
69331,,,,1500,,344690
69332,,,,1500,,344691
69333,,,,1500,,344692
69334,,,,1500,,344693
69335,,,,1500,,344694
69336,,,,1500,,344695
69337,,,,1500,,344696
69338,,,,1500,,344697
69339,,,,1500,,344698
69340,,,,1500,,344699
69341,,,,1500,,344700
69342,,,,1500,,344701
69343,,,,1500,,344702
69344,,,,1500,,344703
69345,,,,1500,,344704
69346,,,,1500,,344705
69347,,,,1500,,344706
69348,,,,1500,,344707
69349,,,,1500,,344708
69350,,,,1500,,344709
69351,,8000,,,,344710
69352,,,,1500,,344711
69353,,,,1500,,344713
69354,,,,1500,,344714
69355,,,,1500,,344722
69356,,,,1500,,344723
69357,,,,1500,,344724
69358,,,,1500,,344725
69359,,,,1500,,344730
69360,,,,1500,,344731
69362,,,,1500,,344733
69363,,,,1500,,344734
69364,,,,1500,,344735
69365,,,,1500,,344736
69366,,,,1500,,344737
69367,,,,1500,,344738
69368,,,,1500,,344743
69369,,,,1500,,344744
69370,,,,1500,,344745
69371,,,,1500,,344746
69372,,,,1500,,344747
69373,,,,1000,,344748
69375,,,,1500,,344754
69376,,,,1500,,344755
69378,,,3600000,,,344646
69379,,,,1500,,344792
69380,,,3600000,,,344795
69381,,1000,,,,344802
69382,,,2000,,,267272
69387,,,,1500,,344859
69389,,,,1500,,344862
69390,,,1000,250,,344865
69391,,25000,25000,,,344866
69392,,,60000,1500,,344867
69393,,,,1500,,344869
69394,,2000,,,,344875
69395,,,5000,,,344893
69396,,,5000,,,344894
69397,,,5000,,,344895
69398,,,5000,,,344896
69399,,,5000,,,344897
69400,,20000,120000,,,344916
69404,,2000,,,,344956
69407,,5000,,,,345002
69408,,6000,,,,345010
69409,,2000,,,,345011
69410,,10000,,,,345013
69411,,20000,90000,,,345019
69412,,3000,,,,345044
69413,,,1000,,,345053
69414,,6000,,,,345068
69415,,,300000,,,345069
69416,,,1000,,,345071
69417,,,1000,,,345056
69418,,,300000,,,281910
69419,,,,1500,,345116
69420,,,5000,,,327169
69421,,,5000,,,317808
69422,,3000,,,,338932
69423,,8000,,,,322780
69424,,,,1500,,345130
69425,,6000,,,,345135
69427,,,60000,,,345161
69428,,,60000,,,345162
69429,,,60000,,,345163
69430,,,60000,,,345164
69432,,,,1500,,321358
69433,,30000,,,,317062
69435,,20000,60000,,,345228
69436,,20000,90000,,,345231
69437,,2000,,,,345236
69438,,,3600000,,,345256
69444,,,500,,,345251
69469,,,12000,,,345313
69471,,5000,,,,337969
69472,,12000,,,,337924
69473,,,1000,,,345325
69474,,120000,120000,,,345336
69475,,4000,,,,345340
69476,,,10000,,,345345
69477,,10000,,,,322124
69478,,,1000,,,345346
69480,,,30000,,,343405
69484,,,,1500,,345393
69485,,4000,,,,345414
69487,,20000,90000,,,345432
69489,,,1500,,,337014
69494,,,20000,,,344650
69495,,,45000,,,344918
69496,,,40000,,,345026
69497,,3000,,,,345461
69498,,,2000,,,338800
69499,,20000,90000,,,345319
69500,,,2000,,,337835
69501,,,2000,,,337837
69502,,,2000,,,337842
69503,,20000,90000,,,345530
69504,,20000,120000,,,345548
69507,,,4000,,,323959
69508,,,5000,,,345605
69510,,20000,90000,,,345695
69511,,,30000,,,339463
69512,,,1500,,,345716
69513,,,,1500,,345740
69514,,,,1500,,345741
69515,,,,1500,,345742
69516,,,,1500,,345743
69517,,,,1500,,345744
69518,,300000,,,,345745
69519,,,60000,,,345749
69520,,3000,,,,345756
69521,,,4000,,,345772
69524,,,7000,,,345792
69525,,20000,120000,,,345801
69526,,,5000,,,339950
69527,,20000,90000,,,345739
69528,,,900000,,,345863
69530,,20000,,,,335697
69531,,40000,180000,,,345539
69532,,3000,,3000,,342826
69533,,,,1500,,345899
69534,,,3000000,,,345912
69538,,,5000,,,345926
69540,,,30000,,,345938
69541,,,,1500,,345955
69543,,3000,,,,345598
69544,,3000,,,,345766
69546,,5000,,,,345870
69548,,,30000,,,336818
69549,,,45000,,,333907
69551,,,8000,,,346010
69552,,,30000,,,345549
69553,,3000,,,,345995
69554,,1800000,,1500,,346060
69555,,3000,,,,332678
69556,,3000,,,,332671
69560,,,,10000,,331743
69561,,4000,,,,340189
69563,,,1000,,,346202
69564,,5000,,,,346208
69565,,,1000,,,346213
69567,,,,1500,,346236
69568,,,1000,,,346254
69569,,,,1500,,346260
69570,,,15000,,,346106
69571,,,5000,,,346276
69572,,1000,,,,346243
69573,,,5000,,,346277
69574,,,5000,,,346281
69575,,,5000,,,346282
69576,,,5000,,,346290
69578,,8000,,,,332902
69579,,6000,,,,332952
69580,,8000,,,,321216
69581,,3000,,,,346346
69582,,,6000,,,185313
69583,,,1000,,,346389
69585,,,10000,,,346428
69586,,,10000,,,346429
69589,,15000,,,,346415
69590,,15000,,,,346410
69591,,1500,,,,346404
69594,,30000,45000,,,346549
69596,,,,1500,,346602
69597,,,,1500,,346605
69598,,8000,,,,346592
69599,,8000,,,,346623
69600,,3000,,,,346624
69601,,,10000,,,346632
69603,,,30000,,,346704
69604,,8000,,,,335954
69605,,3000,,,,335412
69608,,3000,,,,335853
69609,,12000,,,,338751
69610,,,1000,,,346774
69611,,,3000,,,326109
69612,,2000,,,,346813
69613,,3000,,,,341844
69614,,5000,,,,346818
69615,,3000,,,,341848
69616,,3000,,,,341760
69617,,3000,,,,336383
69618,,3000,,,,335694
69619,,3000,,,,330479
69620,,3000,,,,265725
69621,,3000,,,,336048
69622,,3000,,,,346832
69623,,3000,,,,346848
69624,,3000,,,,346770
69625,,1000,,,,339227
69626,,,1500,1500,,305395
69627,,3000,,,,346861
69628,,4000,,,,346863
69629,,3000,,,,346866
69631,,,30000,,,347008
69632,,,,1500,,347013
69633,,,10000,1500,,347050
69634,,20000,90000,,,347047
69635,,3000,,,,347091
69636,,,180000,,,335839
69637,,3000,,,,347106
69638,,3000,,,,347112
69639,,2000,,,,347153
69642,,,10000,,,346639
69643,,,20000,1500,,347159
69645,,,10000,,,347182
69646,,,5000,,,347198
69647,,,5000,,,347202
69648,,,30000,,,347220
69649,,,10000000,,,347222
69650,,,12000,,,347223
69651,,3000,,,,347243
69652,,3000,,,,347244
69653,,3000,,,,347245
69654,,3000,,,,331108
69655,,6000,,,,346653
69656,,5000,,,,346655
69657,15,5000,,,,346655
69658,14,7000,,,,346655
69659,,7000,,,,346762
69661,,,,1500,,347403
69662,,,60000,,,347412
69663,,,10000,,,323925
69664,,20000,1000,,,345545
69665,,,5000,,,347601
69666,,,5000,,,347600
69667,,10000,8000,,,347610
69670,,3000,,,,347630
69673,,3000,,,,338958
69674,,5000,,,,347645
69675,,3000,,,,347410
69676,,,1000,,,343748
69677,,,1000,,,346994
69678,,30000,,,,347698
69679,,,500,,,313256
69684,,8000,,,,347854
69685,,,5000,,,310996
69686,,2000,,,,347902
69687,,10000,,1000,,347914
69688,,10000,,1000,,347915
69689,,10000,,1000,,347916
69690,,10000,,1000,,347917
69691,,10000,,1000,,347918
69692,,10000,,1000,,347919
69693,,10000,,1000,,347920
69694,,10000,,1000,,347921
69695,,180000,,,,347940
69696,,180000,,,,347941
69697,,3000,,,,347964
69702,,2000,,,,347716
69703,,2000,,,,348008
69708,,3000,,,,348017
69709,,3000,,,,337876
69710,,,15000,,,321334
69712,,3000,,,,348130
69713,,20000,90000,,,348139
69714,,20000,90000,,,348136
69717,,,120000,,,194249
69718,,1000,,,,326707
69719,,1000,,,,329181
69720,,3000,,,,348159
69721,,3000,,,,348160
69724,,20000,20000,,,345595
69725,,3000,,,,327467
69726,,3000,,,,327461
69727,,3000,,,,297292
69730,,,5000,,,347129
69731,,10000,,,,348332
69732,,5000,,,,348350
69734,,30000,,,,348273
69735,,10000,,,,346980
69737,,,600000,,,344785
69738,,,,1500,,348479
69739,,,,1500,,348489
69740,,,2000,,,348518
69741,,,,1500,,348529
69742,,,,1500,,348531
69743,,,,1500,,348533
69744,,,,1500,,348534
69745,,,,1500,,348535
69746,,,,1500,,348536
69747,,,,1500,,348537
69748,,,,1500,,348538
69749,,1500,1500,,,348560
69750,,,,1500,,348561
69752,,6000,,1500,,348585
69754,,25000,,1500,,348637
69759,,6000,,,,348174
69763,,,500,,,348718
69765,,3000,,,,348648
69766,,3000,,3000,,348024
69767,,,,1000,,348855
69768,,,,1000,,348857
69769,,,,1000,,348858
69770,,,5000,,,348867
69771,,,1000,,,348869
69772,,,1500,1500,,348894
69773,,,,1000,,348916
69778,,,1500,,,308277
69785,,,,500,,349103
69786,,,,500,,349104
69787,,,,500,,349105
69788,,,,100,,349108
69796,,,5000,,,349172
69798,,,5000,,,349180
69800,,3000,,,,349129
69801,,,5000,,,349190
69806,,,1000,,,349224
69818,,3000,,,,349291
69819,,,3000,,,349300
69829,,5000,,,,349396
69833,,5000,,,,349453
69834,,3000,,,,349128
69835,,5000,,,,349477
69836,,5000,,,,349481
69838,,,1000,,,349489
69839,,,1000,,,349491
69842,,,1000,,,349611
69846,,,,500,,349633
69847,,,,500,,349635
69848,,,,500,,349636
69850,,3000,,,,349665
69852,,,6000,,,349668
69853,,3000,,,,349673
69861,,,50,,,349732
69862,,,50,,,349742
69879,,,2000,,,330584
69881,,6000,,,,349797
69884,,4500,,,,349658
69885,,900000,,,,329289
69886,,1500,5000,,,349853
69887,,20000,90000,,,349857
69890,,10000,,,,349874
69891,,,2500,,,349919
69892,,,5000,,,349923
69897,,2000,6000,,,350003
69898,,5000,,,,348583
69908,,,1000,,,350137
69909,,,8000,,,350159
69910,,1500,,,,349954
69912,,4500,,,,350101
69913,,8000,,,,350204
69914,,,3000,,,322921
69915,,,10000,,,350233
69917,,,5000,,,350237
69918,,,,1500,,350247
69919,,5000,,,,350096
69921,,5000,,,,350289
69922,,1500,5000,,,350310
69927,,,10,,,348714
69928,,,60000,,,350274
69930,,,100,,,350406
69931,,3000,,,,348080
69932,,3000,,,,347308
69933,,3000,,,,348334
69934,,2000,60000,,,350401
69935,,2000,60000,,,350404
69936,,2000,60000,,,350403
69937,,2000,60000,,,350402
69938,,,5000,,,349852
69940,,,1500,,,350508
69941,,,1500,,,350509
69942,,,1500,,,350510
69943,,,,1500,,350535
69944,,60000,,,,350532
69946,,,1000,,,321660
69951,,,1000,,,333526
69952,,,30000,,,350583
69953,,10000,,,,350591
69954,,3000,,,,350691
69955,,,10,,,350708
69956,,,10,,,350710
69957,,,10,,,350711
69958,,,1500,,,350720
69959,,,1500,,,350721
69960,,,10000,,,350723
69961,,,3000,,,350724
69962,,3000,20000,,,350080
69963,,3000,30000,,,350469
69964,,3000,30000,,,350676
69965,,,1000,,,349771
69966,,,1000,,,349026
69967,,,1000,,,349789
69968,,,1000,,,350731
69972,,12000,,,,349873
69973,,4000,,,,350796
69974,,7000,,,,350415
69976,,,8000,,,871
69977,,3000,,,,350835
69978,,,1000,,,350749
69979,,2000,,,,350916
69980,,15000,,,,349985
69981,,,1000,,,350387
69982,,,1000,,,350178
69983,,,,1500,,350944
69984,,,45000,,,350960
69985,,,30000,,,350961
69986,,,45000,,,350962
69987,,,30000,,,351043
69988,,,,500,,351044
69990,,4000,,,,351124
69992,,,,1500,,351173
69993,,42000,,,,351226
69994,,,1500,,,351239
69995,,,,1500,,351292
69998,,,20000,,,351338
70006,,,30000,,,351411
70008,,,,1500,,351456
70009,,,,1500,,351466
70013,,,1500,,,351553
70014,,,30000,,,351558
70015,,,30000,,,351569
70016,,,3000,,,351340
70017,,,,1500,,351593
70018,,,,1500,,351594
70019,,,,1500,,351596
70020,,,,1500,,351597
70021,,,,1500,,351598
70022,,,,1500,,351599
70023,,,,1500,,351600
70024,,,,1500,,351601
70025,,,,1500,,351602
70026,,,3000,,,351467
70027,,,3000,1500,,351624
70028,,,6000,,,351622
70029,,,,3000,,351494
70030,,,45000,1500,,351635
70045,,15000,,15000,,351849
70048,,,150000,,,351867
70051,,25000,,,,351871
70052,,10000,,,,351896
70053,,10000,,,,351897
70054,,10000,,,,351847
70055,,,5000,,,351878
70059,,,10000,1500,,351967
70060,,,,1000,,351972
70061,,,1000,,,351975
70062,,,8000,1000,,351979
70063,,,10000,1000,,351989
70064,,,,1500,,351996
70065,,,1000,,,352056
70068,,1000,8000,,,352093
70069,,,1000,,,352095
70071,,,1500,,,352116
70075,,8000,,,,352157
70078,,2000,,,,352223
70079,,1000,,,,352215
70080,,3000,,,,352016
70081,,,3600000,,,352228
70082,,,5000,,,352238
70083,,,8000,,,352258
70084,,3000,,,,352259
70086,,,90000,1500,,352278
70087,,,30000,1500,,352284
70088,,,30000,1000,,352295
70089,,,1000,,,352322
70090,,1500,60000,,,352323
70099,,,5000,1000,,352361
70101,,5000,,,,352390
70106,,,10000,1000,,352456
70107,,,,1000,,352440
70112,,,,1500,,352520
70113,,,2000,,,352529
70114,,,2000,,,352509
70115,,,2000,,,352490
70116,,,2000,,,352487
70117,,,10000,,,352583
70118,,,,1000,,352109
70119,,10000,,,,351401
70120,,3000,,,,352660
70130,,,15000,,,352725
70131,,,10000,,,352729
70134,,,6000,,,352748
70135,,30000,,,,352760
70136,,,,1500,,352289
70137,,5000,,,,352795
70138,,5000,,,,352798
70140,,,10000,,,352816
70141,,,60000,,,352857
70145,,5000,,,,352915
70151,,8000,,,,352982
70152,,,20000,,,352985
70157,,,60000,,,352936
70158,,,60000,,,353071
70160,,,1500,,,353094
70161,,,15000,1000,,353100
70162,,,1500,,,353101
70163,,,25000,1000,,353104
70164,,2000,,,,350615
70165,,,45000,,,353118
70166,,,45000,1500,,353128
70167,,,,1500,,353135
70168,,12000,,,,353137
70169,,,10000,,,353186
70170,,,1000,,,353188
70171,,,3000,1500,,353201
70172,,,4000,1500,,353202
70173,,,,1500,,353206
70174,,,2000,,,352145
70175,,,2000,,,353215
70176,,,1000,,,353221
70177,,,,1500,,353230
70178,,,45000,1500,,353082
70183,,,60000,1500,,353294
70185,,,10000,1500,,353333
70187,,3000,,,,348128
70188,,3000,,,,346006
70189,,3000,,,,346204
70192,,,,1500,,353442
70193,,,,1500,,353450
70194,,,,1500,,353451
70195,,,,1500,,353460
70196,,,,1000,,353467
70199,,,100,,,353503
70200,,,,1500,,353529
70206,,,,1500,,353569
70207,,,,1500,,353570
70208,,,,1500,,353571
70209,,6000,,,,353588
70210,,,45000,1500,,353601
70215,,,,1500,,353638
70216,,,,1500,,353639
70217,,,,1500,,353644
70218,,,,1500,,353645
70219,,,,1500,,353648
70220,,,,1500,,353649
70221,,,,1500,,353656
70222,,,,1500,,353658
70223,,,,1500,,353659
70224,,,,1500,,353661
70227,,,60000,1500,,353692
70231,,,30000,1500,,353753
70233,,,8000,,,353777
70236,,,10000,1000,,353841
70237,,6000,,,,353867
70238,,6000,,,,353878
70239,,6000,,,,353881
70240,,,10000,1000,,353896
70241,,,10000,1000,,353911
70242,,,30000,1500,,353938
70243,,10000,,,,353940
70244,,,1000,,,353974
70248,,,15000,1000,,354022
70249,,,1000,,,354024
70250,,,30000,1000,,354056
70251,,,30000,1000,,354057
70253,,2000,,,,354098
70254,,,1000,,,354074
70255,,,1000,,,354104
70256,,,1000,,,354106
70257,,2000,,,,354121
70258,,,60000,,,353002
70259,,,3000,,,354136
70261,,,15000,1500,,354171
70265,,,20000,,,354268
70266,,,3000,,,354270
70268,,,3000,,,354275
70269,,,4000,,,354277
70271,,1500,,3000,,353088
70272,,1500,,3000,,353090
70273,,1500,,3000,,353092
70274,,,,3000,,321828
70275,,,,3000,,321832
70276,,,,2000,,326180
70277,,,15000,,,354323
70279,,2000,1500,,,354339
70281,,,20000,1000,,354376
70282,,,30000,1000,,354407
70286,,,2000,,,354415
70290,,28800000,,1500,,354462
70291,,28800000,,1500,,354463
70292,,28800000,,1500,,354464
70293,,28800000,,1500,,354465
70294,,28800000,,1500,,354466
70295,,28800000,,1500,,354467
70296,,28800000,,1500,,354468
70297,,28800000,,1500,,354469
70298,,,3600000,,,354474
70299,,,2000,,,350281
70304,,,2000,,,353985
70306,,,5000,1000,,354530
70307,,,5000,1000,,354255
70308,,,90000,1000,,354540
70309,,,10000,1000,,354545
70310,,,10000,1000,,354556
70311,,60000,,,,354568
70313,,3000,,,,354586
70314,,,20000,1000,,354587
70315,,,5000,1000,,354600
70316,,,1000,,,354603
70317,,,10000,1000,,354607
70318,,,15000,1000,,354625
70319,,,10000,1500,,354642
70320,,,8000,1000,,354643
70321,,,60000,1500,,354654
70322,,,1000,1000,,354663
70323,,,6000,1000,,354666
70324,,,12000,1000,,354667
70325,,,20000,1000,,354668
70326,,,1000,,,354739
70327,,,,1500,,354743
70328,,,10000,,,354760
70329,,,10000,,,354762
70330,,,10000,,,354773
70332,,,1000,,,354793
70333,,5000,,,,354799
70334,,,12000,1000,,354801
70336,,,,1000,,354674
70338,,,90000,1500,,354849
70339,,10000,,,,354870
70340,,,6000,,,354876
70341,,,3600000,,,354965
70343,,1500,,,,346471
70344,,3000,,,,355063
70346,,6000,,,,355074
70347,,,20000,,,355119
70348,,,6000,,,354932
70350,,,5000,,,354926
70351,,3000,,,,355150
70352,,,5000,,,355155
70353,,,,1500,,355157
70354,,60000,,,,355159
70356,,,,1500,,355174
70357,,60000,,,,355175
70358,,,2000,,,355177
70359,,,2000,,,355188
70361,,5000,,,,349979
70363,,,2000,,,350002
70364,,,7000,,,354938
70365,,,4000,,,354933
70366,,,6000,,,354900
70367,,,8000,,,354898
70368,,,8000,,,354918
70369,,8000,,,,355225
70370,,5000,,,,355234
70371,,3000,,,,348785
70372,,3000,,,,351924
70376,,,2000,,,355328
70377,,480000,,,,355311
70378,,8000,,,,355349
70379,,8000,,,,355358
70381,,3000,,,,355381
70382,,10000,,,,355397
70383,,3000,,,,355418
70385,,2000,,,,355382
70390,,20000,180000,,,355441
70391,,,3000,,,355444
70392,,,8000,,,355492
70394,,60000,,,,355499
70395,,,8000,,,355507
70396,,,8000,,,355508
70397,,,6000,,,355538
70398,,3000,,,,355542
70399,,2000,,,,355558
70400,,3000,,,,355577
70401,,,90000,1000,,355580
70402,,2000,,,,355584
70403,,,60000,1500,,355589
70408,,,60000,1500,,355619
70411,,,60000,1000,,355625
70414,,20000,90000,,,355333
70417,,,10000,,,355645
70418,,,1000,,,355666
70421,,5000,,,,355691
70424,,,,1500,,355760
70426,,2000,,,,355792
70427,,6000,,,,355805
70428,,,5000,,,355820
70429,,40000,120000,1500,,355321
70430,,3000,,,,355833
70431,,1500,1500,,,355834
70432,,1500,1500,,,355835
70433,,1500,1500,,,355836
70435,,,1000000,,,355694
70436,,3000,,,,355872
70437,,10000,,,,355878
70438,,2000,,,,355881
70439,,3000,,,,355811
70441,,6000,,1500,,355897
70442,,6000,,1500,,355898
70443,,8000,,,,355910
70445,,,30000,1500,,355913
70446,,,,1000,,355919
70447,,4000,,,,355922
70448,,,1000,500,,355936
70449,,6000,,,,355939
70450,,,,1500,,355941
70454,,3000,,,,355947
70457,,3000,,,,356014
70458,,,500,,,355985
70459,,3000,,,,356035
70460,,3000,,,,356072
70461,,20000,60000,,,355303
70463,,3000,,,,356081
70464,,,6000,,,356054
70466,,,15000,,,356085
70467,,3000,,,,356088
70469,,2000,,,,356100
70472,,3000,,,,356123
70473,,3000,,,,356099
70475,,,10000,,,356143
70476,,,4000,,,356151
70477,,5000,,,,356169
70478,,,5000,,,356175
70479,,3000,,,,356183
70480,,,600000,1500,,356212
70481,,,,1500,,356234
70482,,,8000,1500,,356236
70483,,,3000,1500,,356238
70484,,,30000,1500,,356240
70485,,,30000,,,356241
70487,,3000,,,,356297
70488,,,90000,1000,,356335
70489,,5000,,,,356324
70491,,60000,,,,356403
70492,,,10000,,,356415
70493,,,5000,,,356140
70495,,60000,,,,356439
70497,,15000,,,,356446
70499,,1500,1500,1500,,356451
70500,,5000,,,,356458
70501,,60000,,,,356487
70502,,1000,,,,356491
70503,,60000,,,,356496
70504,,1500,1500,1500,,356503
70505,,1500,1500,1500,,356505
70508,,,60000,,,356533
70509,,,3000,,,356546
70510,,,3000,,,356464
70511,,,,1500,,356550
70514,,,16000,,,353706
70516,,20000,180000,1500,,356566
70519,,3000,,,,355464
70520,,3000,,,,355429
70521,,,3000,,,356106
70522,,,10000,,,356635
70523,,1000,,,,356637
70524,,1000,,,,356634
70527,,,5000,,,356639
70529,,,3000,,,356644
70530,,,3000,,,356645
70531,,,15000,,,356677
70532,,,1500,,,356679
70533,,14000,,,,356690
70536,,,60000,1500,,356719
70539,,,1500,,,356735
70543,,,30000,1500,,356750
70544,,,5000,,,356757
70546,,3000,,,,356764
70547,,3000,,,,356770
70548,,,30000,,,356771
70552,,7000,,,,356804
70553,,,90000,,,355316
70554,,4000,,,,356814
70555,,,5000,,,356821
70556,,,20000,,,356838
70557,,,1000,,,356860
70558,,3000,,,,356863
70559,,,30000,,,356813
70560,,5000,,,,356888
70561,,10000,,,,356907
70562,,,5000,1000,,356910
70563,,,,1000,,356912
70564,,3000,,,,356923
70565,,3000,,,,356928
70566,,3000,,,,356924
70568,,10000,,,,356961
70569,,3000,,,,356982
70571,,,,1500,,356995
70573,,,1000,,,357013
70576,,5000,,,,357107
70577,,2000,,,,357108
70578,,3000,,,,357115
70579,,6000,,,,351091
70580,,2000,,,,350865
70581,,2000,,,,351075
70582,,2000,,,,357143
70583,,3000,,,,357146
70584,,20000,90000,,,355327
70587,,3000,,,,357183
70588,,,,6000,,356967
70589,,,60000,1500,,356707
70591,,1000,,,,350422
70593,,,,500,,357208
70595,,,1000,1500,,357210
70596,,,,1500,,357211
70598,,,180000,1500,,357214
70599,,,15000,,,356167
70600,,,,25000,,357229
70602,,2000,,,,357238
70603,,2000,,,,357226
70606,,,90000,1000,,357266
70608,,,2000,,,351659
70609,,600000,,1500,,357296
70610,,,60000,,,357306
70613,,3000,,,,357365
70614,,6000,,,,357370
70615,,3000,,,,357369
70616,,3000,,,,357390
70619,,,1000,,,357336
70620,,3000,,,,357418
70621,,5000,,,,357356
70622,,7000,,,,357428
70623,,,3600000,,,357459
70626,,,3600000,,,357475
70627,,,3600000,,,357477
70629,,,,1500,,357489
70630,,2000,,,,357497
70632,,360000,,,,357247
70633,,480000,,,,357501
70634,,2000,,,,357503
70635,,5000,,,,357512
70636,,3000,,,,357532
70641,,3000,,,,357630
70642,,3000,,,,357639
70643,,8000,,,,357640
70644,,8000,,,,357643
70645,,8000,,,,357644
70646,,,360000,,,357650
70647,,3000,,,,357659
70649,,3000,,,,357670
70650,,8000,,,,357684
70651,,6000,,,,357687
70652,,17000,17000,,,357730
70653,,45000,,1500,,357768
70654,,,,1500,,357769
70655,,35000,,1500,,357849
70656,,15000,,1500,,357856
70657,,,1000,,,357857
70658,,,5000,1000,,357861
70660,,20000,60000,500,,355318
70661,,35000,,15000,,357915
70662,,,5000,1500,,357924
70665,,,1000,,,357939
70666,,3000,,,,357953
70667,,40000,,,,356386
70668,,3000,,,,358005
70669,,3000,,,,358011
70670,,,300000,,,335099
70671,,6000,,,,358014
70672,,3000,,,,358061
70674,,3000,,,,358067
70676,,3000,,,,356817
70677,,3000,,,,358103
70678,,,5000,,,358111
70680,,,3000,1500,,358165
70681,,5000,,,,358131
70682,,3000,,,,358230
70683,,3000,,,,358231
70684,,3000,,,,358236
70685,,,,1500,,358238
70686,,,4000,,,358263
70687,,,4000,,,358266
70690,,1000,,,,358248
70691,,1000,,,,358275
70692,,1000,,,,358276
70693,,3000,,,,358297
70694,,3000,,,,358310
70695,,1000,,,,358327
70696,,4000,,,,358328
70698,,3000,,,,358353
70702,,5000,,,,358348
70703,,3000,,,,358383
70704,,,90000,1500,,358385
70705,,3000,,,,358389
70706,,,5000,1500,,268082
70707,,3000,,,,358391
70708,,3000,,,,358392
70709,,3000,,,,358393
70710,,3000,,,,358394
70711,,3000,,,,358396
70712,,3000,,,,358400
70713,,3000,,,,358405
70714,,3000,,,,358406
70715,,3000,,,,358407
70716,,3000,,,,358408
70717,,3000,,,,358409
70718,,4000,,,,358412
70719,,3000,,,,358420
70720,,3000,,,,358421
70721,,10000,,,,358426
70722,,7000,,,,357423
70723,,,1000,,,358428
70724,,,1000,,,358429
70725,,,,1500,,358436
70727,,3000,,,,358454
70728,,3000,,,,358457
70729,,3000,,,,358458
70730,,2000,,,,358484
70732,,3000,,,,358502
70733,,3000,,,,358503
70734,,3000,,,,358507
70735,,3000,,,,358508
70736,,3000,,,,358513
70737,,3000,,,,358514
70738,,3000,,,,358515
70739,,,120000,1000,,358518
70740,,,,1500,,358519
70741,,,180000,1500,,358520
70742,,,180000,1500,,358521
70743,,,,1500,,358522
70744,,3000,,,,358540
70745,,3000,,,,358559
70746,,5000,,,,358573
70747,,4000,,,,358575
70748,,3000,,,,358577
70749,,3000,,,,358578
70750,,6000,,,,358579
70751,,4000,,,,358580
70752,,3000,,,,358581
70756,,1000,,,,358607
70757,,1000,,,,358617
70758,,1000,,,,358618
70759,,1000,,,,358620
70760,,1000,,,,358621
70762,,3000,,,,358624
70763,,,1000,,,358658
70765,,20000,180000,,,357773
70766,,20000,90000,,,358712
70767,,20000,60000,500,,358713
70768,,,1000,,,358733
70770,,1500,,,,358498
70774,,8000,,,,358834
70775,,2000,,,,358837
70778,,2000,,,,358897
70779,,2000,,,,356412
70780,,2000,,,,356666
70781,,2000,,,,358894
70782,,,1000,,,356931
70783,,,1000,,,356934
70785,,,1000,,,356936
70786,,,1000,,,356935
70787,,,1000,,,356937
70788,,,1000,,,356940
70789,,,1000,,,356939
70790,,,1000,,,356938
70791,,,,1500,,358935
70792,,,,1500,,358936
70793,,,,1500,,358937
70794,,,,1500,,358939
70798,,3000,,,,358784
70800,,2000,,,,358970
70803,,3000,,,,358375
70804,,5000,,,,358611
70806,,,1000,,,359012
70807,,,3000,,,358946
70808,,4000,,,,359016
70809,,4000,,,,358446
70810,,,1200000,,,357797
70811,,,1200000,,,359027
70812,,2000,,,,359028
70814,,,1200000,,,359031
70815,,,,1500,,359037
70816,,,,1500,,359041
70817,,,,1500,,359047
70818,,,120000,1000,,359053
70819,,,,1500,,359055
70820,,,,1500,,359057
70822,,,,1500,,359071
70823,,,30000,500,,359073
70824,,,3600000,,,359074
70825,,,,1500,,359077
70828,,,,1500,,359088
70829,,,3000,1500,,359089
70830,,,60000,1500,,359102
70831,,,,500,,359115
70832,,,3600000,,,359125
70833,,,,3000,,355806
70834,,,3600000,,,359140
70835,,,3600000,,,359141
70836,,,,1500,,359154
70847,,,,1500,,359240
70849,,,3600000,,,359268
70850,,,1000,,,359291
70851,,,6000,,,354265
70856,,,,1500,,359386
70857,,,3600000,,,359416
70858,,,15000,,,359426
70859,,17000,,,,357729
70861,,,5000,,,359446
70862,,,5000,,,359447
70863,,,5000,,,359451
70864,,,5000,,,359452
70867,,,2000,,,359478
70868,,300000,,,,359370
70869,,,10000,,,359507
70872,,8000,8000,,,359526
70873,,2000,,,,352241
70874,,,3600000,,,359534
70876,,,5000,,,359543
70877,,,,1500,,359562
70878,,,1000,,,350424
70879,,,5000,,,359575
70880,,,5000,,,359585
70883,,1000,,,,359681
70884,,1000,,,,359682
70885,,1000,,,,359683
70886,,1000,,,,359699
70887,,,5000,,,359708
70888,,,3000,,,359713
70889,,,5000,,,359717
70890,,,,1500,,359725
70891,,,3000,,,359726
70893,,,3600000,,,359737
70894,,,3600000,,,359738
70895,,30000,,,,359747
70896,,1000,,,,359748
70897,,,2000,1000,,359752
70899,,,3000,3000,,359763
70900,,,,3000,,359764
70901,,,,3000,,359765
70902,,,,1500,,359805
70903,,,120000,1500,,359816
70906,,,1000,,,359842
70907,,,120000,1500,,359844
70908,,,,1500,,359855
70909,,,1000,,,359857
70910,,,60000,,,359867
70917,,,2000,1000,,359940
70918,,,2000,1000,,359945
70919,,,1000,1000,,359946
70920,,,3000,3000,,359947
70924,,,5000,,,360005
70925,,,5000,,,360011
70929,,,,1500,,360030
70930,,,8000,,,359951
70931,,8000,,,,360049
70932,,,2000,,,360050
70933,,1000,5000,,,360051
70938,,,10000,,,360118
70939,,,600000,,,360123
70942,,,1000,,,360153
70943,,8000,,,,360092
70944,,3000,,,,359829
70945,,9500,,,,360079
70946,,,,1500,,360185
70947,,,120000,1000,,360194
70948,,,2000,,,360204
70949,,,2000,,,360205
70950,,,2000,,,360208
70951,,,5000,,,360200
70952,,,5000,,,360216
70954,,,2000,,,360275
70956,,3000,,,,360295
70957,,3000,,,,360162
70958,,3000,,,,360201
70960,,5000,,,,359777
70961,,5000,,,,360366
70965,,,5000,,,360395
70967,,,,4000,,359770
70968,,3000,,,,360451
70969,,,,1500,,360464
70970,,,,1500,,360518
70971,,1000,,,,360523
70972,,,,1500,,360532
70973,,1000,,,,360534
70974,,1000,,,,360540
70976,,1000,,,,360559
70977,,1000,,,,360563
70978,,,60000,,,358092
70980,,,,1500,,360567
70981,,,,1500,,360578
70982,,,,1500,,360579
70983,,,,1500,,360581
70984,,,,1500,,360582
70985,,,,1500,,360583
70986,,,,1500,,360593
70987,,,,1500,,360598
70988,,,,1500,,360599
70997,,,,1500,,360806
70998,,,8000,1500,,360823
71000,,30000,,1500,,360827
71006,,1000,2000,,,359986
71014,,,10000,,,360943
71015,,,120000,1500,,360952
71019,,,,1500,,360976
71020,,500,,1500,,360995
71021,,3000,,,,361001
71022,,,1000,,,361021
71025,,1000,2000,,,359985
71036,,,3000,,,361071
71037,,3000,10000,,,361073
71038,,3000,3000,,,361080
71040,,,600000,,,361085
71041,,,600000,,,361090
71043,,,600000,,,361091
71051,,10000,,,,359479
71071,,,2000,,,361124
71072,,6000,60000,,,361164
71073,,10000,60000,1500,,361171
71074,,,3000,,,361174
71075,,,180000,,,361175
71076,,,,1500,,361178
71077,,,2000,,,361181
71081,,,,1500,,361227
71082,,,,1000,,361234
71083,,,,1000,,361235
71086,,,2000,,,361261
71088,,2000,,,,360840
71089,,2000,,,,360658
71090,,,15000,,,361264
71091,,,5000,,,361265
71092,,,15000,,,361267
71093,,15000,,,,360412
71096,,3000,,,,360906
71097,,15000,,,,359694
71098,,10000,,,,361325
71110,,,6000,,,361386
71128,,,,1500,,361469
71131,,,,1500,,361500
71136,,25000,,,,361169
71137,,1500,,,,361387
71138,,9000,,,,361413
71140,,,15000,,,361542
71141,,3000,,,,361544
71142,,,1000,,,361475
71145,,4000,4000,4000,,361571
71146,,,1000,,,361616
71154,,2000,,,,361636
71161,,1000,,,,361689
71162,,,3000,,,361691
71163,,,3000,,,361692
71164,,,2000,,,361718
71165,,1000,,,,361719
71166,,1500,,,,361724
71168,,,1000,,,361740
71169,,,1000,,,361748
71170,,,15000,,,361754
71172,,10000,,,,361803
71176,,1000,,,,361860
71177,,10000,,,,361861
71178,,1000,,,,361886
71180,,2000,,,,360569
71181,,2000,,,,360577
71182,,3000,,,,360875
71183,,3000,,,,361450
71185,,10000,,,,361811
71187,,,1000,,,361928
71189,,2000,,,,361343
71191,,,3000,,,361890
71192,,,1000,,,361978
71193,,,1000,,,361996
71195,,9000,,,,360956
71196,,10000,,,,361363
71200,,,2000,,,362082
71205,,,2000,,,362095
71206,,,2000,,,362098
71207,,,2000,,,362101
71208,,,8000,,,362108
71209,,,6000,1000,,362141
71210,,,60000,1000,,362148
71214,,,2000,,,362166
71215,,,30000,1000,,362167
71217,,,1000,,,362181
71223,,20000,90000,,,186323
71226,,,5000,,,362228
71232,,2000,,,,362288
71233,,,5000,,,357079
71234,,5000,,,,362294
71235,,,2000,,,362297
71236,,,,1500,,362311
71237,,2000,,,,362313
71238,,1000,,,,362316
71239,,2000,,,,362318
71240,,3000,,,,362326
71241,,,5000,,,362323
71243,,2000,,,,362341
71247,,2000,,,,362403
71248,,2000,,,,362410
71249,,2000,,,,362413
71252,,2000,,,,362480
71253,,,45000,,,362486
71254,,2000,,,,362488
71255,,2000,,,,362489
71256,,,3000,,,362491
71257,,2000,,,,362507
71258,,,3000,,,362510
71259,,,8000,,,362515
71260,,,8000,,,362516
71262,,,6000,,,362562
71264,,12000,,,,362576
71266,,,120000,,,31794
71267,,20000,120000,,,34106
71268,,20000,120000,,,34210
71270,,,15000,,,362638
71274,,2000,,,,362710
71275,,3000,,,,241687
71280,,5000,,,,362801
71281,,,1000,,,362809
71282,,,5000,,,362811
71283,,,10000,,,362818
71284,,,10000,,,362821
71285,,3000,,,,362840
71287,,25000,,,,361435
71291,,25000,,,,361415
71300,,,,1500,,362939
71301,,2000,,,,362951
71302,,25000,,,,362952
71303,,,,1500,,362969
71306,,,60000,,,363041
71307,,,3000,1500,,363057
71308,,,,1500,,363064
71309,,,,1500,,363069
71310,,,,1500,,363086
71311,,,1500,,,363094
71312,,180000,,,,363117
71313,,,,1500,,363126
71316,,8000,8000,,,363152
71319,,,6000,,,363186
71320,,,2000,,,363254
71326,,,90000,1500,,363327
71334,,1000,,,,363366
71335,,1000,,,,363375
71336,,,3000,1000,,363377
71337,,1000,,,,363381
71338,,,2000,,,363384
71339,,,12000,,,363388
71340,,1000,,,,363389
71342,,1000,,,,363391
71343,,1000,,,,363395
71344,,1000,,,,363397
71345,,1000,,,,363401
71347,,,,1500,,363402
71348,,,5000,,,363406
71349,,,,500,,361417
71351,,,,1500,,363457
71352,,,,1500,,363460
71353,,,,1500,,363463
71354,,,,1500,,363464
71355,,,,1500,,363465
71356,,,,1500,,363477
71357,,20000,120000,,,363481
71358,,,,1500,,363493
71359,,,,1500,,363499
71360,,,,1500,,363501
71362,,,,1500,,363504
71363,,,,1500,,363505
71364,,,1000,,,363519
71365,,20000,120000,,,363522
71366,,,,1500,,363534
71367,,1000,,,,359459
71368,,2000,,,,363526
71369,,9000,,,,363540
71370,,20000,600000,,,363557
71371,,7000,,,,359480
71372,,4000,,,,362805
71373,,,30000,1000,,363586
71374,,2000,,,,363607
71375,,,,1500,,363608
71376,,4000,,,,360010
71377,,2000,,,,359743
71378,,5000,,,,360334
71379,,2000,,,,361016
71381,,40000,,,,363394
71382,,40000,,,,363396
71383,,40000,,,,363524
71384,,,2000,,,363684
71385,,3000,,,,363712
71386,,,,14000,,363676
71387,,5000,,,,363088
71388,,3900,,,,362601
71390,,,,1500,,363799
71391,,10000,,,,363802
71397,,,30000,,,195447
71398,,,15000,,,195439
71399,,,9000,,,195441
71407,,10000,,,,363930
71410,,2000,,,,363964
71411,,6000,,,,363967
71414,,25000,,,,362853
71415,,25000,,,,362936
71416,,25000,,,,362897
71417,,3000,,,,364018
71418,,3000,,,,364021
71420,,2000,,,,363797
71421,,2000,,,,363780
71422,,3000,,,,364047
71423,,3000,,,,364049
71424,,3000,,,,364052
71425,,10000,,,,364054
71426,,10000,,,,364055
71427,,,120000,120000,,364057
71428,,,120000,120000,,364067
71429,,,120000,120000,,364071
71430,,,120000,120000,,364081
71431,,,5000,,,364084
71438,,,180000,,,363532
71439,,20000,180000,,,364152
71442,,,1000,,,360323
71443,,,5000,,,364210
71445,,,3500,,,361592
71447,,,10000,,,327905
71448,,20000,,,,184270
71449,,8000,,,,364272
71450,,8000,,,,364291
71455,,5000,,,,364319
71456,,,15000,1500,,364342
71457,,,,1500,,364343
71460,,,3500,,,361586
71461,,,1000,,,364401
71463,,1000,,,,364426
71464,,2000,,,,364422
71465,,2000,,,,364445
71466,,3000,,,,364447
71467,,,,1500,,364451
71468,,8000,,,,364449
71469,,3000,,,,363879
71470,,5000,,,,363965
71471,,8000,,,,363999
71472,,,,1500,,364475
71473,,9000,,,,364482
71475,,20000,,,,362721
71476,,8000,,,,364496
71477,,,10000,,,362715
71478,,2000,,,,364643
71479,,4000,4000,,,364652
71481,,1000,,,,364808
71483,,2000,,,,364811
71484,,,1000,,,364813
71486,,3000,,,,364865
71487,,1000,,,,364891
71488,,,,4000,,364893
71489,,3000,,,,364900
71490,,1000,,,,364429
71492,,1000,,,,364905
71493,,3000,,,,359768
71494,,3000,,,,364769
71495,,,3000,,,364946
71496,,4000,,,,364967
71497,,,5000,,,364968
71499,,2000,,,,365026
71504,,2000,,,,365044
71505,,10000,,,,365077
71506,,10000,,,,365079
71507,,5000,,,,365110
71512,,4000,,,,365155
71513,,4000,,,,365156
71514,,1500,,,,365168
71515,,4000,,,,359547
71516,,3000,,,,365185
71520,,,1000,,,365198
71521,,,1000,,,365230
71523,,1500,,,,365251
71524,,10000,,,,365280
71525,,,1000,,,365290
71527,,6000,,,,365321
71528,,1500,,,,365336
71529,,,,1500,,365349
71530,,,90000,1500,,365350
71532,,,6000,,,364073
71533,,,30000,,,362991
71534,,2000,,,,365399
71535,,,5000,,,365485
71537,,,6000,,,365557
71538,,,180000,1500,,358927
71539,,7000,,,,365569
71540,,1000,,,,365584
71541,,,8000,1500,,365585
71542,,3000,,,,365615
71543,,3000,,,,365617
71544,,5000,,,,365627
71545,,4000,,,,365632
71546,,4000,,,,365424
71547,,,10000,,,365638
71548,,4000,,,,365646
71549,,,3000,,,364971
71550,,,3000,,,364950
71551,,3000,,,,365657
71552,,1500,,,,365686
71555,,,31000,,,361844
71556,,,31000,,,361841
71558,,1000,,,,360775
71561,,10000,,,,365613
71563,,,5000,,,365808
71564,,,5000,,,365811
71566,,,5000,,,365814
71567,,,5000,,,365815
71568,,,5000,,,365817
71569,,,5000,,,365818
71570,,,5000,,,365839
71571,,,1000,,,365842
71572,,3000,,,,292942
71573,,2000,,,,294165
71574,,1000,,,,356306
71575,,3000,,,,365847
71578,,1000,,,,365850
71579,,,1000,,,365861
71580,,,1000,,,365862
71581,,,1000,,,365864
71582,,,1000,,,365865
71583,,,1000,,,365867
71584,,3000,,,,365873
71585,,2000,,,,365876
71590,,,5000,,,365920
71591,,,5000,,,365925
71592,,1000,,,,365934
71593,,2000,,,,365905
71595,,,5000,,,365938
71596,,,5000,,,365945
71598,,,1000,,,365963
71599,,,1000,,,365964
71600,,,1000,,,365965
71601,,,1000,,,365967
71602,16,,,,,365257
71603,,,20000,,,365257
71604,,,1000,,,366043
71605,,,1000,,,366044
71606,,,1000,,,366045
71607,,,1000,,,366047
71608,,,1000,,,366048
71609,,,1000,,,366049
71610,,,1000,,,366050
71611,,,1000,,,366051
71612,,,1000,,,366052
71613,,,1000,,,366053
71614,,,1000,,,366054
71615,,,90000,,,366061
71616,,3000,,,,366067
71617,,1000,,,,366074
71618,,1000,,,,366075
71619,,6000,,,,366077
71620,,,1000,,,366109
71621,,,1000,,,366110
71622,,,1000,,,366112
71623,,,1000,,,366113
71624,,,,1500,,366155
71625,,,8000,,,366171
71626,,,5000,,,366173
71627,,,5000,,,366179
71628,,1000,,,,366183
71629,,3000,,,,366185
71630,,1500,,,,366187
71631,,2000,,,,366189
71632,,,6000,,,363294
71633,,3000,,,,366192
71634,,10000,,,,366198
71635,,,,1500,,366222
71636,,,3000,1000,,366294
71637,,5000,,,,366303
71638,,3000,,,,366307
71639,,8000,,,,366326
71640,,,10000,,,360078
71641,,1000,,,,366387
71642,,2000,,,,361868
71643,,,2500,,,366386
71644,,3000,,,,366327
71645,,,3600000,,,366416
71646,,,3600000,,,366426
71647,,,1000,,,366478
71649,,,1000,,,366515
71650,,,1000,,,366527
71652,,,,180000,,359336
71654,,,,1500,,366611
71655,,,60000,,,366676
71656,,3000,,,,366687
72001,,2000,,,,366759
72002,,1000,,,,366760
72003,,1000,,,,366764
72005,,18000,,,,366803
72009,,,,1500,,366833
72010,,,,1500,,366841
72011,,,,1500,,366842
72012,,3000,,,,366847
72013,,,600000,,,366861
72017,,,,5000,,365385
72018,,2000,,,,366938
72019,,2000,,,,366287
72020,,2000,,,,366278
72021,,,,1500,,366945
72022,,,6000,,,366208
72023,,,6000,,,366997
72024,,,,1500,,367013
72025,,,3600000,,,367021
72026,,,2000,,,361081
72029,,,,1500,,367189
72030,,,3600000,,,367202
72031,,,3600000,,,367204
72032,,,3600000,,,367208
72033,,,3600000,,,367209
72034,,,3000,,,360528
72035,,,30000,500,,367226
72036,,5000,,,,367238
72037,,20000,300000,,,367241
72038,,,1000,,,367305
72039,,6000,,,,367323
72040,,,5000,,,367329
72041,,14000,,,,366858
72042,,,1000,,,367334
72043,,,1000,,,367335
72047,,,9000,1500,,367364
72048,,,,1500,,367376
72049,,28800000,,1500,,367416
72051,,,15000,,,367424
72052,,8000,,,,367469
72057,,2000,,,,367561
72060,,,1000,,,360462
72061,,8000,,,,367656
72062,,,30000,,,367659
72063,,4500,,,,367652
72064,,,,1500,,367679
72065,,,1000,,,367693
72066,,,1000,,,367695
72067,,,,1500,,367696
72068,,,,1500,,367702
72069,,,,1500,,367732
72070,,,,1500,,367748
72071,,3000,,,,367762
72072,,,,1500,,367768
72073,,,,1500,,367778
72074,,,5000,,,367783
72075,,,5000,,,367786
72076,,,10000,1000,,367789
72078,,,,1500,,367800
72079,,20000,60000,,,367802
72080,,20000,180000,,,367805
72081,,,6000,,,367787
72082,,,,1500,,367807
72083,,20000,180000,,,367808
72085,,,8000,,,367876
72087,,20000,180000,,,367885
72088,,,43200000,1500,,367891
72089,,20000,90000,,,367896
72091,,,35000,,,367909
72092,,,30000,,,363898
72093,,,240000,1500,,367918
72094,,20000,120000,,,367924
72095,,,30000,,,367930
72096,,20000,180000,,,367931
72097,,,240000,20000,,367953
72099,,,30000,,,367979
72109,,,3000,,,367996
72110,,,1000,,,363912
72111,,,2000,,,361272
72113,,9000,,,,368027
72114,,,,1500,,368038
72115,,2000,,,,368042
72116,,,,1500,,368050
72117,,45000,,,,367919
72119,,1000,,,,368085
72120,,,3600000,,,368086
72122,,,3600000,,,368112
72123,,,3600000,,,368113
72124,,,3600000,,,368114
72125,,,3600000,,,368116
72126,,,3600000,,,368118
72127,,4500,,,,368155
72128,,4500,,,,368163
72129,,11000,,,,368166
72131,,,90000,20000,,368203
72135,,,30000,,,368278
72137,,,,1500,,368314
72138,,,600000,,,368316
72140,,,90000,,,368364
72141,,3000,,,,368379
72144,,,3000,,,368411
72145,,,3000,,,368413
72146,,,3000,,,368414
72147,,,120000,,,368412
72148,,,60000,,,368415
72149,,,3000,,,368417
72150,,,3000,,,368421
72151,,,3000,,,368422
72152,,,3000,,,368425
72155,,6000,,1500,,368434
72158,,,300000,1500,,368450
72160,,7000,,,,368452
72161,,2000,,,,368446
72163,,4000,,,,368457
72164,,2000,,,,368478
72165,,,5000,,,368483
72166,,,5000,,,368486
72167,,,5000,,,368487
72169,,,5000,,,368498
72170,,2000,,,,368511
72171,,1500,,,,368506
72172,,5000,,,,368502
72173,,19000,,,,368396
72174,,3000,,,,368032
72175,,3000,,,,359629
72176,,,,1500,,368563
72178,,4000,,,,368567
72181,,1500,,3000,,368613
72182,,1500,,3000,,368614
72183,,1500,,3000,,368621
72187,,,30000,,,368638
72188,,,30000,,,368639
72189,,,30000,,,368641
72190,,,30000,,,368642
72192,,,2500,1500,,368644
72197,,,180000,20000,,368652
72198,,,180000,20000,,368653
72199,,,180000,20000,,368654
72200,,,180000,20000,,368655
72201,,,180000,20000,,368656
72205,,10000,,,,368572
72206,,,5000,,,368774
72208,,,2000,1000,,368801
72210,,,1000,1000,,368823
72213,,10000,,,,368834
72214,,,2000,,,368837
72215,,,20000,1500,,368847
72216,,,1500,,,366103
72218,16,,,,,368868
72219,,,20000,,,368868
72220,,,3000,,,366557
72221,,,3000,,,366820
72222,,,2000,,,368887
72223,,,90000,20000,,368894
72224,,,3000,1000,,368647
72225,,20000,90000,,,367236
72228,,,8000,1000,,368930
72231,,2000,,,,367776
72232,,,180000,1500,,368970
72234,,,90000,,,368976
72235,,5000,,,,369005
72241,,2000,,,,369061
72242,,,18000,1500,,369093
72243,,,,1500,,369106
72245,,,8000,1000,,369111
72246,,,2000,,,369119
72247,,1500,,,,369110
72248,,,,1500,,369128
72249,,,2000,,,369135
72250,,1500,,,,369138
72253,,3000,15000,1500,,369157
72254,,,2000,,,369158
72262,,3000,,,,369200
72263,,5000,,,,369254
72264,,,10000,,,369282
72265,,,120000,20000,,369287
72266,,,500,,,369332
72267,,2000,,,,369335
72268,,2000,,,,369328
72275,,3000,,,,369365
72276,,6000000,6000000,,,369381
72278,,6000000,6000000,,,369383
72279,,3000,,,,369400
72280,,3000,,,,369408
72281,,1500,,,,369409
72284,,,1000,,,369436
72286,,,70000,,,354782
72287,,,,1500,,369459
72288,,,30000,,,369461
72289,,1500,,,,369465
72290,,,3000,,,369515
72295,,,10000,1500,,369536
72300,,,12000,,,369553
72301,,15000,,,,369557
72302,,,15000,,,369559
72305,,3000,,,,369626
72306,,,20000,1500,,369658
72308,,,6000,,,369668
72312,,,3000,,,369669
72314,,6000,,1500,,369675
72316,,,,1500,,369723
72317,,,1500,,,369733
72318,,,1000,,,365843
72323,,1000,,,,369811
72324,,1000,,,,369818
72325,,,3000,,,369832
72326,,,3000,,,369833
72327,,,3000,,,369837
72330,,,500,,,369940
72333,,3000,,,,369951
72335,,7000,,,,369985
72339,,,1500,,,370039
72342,,10000,,,,370116
72343,,,12000,1000,,370136
72346,16,35000,,,,360658
72347,16,35000,,,,360840
72348,,,,1000,,370241
75683,,,15000,,,370274
75684,,1500,1500,1500,,370275
75686,,1000,,,,370292
75693,,,90000,1500,,370388
75699,,,,1500,,370469
75700,,,2000,,,370480
75701,,1000,12000,,,370486
75702,,1000,1000,,,369961
75703,,,2000,,,370488
75710,,,90000,,,370537
75711,,,120000,,,370553
75714,,,2000,,,370559
75715,,,2000,,,370560
75716,,,,1500,,370564
75720,,,120000,,,370626
75725,,,60000,1500,,370665
75728,,,1000,,,370679
75729,,1500,,,,370687
75730,,3000,,,,370635
75733,,2000,,,,370659
75735,,,1000,,,370760
75736,,300000,,,,370816
75737,,,7000,,,370801
75741,,3000,,,,370908
75744,,,180000,1500,,370960
75745,,90000,,1500,,370965
75746,,,1000,,,370979
75747,,,1000,,,370982
75748,,,,1500,,370996
75750,,,3000,,,370937
75751,,300000,,,,370607
75752,,300000,,,,371024
75753,,300000,,,,371028
75754,,,60000,,,371039
75761,,600000,,,,371124
75763,,,1000,,,371127
75765,,,500,,,371146
75778,,2000,,,,371244
75780,,,15000,,,370792
75782,,,,1500,,371300
75783,,,1000,,,369967
75785,,,3000,,,371323
75792,,,,1500,,371402
75795,,,1500,,,371422
75796,,,4000,,,371423
75797,,,10000,,,371425
75800,,3000,,,,371461
75801,,,,1000,,371472
75806,,60000,,,,371467
75808,,180000,,,,371493
75809,,480000,,,,371494
75810,,60000,,,,371497
75811,,180000,,,,371499
75812,,480000,,,,371500
75813,,60000,,,,371239
75814,,180000,,,,371299
75815,,480000,,,,371301
75816,,10000,,3000,,371515
75817,,10000,,1500,,371519
75818,,10000,,1500,,371521
75819,,,12000,,,371523
75822,,,,1500,,371534
75823,,10000,,1500,,371535
75828,,10000,,1500,,371606
75829,,10000,,1500,,371611
75830,,,,1500,,371621
75831,,300000,,,,371622
75832,,,,1500,,371636
75976,,,120000,,,371644
75977,,120000,,,,371653
75978,,120000,,,,371651
75979,,120000,,,,371646
75981,,,,1500,,371675
75983,,180000,,1500,,371723
75984,,180000,,1500,,371724
75985,,180000,,1500,,371725
75995,,300000,,,,371033
75996,,300000,,,,371149
75997,,300000,,,,371151
75998,,300000,,,,371152
75999,,300000,,,,371055
76000,,600000,,,,371125
76001,,600000,,,,371133
76002,,600000,,,,371134
76003,,300000,,,,371164
76004,,300000,,,,371166
76005,,300000,,,,371167
76006,,,,1500,,371838
76304,,,,1500,,371925
76306,,,,1500,,371930
76319,,10000,,,,368482
76458,,12000,,,,371967
77781,,12000,,,,372028
77782,,,120000,1500,,372048
77783,,1000,5000,,,372065
77784,,,300000,,,370568
77785,,3000,,,,372092
77786,,,90000,,,372114
77788,,1000,12000,12000,,372200
77789,,5000,,,,372197
77790,,3000,,,,44012
77792,,1000,8000,8000,,372217
77795,,3000,12000,1500,,372235
77796,,,1500,,,372237
77798,,,10000,,,372249
77799,,3000,24000,1500,,372247
77800,,,3000,,,372250
77801,,3000,18000,1500,,372276
77802,,3000,,,,372282
77803,,4000,,,,372283
77804,,,1000,,,372285
77805,,8000,,,,372311
77829,,3000,12000,1500,,372441
77830,,3000,12000,1500,,372449
77831,,3000,13000,1500,,372460
77836,,2000,,,,372472
77848,,,20000,,,372444
77849,,,20000,,,372520
77850,,3000,22000,1500,,372529
77852,,,10000,,,372533
77859,,,,1500,,372558
77860,,3000,12000,1500,,372562
77863,,,3000,,,372582
77864,,,,1500,,372585
77865,,,,1500,,372587
77866,,,,1500,,372590
77867,,,,1500,,372592
77868,,,,1500,,372593
77869,,,,1500,,372595
77870,,,,1500,,372596
77871,,,,1500,,372597
77872,,,,1500,,372598
77875,,,60000,,,372709
77876,,10000,,,,371248
77878,,,60000,,,372732
77879,,,30000,,,372742
77881,,,60000,,,372744
77883,,,,1500,,372750
77884,,,60000,,,372760
77886,,3000,,,,369875
77887,,1500,1500,1500,,372608
77888,,1500,1500,,,372610
77889,,30000,,1500,,361584
77890,,,3000,,,372815
77891,,,3000,,,372822
77892,,,,1500,,372784
77893,,3000,12000,1500,,372828
77894,,120000,,1500,,372835
77895,,300000,,,,370511
77899,,,15000,1000,,372953
77901,,,,1500,,372983
77905,,,5000,,,283383
77910,,3000,,,,372226
77914,,,,3000,,372600
77915,,3000,,,,372623
77916,,5000,,,,372701
77917,,,,3000,,372719
77918,,3000,,,,372718
77919,,,,1500,,373140
77920,,10000,,,,373176
77921,,,90000,1500,,373178
77922,,,28800000,1500,,373190
77923,,,28800000,1500,,373191
77924,,,28800000,1500,,373192
77926,,,10000,,,373203
77937,,28800000,,1500,,373262
77941,,28800000,,1500,,373274
77944,,,300000,,,373351
77949,,15000,,,,371976
77950,,15000,,,,373405
77951,,10000,,,,371983
77953,,,,1000,,373441
77954,,,,1000,,373442
77955,,3000,,,,373429
77956,,3000,,,,373370
77957,,3000,,,,373364
77960,,,3000,1500,,373477
77961,,,15000,1500,,373481
77963,,,1000,,,373484
77967,,3000,12000,1500,,373561
77968,,6000,,,,373629
77978,,1500,,,,373792
77979,,,15000,,,373795
77980,,,30000,,,373811
77981,,,1000,,,373798
77982,,,,1500,,373852
77984,,,,1500,,373854
77987,,6000,,,,374022
77990,,,10000,,,374066
77991,,5000,20000,,,374080
77992,,,2000,,,374102
77994,,,1000,,,374085
77995,,,1000,,,373937
77996,,,1000,,,374139
77997,,,2000,,,374165
77999,,,1500,,,374203
78001,,,10000,,,374223
78002,,,10000,,,374225
78003,,,120000,1500,,374227
78004,,,60000,1500,,374251
78006,,,,8000,,374291
78007,,8000,,,,374341
78009,,,1000,,,374373
78010,,3000,,,,374365
78011,,,6000,,,374408
78012,,,1000,,,374469
78016,,,,1000,,374591
78019,,,,1500,,374600
78020,,,1000,,,374608
78024,,,,1500,,374710
78025,,,,1500,,374734
78026,,,5000,,,374738
78027,,,,1500,,374743
78028,,,,1500,,374751
78030,,,,1500,,374755
78032,,1500,1500,,,374763
78034,,,5000,,,374799
78035,,,5000,,,374806
78036,,,5000,,,374809
78037,,,,1500,,374840
78038,,,1000,,,374860
78039,,,5000,,,374872
78040,,,,1500,,374883
78041,,,,1500,,374887
78042,,,1000,,,374888
78046,,,3000,,,374906
78047,,,1000,,,374951
78048,,,,1500,,374957
78049,,,120000,1500,,374968
78050,,10000,,,,374983
78052,,,60000,1500,,374994
78053,,,244800000,,,374551
78054,,,,1500,,374998
78055,,,72000000,,,374546
78056,,,72000000,,,374547
78057,,,72000000,,,374548
78058,,,72000000,,,374549
78059,,,72000000,,,374550
78062,,,,1500,,375035
78063,,,,1500,,375036
78064,,,,1500,,375043
78066,,,,1500,,375047
78073,,,,1000,,375086
78074,,,120000,1500,,375087
78075,,,,1500,,375089
78076,,,,1500,,375090
78078,,,180000,,,375218
78079,,,,1500,,375223
78080,,,,1500,,375235
78088,,,2000,,,375267
78090,,60000,,,,375298
78095,,,,1500,,375336
78096,,,10000,,,375326
78097,,,,1500,,375344
78099,,,2000,,,375354
78100,,,,1500,,375355
78101,,,,1500,,375357
78102,,,,,336139,336135
78103,,,1000,,,375359
78111,,,,1500,,375413
78113,,1500,,,,373325
78116,,,,1500,,375448
78117,,6000,,,,375452
78118,,3000,13000,1500,,375459
78119,,,,1500,,375464
78125,,,,1500,,375499
78126,,,,1500,,375511
78127,,,2000,,,375526
78128,,10000,,,,375527
78129,,,,1500,,375536
78133,,,,1500,,375567
78134,,,60000,1500,,375576
78140,,,,1500,,375644
78146,,3000,20000,1500,,375388
78148,,,300000,,,375692
78149,,,180000,,,375693
78154,,,,1500,,375707
78156,,,,1500,,375709
78157,,,,1500,,375710
78158,,,,1500,,375711
78159,,,,1500,,375712
78160,,,,1500,,375713
78161,,5000,,,,375401
78162,,,15000,1500,,373861
78163,,2000,,,,375630
78164,,2000,,,,375653
78165,,3000,12000,1500,,375719
78166,,3000,13000,1500,,375385
78167,,,30000,1500,,375734
78168,,,300000,,,375741
78169,,,180000,,,375745
78170,,,,1000,,375750
78172,,,,1000,,375805
78173,,,,1000,,375806
78174,,,,1000,,375813
78175,,,,1000,,375819
78176,,,,1000,,375827
78177,,,,1000,,375835
78178,,,1500,,,375852
78183,,,,1500,,375884
78185,,,45000,1500,,375891
78187,,,45000,1500,,375901
78188,,5000,,,,375247
78189,,8000,,,,375431
78190,,,45000,1000,,375912
78192,,,300000,,,375935
78193,,,60000,1000,,375956
78194,,,3000,,,375962
78195,,,,1500,,375982
78196,,180000,,,,376020
78197,,,,1500,,376024
78198,,,90000,1500,,376034
78199,,,,1000,,376061
78200,,,,1000,,376067
78201,,,,1000,,376068
78202,,,90000,1500,,376079
78203,,,5000,,,376088
78204,,,,500,,376092
78205,,,1000,,,368509
78207,,30000,,1500,,376103
78209,,,30000,,,375794
78210,,,30000,1500,,375795
78211,,,60000,,,376142
78212,,,30000,1500,,375754
78213,,,,500,,376155
78214,,,500,,,376172
78216,,,,1500,,376185
78218,,,1000,,,376203
78222,,5000,,,,376170
78224,,8000,,,,376286
78225,,,72000000,1500,,376300
78226,,,,1500,,376302
78227,,,3000,,,376334
78228,,,3000,,,376335
78231,,,2000,,,376389
78233,,10000,,,,376416
78234,,10000,,,,376423
78235,,10000,,,,376424
78236,,10000,,,,376425
78237,,,15000,,,376438
78238,,,1000,,,376439
78240,,,1000,,,376489
78241,,180000,,,,376585
78244,,,,6000,,373960
78245,,,20000,,,376679
78246,,,20000,,,376701
78247,,,,1500,,376743
78248,,,,1500,,376744
78250,,,,1500,,376788
78251,,8000,,,,376806
78252,,8000,,,,376810
78255,,3000,,,,370073
78256,,3000,,,,376860
78257,,2000,,,,376863
78258,,2000,,,,376885
78259,,,180000,,,376916
78260,,,180000,,,376919
78262,,900000,,,,376953
78263,,180000,,,,376955
78265,,,300000,,,376985
78266,,,180000,,,376986
78267,,,30000,,,376948
78268,,,3000,,,377046
78269,,,3000,,,377050
78271,,900000,,,,377084
78272,,900000,,,,377085
78275,,,15000,,,377135
78291,,,240000,,,367961
78292,,,1000,,,377268
78294,,,4000,,,377326
78295,,,4000,,,377338
78296,,,20000,,,377341
78297,,,8000,,,377229
78298,,,500,,,377363
78300,,6000,,,,373767
78302,,,18000,,,377384
78304,,20000,120000,,,377449
78306,,20000,180000,,,377453
78307,,20000,120000,,,377455
78311,,,5000,,,371045
78313,,,1000,,,377508
78314,,,60000,1500,,377509
78315,,,1500,1500,,377518
78317,,,10000,,,377568
78318,,,12000,,,377570
78320,,,500,,,377674
78321,,,500,,,377675
78322,,,500,,,377677
78323,,,500,,,377678
78324,,,500,,,377682
78325,,,500,,,377683
78326,,,500,,,377684
78327,,,500,,,377685
78328,,,500,,,377686
78329,,,500,,,377688
78336,,10000,,,,377792
78337,,2000,,,,377017
78338,,5000,,,,377201
78339,,4000,,,,377469
78340,,180000,,,,377823
78341,,,,1500,,377850
78343,,,600000,,,377902
78348,,,4000,,,377953
78353,,,10000,,,377769
78357,,10000,,,,378052
78358,,,5000,,,378061
78359,,,60000,,,378081
78360,,300000,,,,378091
78361,,600000,,,,378092
78369,,10000,,,,378140
78370,,,,1500,,378001
78406,,,5000,1500,,167569
78408,,,10000,,,378253
78410,,,86400000,,,378302
78411,,3000,,,,378282
78412,,,1000,,,378312
78479,,,10000,,,358415
78480,,1000,45000,,,378441
78483,,,30000,,,378453
78484,,,90000,1500,,378464
78751,,3000,,,,378460
78753,,,120000,1500,,378739
78754,,3000,,,,378768
78755,,,12000,1500,,378773
78775,,,1000,,,378811
78827,,10000,,,,378942
78828,,6000,,,,378757
78829,,6000,,,,378857
78830,,6000,,,,378781
78831,,,90000,1500,,360966
78833,,,120000,,,378974
78850,,,5000,1500,,375296
78851,,3000,12000,1500,,378832
78856,,5000,,,,378995
78857,,5000,,,,379044
80234,,,,1500,,380552
80235,,,,1500,,380553
80236,,,,1500,,380554
80237,,,,1500,,380555
80238,,,,1500,,380556
80239,,,,1500,,380558
80240,,,,1500,,380559
80241,,,,1500,,380560
80242,,,,1500,,380561
80243,,,,1500,,380562
80244,,,,1500,,380563
80245,,,,1500,,380564
80246,,,,1500,,380565
80247,,,,1500,,380566
80248,,,,1500,,380567
80249,,,,1500,,380568
80250,,,,1500,,380569
80251,,,,1500,,380570
80252,,,,1500,,380571
80253,,,,1500,,380572
80254,,,,1500,,380573
80255,,,,1500,,380574
80256,,,,1500,,380575
80257,,,,1500,,380576
80258,,,,1500,,380577
80259,,,,1500,,380578
80260,,,,1500,,380579
80261,,,,1500,,380580
80262,,,,1500,,380581
80263,,,,1500,,380582
80264,,,,1500,,380583
80265,,,,1500,,380584
80266,,,,1500,,380585
80267,,,,1500,,380586
80268,,,,1500,,380587
80269,,,,1500,,380588
80270,,,,1500,,380589
80271,,,,1500,,380590
80272,,,,1500,,380591
80273,,,,1500,,380592
80274,,,,1500,,380593
80275,,,,1500,,380594
80276,,,,1500,,380595
80277,,,,1500,,380596
80278,,,,1500,,380597
80279,,,,1500,,380598
80280,,,,1500,,380599
80281,,,,1500,,380600
80282,,,,1500,,380601
80283,,,,1500,,380602
80284,,,,1500,,380603
80285,,,,1500,,380604
80286,,,,1500,,380605
80287,,,,1500,,380606
80288,,,,1500,,380607
80289,,,,1500,,380608
80290,,,,1500,,380609
80291,,,,1500,,380610
80292,,,,1500,,380611
80293,,,,1500,,380612
80294,,,,1500,,380613
80295,,,,1500,,380614
80296,,,,1500,,380615
80363,,,,1500,,380683
80364,,,,1500,,380684
80366,,,,1500,,380686
80367,,,,1500,,380687
80368,,,,1500,,380688
80369,,,,1500,,380689
80370,,,,1500,,380690
80371,,,,1500,,380691
80372,,,,1500,,380692
80373,,,,1500,,380693
80374,,,,1500,,380694
80375,,,,1500,,380695
80376,,,,1500,,380696
80377,,,,1500,,380697
80378,,,,1500,,380698
80379,,,,1500,,380699
80380,,,,1500,,380700
80381,,,,1500,,380701
80382,,,,1500,,380702
80383,,,,1500,,380703
80384,,,,1500,,380704
80385,,,,1500,,380705
80386,,,,1500,,380706
80387,,,,1500,,380707
80388,,,,1500,,380708
80389,,,,1500,,380709
80390,,,,1500,,380710
80391,,,,1500,,380711
80392,,,,1500,,380712
80393,,,,1500,,380713
80394,,,,1500,,380714
80395,,,,1500,,380715
80396,,,,1500,,380716
80397,,,,1500,,380718
80398,,,,1500,,380719
80399,,,,1500,,380720
80400,,,,1500,,380721
80401,,,,1500,,380722
80402,,,,1500,,380723
80403,,,,1500,,380724
80404,,,,1500,,380725
80405,,,,1500,,380726
80406,,,,1500,,380727
80407,,,,1500,,380728
80408,,,,1500,,380729
80409,,,,1500,,380731
80410,,,,1500,,380732
80411,,,,1500,,380733
80412,,,,1500,,380734
80413,,,,1500,,380735
80414,,,,1500,,380736
80415,,,,1500,,380737
80416,,,,1500,,380738
80417,,,,1500,,380739
80418,,,,1500,,380740
80419,,,,1500,,380741
80420,,,,1500,,380742
80421,,,,1500,,380743
80422,,,,1500,,380744
80423,,,,1500,,380745
80424,,,,1500,,380746
80425,,,,1500,,380747
80426,,,,1500,,380748
80427,,,,1500,,380749
80428,,,,1500,,380750
80429,,,,1500,,380752
80619,,,,1500,,380943
80620,,,,1500,,380944
80621,,,,1500,,380945
80622,,,,1500,,380946
80623,,,,1500,,380947
80624,,,,1500,,380948
80625,,,,1500,,380949
80626,,,,1500,,380950
80627,,,,1500,,380951
80628,,,,1500,,380952
80629,,,,1500,,380953
80630,,,,1500,,380954
80631,,,,1500,,380955
80632,,,,1500,,380956
80633,,,,1500,,380957
80634,,,,1500,,380958
80635,,,,1500,,380959
80636,,,,1500,,380960
80637,,,,1500,,380961
80638,,,,1500,,380962
80639,,,,1500,,380963
80640,,,,1500,,380964
80641,,,,1500,,380965
80642,,,,1500,,380966
80643,,,,1500,,380967
80644,,,,1500,,380968
80645,,,,1500,,380969
80646,,,,1500,,380970
80647,,,,1500,,380971
80648,,,,1500,,380972
80649,,,,1500,,380973
80650,,,,1500,,380974
80651,,,,1500,,380975
80652,,,,1500,,380976
80653,,,,1500,,380977
80654,,,,1500,,380978
80655,,,,1500,,380979
80656,,,,1500,,380980
80657,,,,1500,,380981
80658,,,,1500,,380982
80659,,,,1500,,380983
80660,,,,1500,,380984
80661,,,,1500,,380985
80662,,,,1500,,380986
80663,,,,1500,,380987
80664,,,,1500,,380988
80665,,,,1500,,380989
80666,,,,1500,,380990
80667,,,,1500,,380991
80668,,,,1500,,380992
80669,,,,1500,,380993
80670,,,,1500,,380994
80671,,,,1500,,380995
80672,,,,1500,,380996
80673,,,,1500,,380997
80674,,,,1500,,380998
80675,,,,1500,,380999
80676,,,,1500,,381000
80677,,,,1500,,381001
80678,,,,1500,,381002
80679,,,,1500,,381003
80680,,,,1500,,381004
80681,,,,1500,,381005
80850,,,,1500,,381176
80851,,,,1500,,381177
80852,,,,1500,,381178
80853,,,,1500,,381179
80854,,,,1500,,381180
80855,,,,1500,,381181
80856,,,,1500,,381182
80857,,,,1500,,381183
80858,,,,1500,,381184
80859,,,,1500,,381185
80860,,,,1500,,381186
80861,,,,1500,,381187
80862,,,,1500,,381188
80863,,,,1500,,381189
80864,,,,1500,,381190
80865,,,,1500,,381191
80866,,,,1500,,381192
80867,,,,1500,,381193
80868,,,,1500,,381194
80869,,,,1500,,381195
80870,,,,1500,,381196
80871,,,,1500,,381197
80872,,,,1500,,381198
80873,,,,1500,,381199
80874,,,,1500,,381200
80875,,,,1500,,381201
80876,,,,1500,,381202
80877,,,,1500,,381203
80878,,,,1500,,381204
80879,,,,1500,,381205
80880,,,,1500,,381206
80881,,,,1500,,381207
80882,,,,1500,,381208
80883,,,,1500,,381209
80884,,,,1500,,381210
80885,,,,1500,,381211
80886,,,,1500,,381212
80887,,,,1500,,381213
80888,,,,1500,,381214
80889,,,,1500,,381215
80890,,,,1500,,381216
80891,,,,1500,,381217
80892,,,,1500,,381218
80893,,,,1500,,381219
80894,,,,1500,,381220
80895,,,,1500,,381221
80896,,,,1500,,381222
80897,,,,1500,,381223
80898,,,,1500,,381224
80899,,,,1500,,381225
80900,,,,1500,,381226
80901,,,,1500,,381227
80902,,,,1500,,381228
80903,,,,1500,,381229
80907,,,,1500,,381233
80908,,,,1500,,381234
80909,,,,1500,,381235
80910,,1500,1500,,,381237
80911,,1500,30000,,,381238
80913,,8000,,,,379493
80914,,8000,,,,380315
80915,,,300000,,,381301
80916,,,300000,1500,,381322
80918,,,2000,,,381339
80919,,,1800000,,,381348
80921,,,,1500,,381414
80923,,20000,90000,,,381471
80925,,3000,12000,1500,,381582
80927,,180000,,,,381609
80933,,3000,,,,377604
80934,,3000,,,,377854
80938,,3000,12000,1500,,381681
80939,,3000,12000,1500,,381575
80940,,,10000,,,377990
80941,,,,1500,,381725
80942,,3000,22000,1500,,381701
80944,,20000,120000,,,381768
80948,,8000,,,,381815
80949,,4000,,,,372147
80950,,3000,,,,381683
80953,,,45000,1500,,381924
80956,,,1000,,,381949
80957,,,1000,,,381950
80958,,,1000,,,381951
80960,,,360000,,,381989
80961,,20000,90000,,,381902
80962,,120000,,,,381996
80964,,,,1500,,382047
80965,,20000,120000,,,382056
80966,,20000,120000,,,382058
80967,,,10000,,,382067
80968,,,10000,,,382069
80969,,,10000,,,382072
80970,,,10000,,,382073
80971,,,10000,,,382084
80972,,20000,180000,,,382090
80973,,20000,180000,,,382091
80974,,20000,180000,,,382092
80975,,20000,120000,,,382130
80976,,20000,120000,,,382131
80979,,20000,120000,,,382136
80980,,,,3000,,382202
80981,,,,3000,,382209
80982,,,,3000,,382208
80983,,60000,,,,382188
80984,,60000,,,,382190
80985,,60000,,,,382192
80986,,,120000,,,382256
80988,,20000,120000,,,382257
80989,,,,500,,382266
80990,,,5000,,,382288
80991,,,3000,,,375855
80992,,,30000,500,,382411
80994,,,3000,,,375570
80995,,,60000,1500,,382440
80997,,,15000,,,382452
80999,,20000,90000,,,382455
81001,,,60000,,,382498
81002,,,600000,,,382499
81006,,3000,12000,1500,,382561
81007,,3000,12000,1500,,382570
81009,,,,1500,,382606
81010,,,1000,500,,382614
81011,,,1000,,,382638
81012,,1000,,,,382688
81013,,,1000,,,382689
81015,,,30000,500,,382731
81017,,20000,90000,,,382745
81021,,,500,,,382778
81022,,,5000,,,382451
81024,,,,1500,,382811
81025,,,30000,,,382822
81027,,,500,,,382829
81028,,,1000,,,382871
81029,,,7200000,,,382501
81032,,20000,120000,,,382161
81034,,,45000,1500,,383005
81035,,,60000,1500,,383009
81036,,,120000,1000,,383013
81037,,,30000,1000,,383017
81044,,,60000,1000,,383019
81045,,,20000,,,383031
81046,,,,180000,,383063
81050,,300000,,,,383081
81051,,60000,,1500,,383121
81052,,,6000,1000,,383133
81054,,,3000,,,383137
81056,,,3000,,,383151
81057,,,20000,1500,,383185
81058,,,1000,,,383187
81059,,,10000,,,383198
81060,,,10000,,,383199
81063,,,,1500,,383268
81064,,,,1500,,383269
81067,,,,1500,,383327
81068,,,,1500,,383328
81069,,1000,,,,383332
81070,,,10000,1500,,383343
81071,,,10000,1500,,383345
81072,,,1000,,,383353
81073,,,1000,,,383354
81074,,,1000,,,383369
81075,,,500,,,383397
81077,,,,1500,,383410
81078,,,,1000,,381664
81079,,,,1000,,2823
81080,,,20000,,,383418
81083,,,500,,,383426
81084,,,3000,,,383437
81085,,,3000,,,383438
81089,,,10000,,,383453
81090,,,15000,1500,,383469
81091,,,1000,,,383510
81092,,,5000,,,383507
81093,,,1000,,,383526
81096,,1000,,,,383511
81097,,,1000,,,383528
81098,,,,1000,,374595
81099,,20000,90000,,,382957
81100,,1500,5000,,,383614
81101,,,,1500,,383648
81102,,,30000,1000,,383670
81103,,,,1000,,383694
81104,,1500,,,,383710
81105,,1500,10000,,,383722
81106,,1500,15000,,,383724
81108,,,,1000,,383745
81109,,,,1500,,383746
81110,,,180000,,,383762
81111,,20000,120000,,,383761
81112,,180000,,,,383789
81113,,1500,15000,,,383849
81114,,500,60000,1500,,383869
81115,,500,60000,,,383898
81116,,,500,,,383901
81117,,,500,,,383902
81118,,,500,,,383903
81119,,,500,,,383904
81120,,,500,,,383905
81121,,,500,,,383906
81122,,,500,,,383907
81123,,,500,,,383908
81124,,,500,,,383909
81125,,,500,,,383910
81126,,,500,,,383911
81131,,,60000,,,383971
81134,,,6000,1500,,383995
81137,,,5000,,,384008
81138,,,3000,,,384009
81139,,300000,600000,,,384044
81141,,86400000,,,,384068
81142,,,15000,1500,,384069
81143,,300000,600000,,,384081
81144,,,,1500,,384089
81145,,,8000,1500,,384090
81146,,300000,600000,,,384098
81148,,,60000,,,384100
81150,,,45000,1500,,384110
81151,,,60000,,,384130
81152,,300000,300000,,,384141
81153,,,5000,,,384262
81155,,,1000,,,384274
81157,,,90000,,,384183
81158,,3000,13000,1500,,384291
81159,,3000,12000,1500,,384296
81160,,,70000,,,384297
81161,,,90000,1500,,384318
81162,,,90000,,,384184
81164,,,60000,,,384352
81165,,,,1000,,384364
81167,,,,1000,,384369
81168,,,,1000,,384370
81169,,,,1000,,384371
81170,,,,1000,,384372
81171,,,,1000,,384373
81172,,,,1000,,384375
81173,,300000,,,,384382
81177,,,,1000,,384418
81178,,,,1000,,384421
81179,,,,1000,,384422
81180,,,,1000,,384423
81181,,,,1000,,384424
81182,,,,1000,,384426
81183,,,,1000,,384427
81184,,,,1000,,384428
81186,,1000,,,,384435
81187,,12000,,1500,,384441
81188,,3000,12000,1500,,384471
81189,,21600000,21600000,,,381258
81190,,21600000,21600000,,,384486
81191,,21600000,21600000,,,384487
81192,,20000,120000,,,382139
81193,,20000,90000,,,384037
81194,,20000,120000,,,382126
81195,,300000,,,,384495
81196,,,3000,,,384498
81197,,,1000,,,384508
81198,,300000,,,,384515
81199,,300000,,,,384518
81200,,,7000,,,384530
81201,,300000,,,,384534
81202,,,,1500,,360022
81203,,,,1500,,384590
81204,,300000,,,,384607
81205,,300000,,,,384608
81207,,20000,90000,,,384615
81209,,,90000,1000,,384631
81212,,20000,30000,,,384636
81214,,180000,,,,384694
81222,,,10000,1500,,384767
81224,,,5000,,,377462
81225,,,1000,,,384806
81226,,,1000,,,384822
81227,,20000,60000,,,384849
81231,,,,1000,,384855
81232,,20000,60000,,,382112
81233,,,,1500,,384874
81234,,,,1000,,384891
81235,,600000,,1500,,384895
81236,,600000,,1500,,384902
81237,,600000,,1500,,384903
81238,,,43200000,,,384911
81244,,10000,10000,,,384967
81247,,3000,22000,1500,,384993
81248,,3000,12000,1500,,385005
81250,,,1000,,,385010
81251,,,10000,,,385030
81252,,,4000,,,385036
81253,,5000,,,,385037
81254,,,30000,,,385015
81258,,,45000,1500,,385059
81259,,20000,90000,,,384532
81260,,,2000,,,385089
81262,,3000,12000,1500,,385108
81263,,,1000,,,385121
81264,,3000,6000,1500,,385145
81265,,3000,12000,1500,,385157
81266,,3000,12000,1500,,385170
81267,,,7200000,,,385085
81268,,3000,13000,1500,,385172
81270,,,1000,,,385177
81271,,,1000,,,385180
81272,,20000,82800000,,,385183
81273,,1000,10000,,,385191
81278,,,,1500,,385298
81280,,,2000,,,385324
81281,,,12000,,,385341
81282,,,800,,,385343
81283,,4000,,,,385344
81284,,1000,180000,,,385348
81285,,,3000,,,385351
81286,,3000,12000,1500,,385363
81287,,3000,12000,1500,,385386
81289,,3000,12000,1500,,385390
81290,,,,1500,,385404
81292,,,90000,1000,,385408
81296,,3000,12000,1500,,385419
81299,,,15000,,,385476
81301,,,,1000,,385483
81302,,,30000,,,385484
81304,,300000,600000,1500,,385520
81305,,,1000,,,385532
81312,,4000,,,,385558
81313,,,,1500,,385585
81314,,,,1500,,384711
81315,,,,1500,,385584
81316,,,,1500,,385615
81317,,,45000,1000,,385616
81318,,,60000,1000,,385627
81319,,,,1500,,385631
81320,,,30000,,,385644
81321,,,60000,,,385636
81322,,1500,15000,,,385693
81323,,120000,,,,385602
81324,,,5000,,,385732
81328,,,7200000,,,385792
81332,,,,1000,,385806
81334,,,1000,,,385808
81335,,,,1500,,385822
81336,,,,1500,,385823
81337,,,1000,1000,,385859
81338,,,8000,1000,,385862
81339,,,12000,1000,,385867
81340,,,8000,1000,,385869
81341,,,5000,,,385760
81342,,,1000,,,385491
81343,,3000,12000,1500,,385883
81344,,20000,150000,,,385884
81345,,,2000,,,385947
81346,,,2000,,,385950
81352,,,,1500,,386048
81353,,,,1500,,386049
81358,,,90000,,,386071
81359,,1000,45000,,,386073
81366,,,,1500,,374990
81367,,3000,,,,386164
81368,,,1000,1000,,386167
81371,,3000,,,,386196
81372,,,8000,1000,,386198
81373,,3000,3000,,,386208
81374,,,45000,1500,,386235
81375,,,14000,1000,,385870
81376,,,,1500,,386256
81377,,,1000,,,386267
81378,,,60000,1000,,386276
81379,,300000,,,,386279
81380,,,1000,1000,,386339
81383,,,300000,,,385297
81384,,,1800000,1000,,386379
81385,,,5000,,,386382
81386,,20000,120000,1000,,383781
81387,,,1000,,,386412
81388,,,1000,,,386413
81389,,,1000,,,386414
81390,,,1000,,,386415
81391,,,1000,,,386416
81392,,,1000,,,386417
81393,,,1000,,,386418
81394,,,1000,,,386419
81396,,,1800000,,,386508
81397,,300000,,,,386521
81398,,,43200000,,,386522
81399,,,,1000,,386533
81400,,,,1000,,386534
81401,,,,1000,,386535
81402,,,45000,1500,,386542
81404,,,,1500,,386575
81405,,300000,,,,386582
81406,,300000,,,,386585
81407,,300000,,,,386588
81408,,,3600000,,,386599
81409,,4000,,,,377081
81411,,,,1500,,386614
81413,,,6000,,,386618
81414,,20000,90000,,,386624
81415,,,,1500,,386638
81416,,,6000,,,386644
81417,,6000,,,,386658
81418,,,600000,,,386681
81419,,300000,,,,386690
81420,,20000,120000,,,386692
81421,,,45000,1500,,386696
81422,,3000,13000,1500,,386700
81423,,3000,27000,1500,,386745
81425,,,60000,,,383376
81426,,3000,12000,1500,,386722
81429,,3000,22000,1500,,386801
81431,,,45000,1500,,386833
81432,,300000,,,,386835
81433,,300000,,,,386837
81434,,300000,,,,386839
81435,,300000,,,,386841
81436,,300000,,,,386843
81443,,4000,,,,386885
81444,,,1000,,,386886
81445,,,1000,,,386888
81446,,,1000,,,386889
81447,,,1000,,,386890
81448,,,1000,,,386891
81449,,,500,,,386933
81450,,,30000,750,,386951
81451,,,10000,,,386955
81452,,,,1500,,386985
81453,,,60000,1500,,386997
81454,,3000,13000,1500,,387006
81455,,,3000,,,387007
81456,,3000,22000,1500,,387039
81463,,3000,,,,387067
81464,,,,1500,,387073
81465,,,90000,,,387080
81466,,,90000,,,387081
81467,,3000,,,,387069
81468,,3000,,,,387074
81469,,3000,12000,1500,,387083
81472,,,,1500,,387160
81473,,,120000,,,387168
81475,,,,1500,,387174
81476,,,120000,1500,,387184
81477,,3000,12000,1500,,387205
81483,,3000,12000,1500,,387243
81484,,,180000,1500,,387278
81485,,,21600000,,,387288
81488,,1000,5000,,,387309
81490,,,3000,1500,,387315
81498,,4500,,,,374599
81500,,3000,12000,1500,,387352
81501,,3000,12000,1500,,386866
81503,,,1000,,,387370
81504,,,21600000,,,387381
81505,,,3000,1500,,387388
81509,,3000,12000,1500,,387433
81510,,,20000,,,387442
81515,,3000,12000,1500,,387473
81516,,3000,12000,1500,,387481
81517,,3000,13000,1500,,387497
81518,,,1000,,,387517
81519,,,1000,,,387518
81521,,3000,12000,1500,,387528
81522,,6000,,,,385442
81523,,8000,,,,385181
81524,,8000,,,,385551
81525,,6000,,,,385531
81526,,3000,12000,1500,,387670
81527,,,,1500,,387685
81530,,,5000,,,387707
81532,,1000,2000,,,387738
81533,,3000,12000,1500,,387748
81536,,,10000,,,386063
81537,,,30000,,,387839
81538,,300000,300000,,,387903
81539,,2000,,,,386259
81540,,5000,,,,385270
81541,,5000,,,,385137
81542,,5000,,,,386059
81543,,1000,,,,387936
81544,,1000,5000,,,387944
81545,,1000,5000,,,387963
81546,,3000,11000,1500,,387965
81548,,,,1500,,387976
81550,,45000,,,,388007
81551,,45000,,,,388010
81552,,45000,,,,388011
81553,,45000,,,,388013
81554,,,4000,,,387759
81556,,,10000,,,387745
81559,,,1000,,,388054
81561,,,,1500,,388085
81562,,,,1500,,388086
81565,,,72000000,,,382354
81566,,,72000000,,,382358
81567,,3000,12000,1500,,387960
81568,,,6000,,,388163
81569,,,500,1000,,388193
81570,,,43200000,,,388213
81572,,,15000,,,388215
81574,,,1000,,,388240
81575,,,1000,,,388241
81579,,5000,,,,374045
81580,,5000,,,,374339
81581,,300000,,,,388258
81582,,,300000,,,388263
81583,,,1800000,,,388267
81584,,,,1500,,388268
81585,,3000,13000,1500,,388296
81587,,3000,17000,1500,,388310
81588,,,1000,,,388313
81590,,,30000,,,388330
81591,,,10000,,,387678
81592,,3000,22000,1500,,388335
81593,,,10000,,,388339
81596,,,1000,,,388417
81598,,5000,,,,388460
81599,,,8000,1500,,388465
81602,,,30000,,,388518
81603,,,30000,,,388519
81604,,,30000,,,388520
81605,,,30000,,,388524
81606,,,30000,,,388525
81611,,,500,,,388556
81612,,,,1500,,388579
81613,,,1000,,,388587
81615,,,1000,,,388592
81616,,20000,180000,,,388559
81618,,,1000,1500,,388615
81621,,,10000,,,384808
81622,,,10000,,,384904
81625,,3000,12000,1500,,381535
81626,,,15000,1500,,388668
81631,,,500,,,388721
81632,,3000,12000,1500,,388743
81633,,3000,12000,1500,,388745
81635,,20000,180000,,,388503
81643,,,8000,,,388323
81644,,3500,,,,388820
81645,,3000,,,,388826
81646,,3000,,,,388834
81647,,3000,,,,388836
81648,,3000,,,,388837
81649,,3000,,,,388839
81650,,3000,,,,388840
81651,,3000,,,,388842
81652,,,20000,,,388831
81653,,,500,,,388845
81656,,20000,120000,,,388881
81657,,,,1500,,388913
81658,,,30000,,,388915
81659,,4000,,,,388690
81660,,4000,,,,388730
81661,,,30000,,,388950
81662,,3000,15000,1500,,388952
81664,,3000,12000,1500,,388962
81665,,10800000,,,,376664
81667,,,20000,,,387596
81669,,,1500,,,388590
81670,,,1000,,,388891
81671,,,1000,,,388890
81672,,,15000,,,389016
81674,,,4500,,,389067
81675,,,4500,,,389069
81676,,,300000,1500,,389072
81677,,,3000,,,389074
81679,,,,1500,,389098
81680,,,1500,,,389101
81681,,,5000,,,389122
81682,,,5000,,,389123
81683,,,5000,,,389140
81684,,,5000,,,389142
81685,,,,1500,,389143
81686,,,30000,,,389168
81688,,,3600000,,,389232
81689,,3000,22000,1500,,389271
81690,,,1000,,,389272
81691,,,10000,,,389146
81692,,,10000,,,383079
81694,,,30000,,,389283
81695,,,30000,,,389288
81696,,20000,30000,,,388931
81697,,,2000,,,375598
81698,,3000,12000,1500,,389312
81699,,20000,240000,,,389343
81700,,,,1500,,389363
81701,,1000,,,,228164
81702,,1000,,,,228086
81703,,3000,13000,1500,,389364
81704,,,,1500,,389378
81705,,,,1500,,389384
81706,,,5000,,,389393
81707,,,10000,,,389408
81708,,,,1500,,389423
81709,,,,1500,,389429
81711,,,1500,,,389470
81712,,,,1500,,389503
81716,,,3000,1500,,389583
81720,,12000,,,,389179
81721,,2000,,,,384351
81722,,2000,,,,384524
81723,,12000,,,,384014
81724,,120000,,,,389539
81725,,20000,120000,,,383926
81728,,,90000,,,389722
81729,,,90000,,,389748
81731,,,90000,1500,,389774
81732,,,,1500,,389777
81733,,20000,180000,,,383941
81734,,,300000,,,389769
81735,,,60000,1500,,389789
81736,,,,1500,,389801
81737,,,,1500,,389807
81738,,,,1500,,389809
81739,,,,1500,,389810
81740,,,,1500,,389813
81741,,,,1500,,389815
81742,,,45000,1500,,389794
81744,,,,1500,,389858
81746,,,1000,,,389899
81747,,3000,22000,1500,,389947
81749,,,,3500,,390115
81750,,,1500,,,390124
81752,,,3600000,,,390127
81753,,,,1500,,390163
81755,,,1500,,,390235
81756,,,,1500,,390255
81758,,,45000,1500,,390279
81761,,4000,,,,385980
81768,,,43200000,,,390392
81769,,,12000,,,374699
81770,,,,1500,,390414
81771,,,300000,,,390386
81772,,,1200000,,,390444
81773,,,1200000,,,390453
81774,,20000,150000,,,390458
81777,,,500,,,390508
81778,,,10000,,,390519
81779,,20000,150000,1500,,390540
81782,,,30000,,,390554
81786,,,15000,1500,,390612
81787,,,3000,,,370227
81788,,2000,,,,390761
81789,,,1000,,,390794
81791,,,1500,,,390643
81792,,,1000,,,390883
81793,,,1000,,,390888
81795,,,8000,1000,,390961
81797,,,,1500,,390990
81799,,5000,,,,391006
81801,,,3600000,,,391023
81803,,,,1500,,391042
81806,,600000,600000,1500,,391054
81808,,,60000,1500,,391109
81809,,3600000,,1500,,391122
81810,,,6000,,,391129
81811,,,5000,,,391132
81812,,,1000,,,391146
81813,,,3600000,,,391162
81814,,,3600000,,,391163
81815,,,3600000,,,391164
81816,,3600000,,1500,,391075
81817,,3600000,,1500,,391076
81826,,,1000,,,391222
81827,,,,1500,,391230
81828,,5000,,,,391268
81830,,,1000,,,391342
81832,,3000,12000,1500,,391385
81833,,,1000,,,391331
81834,,,,1500,,391403
81835,,500,30000,,,391408
81836,,120000,,1500,,391430
81837,,3600000,,1500,,390975
81838,,,1000,,,374801
81840,,,120000,1500,,391528
81842,,,,1000,,391591
81843,,20000,300000,1500,,391621
81844,,,,1500,,391622
81845,,,,1500,,391631
81849,,2000,,,,391732
81850,,,,1500,,389870
81852,,3000,13000,1500,,391800
81853,,3000,17000,1500,,391825
81857,,,25000,1500,,391888
81865,,3000,12000,1500,,391915
81868,,,1500,,,391963
81871,,3000,12000,1500,,391999
81873,,3000,13000,1500,,392013
81876,,,,1500,,392060
81879,,1000,,,,389951
81883,,1500,,,,392090
81885,,20000,,,,392148
81886,,6000,,,,392152
81887,,,20000,1500,,392160
81888,,6000,,,,392192
81889,,,,1500,,392200
81891,,,,1500,,392209
81892,,,,1500,,392210
81895,,,3000,,,392244
81899,,,8000,,,392318
81900,,,86400000,,,389843
81901,,,120000,1500,,392359
81902,,,,1500,,392380
81903,,1500,,,,392381
81906,,,1000,,,381623
81909,,,10000,,,392424
81911,,,5000,,,392466
81913,,,,1500,,392471
81914,,,5000,,,392481
81915,,,5000,,,392456
81916,,,,1500,,392482
81921,,20000,60000,,,390420
81922,,300000,300000,,,392612
81923,,300000,300000,,,392613
81924,,300000,300000,,,392614
81925,,300000,300000,,,392615
81927,,,90000,,,392622
81928,,,10000,,,392624
81929,,300000,,,,392625
81930,,,3000,1500,,392665
81931,,,3600000,,,392661
81932,,,3600000,,,392690
81936,,,300000,,,392700
81939,,,,1000,,392779
81940,,,,1000,,392780
81941,,,,1000,,392781
81942,,,,1000,,392782
81943,,,,1000,,392783
81944,,,,1000,,392784
81945,,,,1000,,392785
81946,,,,1000,,392786
81947,,,,1000,,392787
81948,,,,1000,,392788
81949,,,,1000,,392789
81950,,,70000,,,392862
81951,,,30000,,,392885
81952,,,,1500,,392888
81953,,3000,,,,392724
81954,,,,1000,,392923
81955,,20000,120000,,,383934
81959,,120000,120000,,,392956
81960,,,90000,,,392966
81961,,,35000,1000,,392983
81966,,,,1500,,393040
81967,,4000,,,,392486
81968,,,,1000,,393123
81969,,,,1000,,393124
81970,,,,1000,,393125
81971,,,,1000,,393126
81972,,,,1000,,393127
81973,,,,1000,,393128
81974,,,,1000,,393129
81975,,,,1000,,393130
81976,,,,1000,,393131
81977,,,,1000,,393132
81978,,,,1000,,393133
81979,,,,1000,,393134
81980,,,,1000,,393135
81981,,,,1000,,393136
81982,,,,1000,,393137
81983,,,,1000,,393138
81984,,,,1000,,393139
81985,,,,1000,,393140
81986,,,,1000,,393141
81987,,,,1000,,393142
81988,,,,1000,,393144
81989,,,,1000,,393145
81990,,,,1000,,393153
81991,,,,1000,,393154
81992,,,,1000,,393155
81993,,,,1000,,393156
81994,,,,1000,,393157
81995,,,,1000,,393158
81996,,,,1000,,393159
81997,,,,1000,,393160
81998,,,,1000,,393161
81999,,,,1000,,393162
82000,,,,1000,,393163
82001,,,,2500,,393151
82002,,,,2500,,393206
82003,,28800000,,1500,,393222
82004,,,,1000,,393224
82005,,,,1000,,393225
82006,,,,1000,,393226
82007,,,,1000,,393227
82008,,,,1000,,393228
82009,,,,1000,,393229
82010,,,,1000,,393230
82011,,,,1000,,393231
82012,,,,1000,,393232
82013,,,,1000,,393233
82014,,,,1000,,393234
82015,,,,1000,,393235
82016,,,,1000,,393236
82017,,,,1000,,393237
82018,,,,1000,,393238
82019,,,,1000,,393239
82020,,,,1000,,393240
82021,,,,1000,,393241
82022,,,,1000,,393242
82023,,,,1000,,393243
82024,,,,1000,,393244
82025,,,,1000,,393245
82026,,28800000,,1500,,393256
82027,,28800000,,1500,,393262
82028,,28800000,,1500,,393267
82029,,28800000,,1500,,393273
82030,,28800000,,1500,,393276
82031,,28800000,,1500,,393279
82032,,28800000,,1500,,393283
82033,,5000,,,,393296
82034,,3000,,,,393298
82035,,3000,,,,393302
82036,,5000,,,,393309
82037,,,5000,,,393315
82038,,,,1500,,393323
82039,,,,1000,,393328
82040,,,,1500,,393330
82041,,,20000,,,393345
82042,,,1500,,,393356
82043,,,1500,,,393370
82044,,,1500,,,393375
82045,,2000,,,,393395
82046,,5000,,,,393429
82047,,,5000,,,393441
82048,,,5000,,,393448
82049,,,10000,,,393450
82050,,,6000,,,385899
82052,,43200000,,1500,,382134
82053,,,10000,,,393474
82055,,,,1500,,393523
82056,,,,1500,,393527
82058,,,2000,,,392342
82059,,,,1500,,393545
82060,,12000,,,,393550
82061,,4000,,,,393520
82063,,500,60000,,,393580
82067,,,5000,,,393547
82068,,,,1500,,393686
82069,,,3000,,,393734
82070,,28800000,,1500,,393764
82071,,28800000,,1500,,393766
82072,,,600000,1500,,393795
82073,,1000,,,,393508
82074,,,10000,,,393806
82075,,,5000,,,393856
82076,,3000,12000,1500,,393859
82078,,,,1500,,393864
82079,,,,1500,,393865
82080,,,,1500,,393866
82081,,,,1500,,393893
82082,,,,1500,,393896
82083,,,30000,,,393988
82084,,,600000,,,383957
82085,,,,1500,,393998
82092,,1500,,,,393976
82093,,1500,5000,,,394034
82094,,180000,,,,394041
82095,,,,1500,,394062
82096,,,1000,,,394064
82098,,,,1500,,394085
82100,,2000,,,,394167
82101,,300000,,,,385809
82102,,300000,,,,385968
82103,,300000,,,,385969
82105,,,,1000,,394217
82106,,,,1000,,394221
82107,,,,1000,,394222
82108,,,,1000,,394223
82109,,,,1000,,394224
82110,,,,1000,,394225
82111,,,,1000,,394226
82112,,,,1000,,394227
82113,,,,1000,,394228
82114,,,,1000,,394229
82115,,,,1000,,394230
82116,,,,1000,,394232
82117,,,,1000,,394233
82118,,,,1000,,394234
82119,,,,1500,,394275
82120,,60000,,,,394291
82122,,,,1500,,394310
82123,,,3600000,,,394317
82124,,,3600000,,,394318
82126,,300000,,,,394322
82127,,,,1500,,394336
82128,,20000,120000,,,394369
82130,,,,1500,,394429
82131,,3000,13000,1500,,394440
82132,,,15000,,,371593
82133,,3000,12000,1500,,394450
82134,,,20000,,,376631
82135,,3000,,,,394463
82137,,,1500,,,394514
82138,,,1000,,,394566
82139,,20000,120000,,,394618
82141,,3000,13000,1500,,394620
82142,,3000,13000,1500,,394622
82143,,,12000,,,394604
82144,,5000,,,,394639
82145,,,18000,,,394717
82146,,1000,500,,,394720
82147,,,15000,,,394759
82148,,,45000,15000,,394760
82149,,,,1500,,394780
82150,,,,1500,,394789
82158,,20000,240000,,,377464
82164,,,45000,1500,,385952
82165,,,180000,1500,,394927
82168,,,1000,,,394976
82169,,,,1500,,394985
82170,,20000,180000,,,394995
82176,,,8000,,,395050
82177,,,120000,,,382880
82182,,,2000,,,382008
82185,,,30000,1500,,395152
82186,,,,1500,,395160
82188,,2000,,,,395167
82190,,20000,90000,,,395175
82191,,20000,60000,,,395178
82193,,,1500,1500,,395179
82194,,15000,,,,395200
82195,,5000,,,,395222
82197,,,180000,1500,,395267
82198,,,10000,,,395276
82199,,,,1500,,395277
82200,,,60000,1500,,395289
82201,,,1000,,,395360
82203,,,,1500,,395408
82204,,2000,,,,395427
82208,,2700000,,,,395598
82209,,1800000,,,,395599
82210,,900000,,,,395600
82215,,3000,,,,395479
82216,,3000,,,,395302
82217,,3000,,,,395351
82221,,20000,120000,1000,,377463
82222,,20000,,,,395703
82224,,20000,,,,382417
82225,,,120000,,,395705
82226,,20000,,,,395715
82229,,25000,,,,395489
82232,,3000,23000,1500,,395831
82233,,3000,22000,1500,,395833
82234,,3000,22000,1500,,395834
82235,,,,1500,,395835
82236,,3000,15000,1500,,395841
82238,,3000,12000,1500,,395936
82240,,3000,12000,1500,,395947
82244,,,10000,,,386636
82245,,3000,22000,1500,,396075
82246,,3000,12000,1500,,396084
82248,,,60000,,,396053
82249,,,1000,,,36554
82250,,,,1500,,396121
82251,,,,1500,,396123
82252,,,,1500,,396125
82253,,,,1500,,396126
82254,,,,1500,,396127
82255,,,,1500,,396128
82256,,,,1500,,396129
82257,,,,1500,,396130
82258,,,,1500,,396131
82259,,,,1500,,396132
82261,,,120000,,,396134
82264,,,30000,,,396172
82265,,,,1000,,396203
82266,,,300000,,,396219
82267,,,3600000,,,396236
82268,,,40000,500,,396286
82269,,,,1500,,396288
82270,,,100,,,396306
82271,,3000,12000,1500,,396316
82272,,,1000,,,396340
82273,,,1000,,,396345
82274,,,500,,,396356
82275,,,,1500,,396358
82276,,3000,13000,1500,,396367
82278,,1500,,,,396373
82279,,,18000,,,396362
82280,,,,1500,,396386
82281,,20000,60000,,,396391
82282,,,,1500,,396392
82283,,,15000,,,396403
82284,,,10000,,,378452
82287,,3000,12000,1500,,396476
82290,,5000,,,,374026
82291,,5000,,,,396504
82292,,5000,,,,396506
82293,,5000,,,,396507
82294,,5000,,,,396511
82295,,5000,,,,396512
82296,,5000,,,,396513
82297,,5000,,,,396515
82298,,5000,,,,396517
82299,,5000,,,,396518
82300,,5000,,,,396519
82301,,5000,,,,396521
82302,,5000,,,,396522
82303,,5000,,,,396523
82304,,5000,,,,396524
82305,,5000,,,,396525
82306,,5000,,,,396526
82307,,5000,,,,396527
82308,,5000,,,,396565
82309,,5000,,,,396566
82310,,,3600000,,,396591
82311,,3000,12000,1500,,396629
82312,,,10000,,,377689
82313,,,1000,,,381410
82314,,3000,18000,1500,,396684
82315,,,18000,1500,,396718
82317,,3000,12000,1500,,396742
82318,,,1000,,,396747
82319,,,12000,,,376616
82320,,3000,10000,1500,,396762
82322,,,20000,,,396798
82323,,3000,12000,1500,,396823
82325,,,2000,1500,,396854
82326,,,5000,,,389875
82327,,,,1000,,382021
82328,,,100,,,396948
82331,,1500,5000,,,396995
82332,,,15000,,,388936
82333,,,1000,,,397097
82334,,,1000,,,397098
82347,,,3000,,,397214
82376,,,1500,,,397013
82383,,45000,,,,397272
82398,,,,1500,,397300
82420,,3000,,,,397362
82423,,20000,90000,,,397399
82424,,20000,120000,,,397400
82425,,20000,120000,,,397405
82426,,20000,120000,,,397407
82429,,,500,,,357070
82430,,4000,,,,373733
82432,,12000,,,,387943
82433,,5000,,,,396445
82434,,,6000,,,397482
82435,,,30000,,,384131
82436,,20000,120000,,,397510
82437,,20000,120000,,,397511
82440,,,1000,,,363916
82441,,,300000,,,397571
82442,,,5000,,,397573
82443,,,,2500,,397607
82463,,,,1000,,397654
82482,,,300000,,,397744
82483,,20000,120000,,,397746
82484,,,1000,,,48265
82485,,,5000,1500,,397775
82487,,10000,,,,397797
82494,,2000,,,,397878
82495,,4000,,,,397880
82496,,,180000,,,392603
82499,,,20000,,,397925
82500,,3000,,,,397927
82501,,25000,,,,393886
82502,,,3000,,,398013
82503,,,3000,,,398015
82506,,,,1500,,398119
82508,,,,1500,,398170
82516,,,5000,,,398225
82518,,,,1500,,398254
82519,,,,1500,,398271
82520,,,3000,1500,,398280
82524,,,2000,,,398325
82525,,,2000,,,398336
82528,,,,1500,,398365
82529,,,,1500,,398368
82530,,,,1500,,398369
82531,,,,1500,,398371
82532,,,,1500,,398372
82533,,,,1500,,398374
82534,,,,1500,,398375
82538,,,120000,,,398393
82539,,,1000,,,398396
82543,,,,1500,,398404
82552,,,6000,,,385963
82556,,,1000,,,398516
82557,,,1000,,,398517
82558,,20000,120000,,,398292
82561,,,300000,,,398572
82562,,,8000,,,398573
82563,,,5000,,,398577
82564,,,3000,,,398341
82565,,,3000,,,398593
82566,,4000,,,,398660
82567,,,1000,,,358267
82568,,3000,12000,1500,,398677
82569,,,5000,1500,,398703
82570,,,3000,,,398714
82573,,,3000,,,398731
82574,,,3000,,,398732
82578,,,3000,,,398743
82579,,,3000,,,398744
82580,,,3000,,,398774
82581,,,3000,,,398775
82583,,3000,12000,1500,,398780
82584,,3000,22000,1500,,398782
82585,,3000,,1500,,398796
82586,,,3000,,,398823
82590,,,,1500,,398871
82591,,,1000,,,398877
82592,,,1000,,,398878
82593,,,1000,,,398879
82594,,,1000,,,398880
82595,,,,1500,,398873
82596,,,,1500,,398870
82597,,,,1500,,398872
82598,,,3000,,,398860
82599,,6000,,,,398891
82600,,2000,,,,398892
82602,,,3000,,,398959
82605,,6000,,,,398996
82606,,6000,,,,399004
82607,,6000,,,,399007
82608,,,1000,,,399008
82609,,2000,,,,399013
82610,,6000,,,,399014
82611,,3000,,1500,,399024
82612,,2000,,,,399028
82613,,6000,,,,399029
82614,,,1000,,,399041
82615,,3000,23000,1500,,399061
82616,,3000,,1500,,399069
82755,,2000,,,,398991
82756,,,15000,,,399300
82759,,,1500,,,399308
82762,,,,1500,,399319
82899,,,3000,,,399489
82900,,,,1500,,399491
82901,,,3600000,,,395752
82902,,3000,22000,1500,,399504
82905,,,3000,,,399502
83043,,,40000,1500,,399655
83044,,,,1500,,399680
83046,,,,750,,399685
83047,,,3000,,,399697
83049,,8000,,,,386781
83050,,,1000,,,399738
83051,,,6000,,,399695
83052,,,3000,,,399748
83053,,,1000,,,399766
83054,,,1000,,,399767
83055,,,1000,,,399768
83056,,,1000,,,399773
83125,,,,1500,,399865
83126,,,,1500,,399866
83127,,,,1500,,399867
83128,,,,1500,,399868
83129,,,,1500,,399869
83130,,,,1500,,399870
83131,,,,1500,,399871
83132,,,,1500,,399872
83133,,,,1500,,399873
83134,,,,1500,,399874
83135,,,,1500,,399875
83136,,,,1500,,399876
83137,,,,1500,,399877
83138,,,,1500,,399878
83139,,,,1500,,399879
83140,,,,1500,,399880
83141,,,,1500,,399881
83142,,,,1500,,399882
83143,,,,1500,,399883
83144,,,,1500,,399884
83145,,,,1500,,399885
83146,,,,1500,,399886
83147,,,,1500,,399887
83148,,,,1500,,399888
83149,,,,1500,,399889
83150,,,,1500,,399890
83151,,,,1500,,399891
83152,,,,1500,,399892
83153,,,,1500,,399893
83154,,,,1500,,399894
83155,,,,1500,,399895
83156,,,,1500,,399896
83157,,,,1500,,399897
83158,,,,1500,,399898
83159,,,,1500,,399899
83160,,,,1500,,399900
83161,,,,1500,,399901
83162,,,,1500,,399902
83163,,,,1500,,399903
83164,,,,1500,,399904
83165,,,,1500,,399905
83166,,,,1500,,399906
83167,,,,1500,,399907
83168,,,,1500,,399908
83169,,,,1500,,399909
83170,,,,1500,,399910
83171,,,,1500,,399911
83172,,,,1500,,399912
83173,,,,1500,,399913
83174,,,,1500,,399914
83175,,,,1500,,399915
83176,,,,1500,,399916
83177,,,,1500,,399917
83178,,,,1500,,399918
83179,,,,1500,,399919
83180,,,,1500,,399920
83181,,,,1500,,399921
83182,,,,1500,,399922
83184,,,,1500,,399924
83185,,,,1500,,399925
83186,,,,1500,,399926
83187,,,,1500,,399927
83188,,,,1500,,399928
83189,,,,1500,,399929
83190,,,,1500,,399930
83191,,,,1500,,399931
83192,,,,1500,,399932
83193,,,3000,,,399933
83194,,,2000,,,399941
83195,,,12000,,,399942
83196,,,5000,,,399320
83199,,,2000,,,399979
83209,,,,2500,,400020
83212,,,1000,,,400047
83213,,,,1500,,400069
83214,,,16000,1500,,399296
83215,,,5000,,,400143
83217,,1000,,1000,,400132
83218,,9000,,1500,,400169
83219,,,100,,,398030
83220,,,,1500,,399291
83221,,,3000,,,400131
83222,,,8000,1500,,399295
83223,,,12000,1500,,399293
83224,,,12000,1500,,399294
83225,,,,1500,,400254
83226,,,3000,,,400294
83228,,,1000,,,400326
83229,,,,1500,,400340
83237,,,15000,,,400384
83238,,,6000,,,400385
83241,,,5000,,,400466
83242,,,,1500,,400515
83246,,,,1500,,400541
83247,,,5000,,,377178
83249,,,,1500,,400561
83250,,,,1500,,400565
83268,,,3000,,,400695
83270,,,1000,,,400718
83271,,,,1000,,400720
83272,,7000,,1500,,400757
83273,,,8000,,,400758
83275,,,,1500,,400805
83277,,,60000,,,400823
83279,,,,1500,,400935
83281,,20000,90000,,,400956
83282,,20000,120000,,,400986
83288,,,1000,,,401087
83289,,,5000,,,401093
83290,,,5000,,,401094
83293,,,,1500,,401153
83294,,,,1500,,401154
83295,,,,1500,,401155
83297,,5000,,,,387151
83299,,,5000,,,401196
83302,,,5000,,,401246
83303,,,5000,,,401247
83304,,,600000,,,401253
83305,,20000,60000,,,401238
83306,,,3000,,,401260
83312,,,,1500,,401353
83316,,,1000,,,401366
83317,,,5000,,,401370
83318,,,10000,,,401373
83319,,,30000,,,401375
83320,,,1000,,,401380
83321,,,60000,,,401306
83322,,,,500,,401382
83326,,,8000,,,386861
83328,,,,1500,,401409
83329,,,,1500,,401410
83330,,,,1500,,401411
83331,,,,1500,,401412
83333,,,,1500,,401414
83340,,,5000,,,401470
83341,,,5000,,,401471
83343,,,10000,1500,,401477
83347,,,,1500,,401515
83385,,300000,,,,401672
83398,,30000,,,,401795
83400,,,,1500,,401802
83443,,4000,,,,402048
83515,,20000,150000,1000,,402583
83530,,,,1500,,402685
83537,,,30000,,,390282
83556,,1500,10000,1500,,403092
83557,,,10000,,,400826
83558,,,30000,,,403130
83559,,3000,13000,1500,,403169
83563,,,10000,1500,,403216
83572,,,,1500,,403243
83573,,,250,,,403260
83574,,,250,,,403261
83575,,,250,,,403262
83576,,,250,,,403263
83577,,3000,,,,403265
83578,,3000,,,,403264
83579,,,3000,1500,,394060
83580,,,3000,1500,,375423
83582,,,3000,1500,,377765
83583,,,3000,1500,,378012
83584,,,3000,1500,,400079
83585,,,3000,1500,,378835
83586,,,3000,1500,,388706
83587,,,3000,1500,,371551
83588,,,3000,1500,,387232
83589,,,5000,1500,,378850
83590,,,3000,1500,,399033
83591,,,3000,1500,,369050
83592,,,3000,1500,,371618
83593,,,3000,1500,,372448
83594,,,10000,,,403268
83595,,,3000,1500,,372486
83596,,,3000,1500,,371383
83597,,,3000,1500,,371313
83598,,,3000,1500,,388741
83599,,,3000,1500,,387091
83600,,,3000,1500,,389433
83601,,,3000,1500,,387217
83602,,,3000,1500,,386096
83603,,,3000,1500,,383084
83604,,,3000,1500,,373483
83605,,,3000,1500,,371565
83606,,,3000,1500,,371584
83607,,,3000,1500,,377435
83608,,,3000,1500,,391948
83609,,,3000,1500,,401148
83610,,,3000,1500,,400960
83611,,,3000,1500,,399086
83612,,,3000,1500,,398496
83613,,,3000,1500,,398497
83614,,,3000,1500,,398494
83615,,,3000,1500,,382542
83617,,,3000,1500,,390926
83620,,,3000,1500,,389518
83621,,,3000,1500,,382101
83622,,,3000,1500,,389401
83623,,,3000,1500,,389560
83625,,,3000,1500,,368983
83626,,,3000,1500,,369055
83628,,,3000,1500,,368984
83630,,,3000,1500,,393265
83631,,,3000,1500,,391380
83632,,,3000,1500,,388944
83633,,,3000,1500,,389274
83634,,,3000,1500,,400974
83635,,,3000,1500,,400078
83636,,,3000,1500,,401113
83637,,,3000,1500,,392671
83638,,,3000,1500,,389505
83639,,,3000,1500,,389239
83640,,,2000,1500,,396366
83641,,,2000,1500,,396825
83642,,,2000,1500,,396078
83643,,,2000,1500,,395827
83644,,,2000,1500,,396159
83645,,,2000,1500,,395946
83646,,,2000,1500,,396302
83647,,,2000,1500,,396313
83648,,,2000,1500,,395756
83649,,,1000,1000,,396107
83650,,,4000,1500,,400333
83651,,,2000,1500,,400279
83652,,,2000,1500,,399656
83653,,,2000,1500,,400859
83654,,,2000,1500,,396819
83655,,,1000,1000,,396071
83656,,,2000,1500,,395857
83657,,,2000,1500,,396041
83658,,,,1500,,401214
83659,,,,1500,,369865
83660,,,3000,1500,,385959
83661,,,2000,1500,,398631
83662,,3000,10000,1500,,401192
83663,,,,1500,,401385
83664,,3000,12000,1500,,388897
83665,,3000,11000,1500,,389245
83666,,3000,12000,1500,,389247
83668,,3000,12000,1500,,389269
83669,,3000,12000,1500,,389515
83670,,3000,12000,1500,,389255
83671,,,,1500,,384493
83672,,,,1500,,372369
83673,,,3000,1500,,387021
83674,,,3000,1500,,376426
83675,,,3000,1500,,383866
83676,,,3000,1500,,377335
83677,,3000,22000,1500,,369442
83678,,3000,22000,1500,,372553
83679,,3000,22000,1500,,369788
83680,,3000,22000,1500,,374898
83681,,3000,22000,1500,,394829
83682,,,,1500,,370155
83683,,3000,20000,1500,,388475
83684,,3000,23000,1500,,396360
83685,,3000,22000,1500,,395819
83686,,3000,23000,1500,,388974
83687,,3000,23000,1500,,395951
83688,,3000,22000,1500,,395860
83689,,3000,22000,1500,,395941
83690,,3000,22000,1500,,387054
83691,,3000,22000,1500,,381893
83692,,3000,22000,1500,,384475
83693,,3000,22000,1500,,396645
83694,,3000,20000,1500,,375445
83696,,3000,23000,1500,,377033
83697,,3000,22000,1500,,377154
83698,,3000,22000,1500,,396423
83699,,3000,23000,1500,,393326
83700,,3000,22000,1500,,369129
83701,,3000,22000,1500,,383298
83702,,3000,22000,1500,,389478
83703,,3000,22000,1500,,396600
83704,,3000,22000,1500,,370104
83705,,3000,22000,1500,,378420
83706,,3000,22000,1500,,375504
83707,,3000,22000,1500,,386602
83708,,3000,23000,1500,,394070
83709,,3000,22000,1500,,381765
83711,,3000,22000,1500,,379052
83712,,3000,22000,1500,,378886
83713,,3000,20000,1500,,382066
83714,,3000,22000,1500,,383975
83715,,3000,22000,1500,,389495
83716,,3000,22000,1500,,383236
83717,,3000,22000,1500,,382721
83718,,3000,22000,1500,,370212
83719,,3000,22000,1500,,381591
83720,,3000,22000,1500,,397110
83721,,3000,22000,1500,,396786
83722,,3000,22000,1500,,387740
83723,,3000,22000,1500,,383864
83724,,3000,22000,1500,,394591
83725,,3000,22000,1500,,387427
83726,,3000,23000,1500,,377478
83727,,3000,22000,1500,,395934
83729,,3000,22000,1500,,396314
83731,,3000,,1500,,399666
83732,,3000,25000,1500,,399744
83733,,3000,22000,1500,,377661
83734,,3000,30000,1500,,400372
83735,,,,1500,,401341
83736,,3000,30000,1500,,400486
83737,,3000,22000,1500,,399071
83738,,3000,23000,1500,,398720
83739,,3000,13000,1500,,388844
83740,,3000,12000,1500,,388843
83741,,3000,12000,1500,,396355
83742,,3000,13000,1500,,389266
83743,,3000,13000,1500,,373526
83745,,3000,12000,1500,,377962
83746,,3000,12000,1500,,369925
83747,,3000,12000,1500,,377900
83748,,3000,12000,1500,,377609
83749,,3000,12000,1500,,392957
83750,,3000,12000,1500,,384385
83751,,3000,12000,1500,,393584
83752,,3000,12000,1500,,374135
83753,,3000,12000,1500,,374892
83754,,3000,13000,1500,,385024
83755,,3000,12000,1500,,381357
83756,,3000,12000,1500,,375988
83757,,3000,12000,1500,,381438
83758,,3000,12000,1500,,375094
83759,,3000,12000,1500,,374865
83760,,3000,12000,1500,,383237
83761,,3000,12000,1500,,384474
83763,,3000,12000,1500,,375420
83764,,3000,12000,1500,,374158
83765,,3000,12000,1500,,386107
83766,,3000,12000,1500,,375201
83767,,3000,12000,1500,,384473
83768,,3000,13000,1500,,393820
83769,,3000,12000,1500,,390210
83771,,3000,12000,1500,,394355
83772,,3000,12000,1500,,373947
83773,,3000,12000,1500,,388377
83775,,3000,12000,1500,,372557
83776,,3000,12000,1500,,392712
83777,,3000,12000,1500,,389526
83778,,3000,12000,1500,,387049
83779,,3000,12000,1500,,377483
83781,,3000,12000,1500,,385258
83782,,3000,12000,1500,,389564
83784,,3000,12000,1500,,389242
83787,,3000,12000,1500,,389258
83788,,3000,12000,1500,,395855
83789,,3000,12000,1500,,396708
83790,,3000,12000,1500,,396325
83791,,3000,17000,1500,,388474
83792,,3000,12000,1500,,396796
83793,,3000,12000,1500,,396807
83794,,3000,13000,1500,,396641
83795,,3000,12000,1500,,397112
83796,,3000,13000,1500,,392675
83797,,3000,12000,1500,,396675
83799,,3000,12000,1500,,396617
83800,,3000,12000,1500,,396614
83801,,3000,12000,1500,,395967
83803,,3000,12000,1500,,395952
83804,,3000,12000,1500,,390245
83806,,3000,12000,1500,,387192
83807,,3000,12000,1500,,387186
83808,,3000,12000,1500,,387290
83809,,3000,12000,1500,,372474
83810,,3000,12000,1500,,390256
83811,,3000,12000,1500,,386111
83817,,3000,12000,1500,,387317
83818,,3000,12000,1500,,375694
83819,,3000,12000,1500,,377502
83820,,3000,12000,1500,,369241
83822,,3000,13000,1500,,388374
83823,,3000,13000,1500,,377421
83824,,3000,12000,1500,,369750
83825,,3000,12000,1500,,375446
83826,,3000,12000,1500,,369942
83827,,3000,12000,1500,,388542
83828,,3000,12000,1500,,396805
83829,,3000,12000,1500,,396709
83830,,3000,13000,1500,,393832
83831,,3000,13000,1500,,370054
83832,,3000,13000,1500,,396350
83833,,3000,13000,1500,,374797
83835,,3000,12000,1500,,379023
83836,,3000,12000,1500,,388532
83837,,3000,12000,1500,,394362
83838,,3000,12000,1500,,396492
83839,,3000,12000,1500,,389257
83840,,3000,12000,1500,,395811
83841,,3000,12000,1500,,369751
83842,,3000,12000,1500,,387677
83843,,3000,12000,1500,,396115
83846,,3000,12000,1500,,393439
83847,,3000,12000,1500,,393434
83848,,3000,14000,1500,,387189
83849,,3000,12000,1500,,383452
83850,,3000,12000,1500,,373034
83851,,3000,12000,1500,,382783
83852,,3000,13000,1500,,387297
83853,,3000,12000,1500,,396346
83854,,3000,12000,1500,,393458
83855,,3000,12000,1500,,382308
83857,,3000,12000,1500,,384366
83858,,3000,12000,1500,,378397
83859,,3000,12000,1500,,375249
83860,,3000,13000,1500,,388529
83861,,3000,13000,1500,,388540
83862,,3000,12000,1500,,378222
83863,,3000,10000,1500,,377961
83864,,3000,13000,1500,,388857
83865,,3000,15000,1500,,396856
83866,,3000,12000,1500,,387037
83867,,3000,12000,1500,,385263
83868,,3000,13000,1500,,381649
83869,,3000,12000,1500,,389268
83870,,3000,11000,1500,,399701
83871,,3000,12000,1500,,378112
83873,,3000,12000,1500,,392087
83874,,3000,11000,1500,,373636
83875,,3000,,1500,,373946
83876,,3000,12000,1500,,372502
83877,,3000,12000,1500,,372397
83878,,3000,12000,1500,,396739
83879,,3000,12000,1500,,396208
83880,,3000,12000,1500,,396637
83882,,3000,12000,1500,,396353
83883,,3000,12000,1500,,392007
83884,,3000,12000,1500,,392006
83885,,3000,13000,1500,,373051
83886,,3000,12000,1500,,377646
83887,,3000,20000,1500,,377270
83888,,3000,12000,1500,,389279
83889,,3000,12000,1500,,373201
83890,,3000,12000,1500,,388669
83891,,3000,12000,1500,,388688
83892,,3000,13000,1500,,396738
83893,,3000,12000,1500,,382749
83894,,3000,13000,1500,,396454
83895,,3000,13000,1500,,377140
83896,,3000,12000,1500,,381537
83898,,3000,12000,1500,,381408
83900,,3000,12000,1500,,395948
83901,,3000,12000,1500,,377484
83902,,3000,10000,1500,,370012
83903,,3000,12000,1500,,383097
83905,,3000,12000,1500,,374137
83906,,3000,12000,1500,,374126
83907,,3000,12000,1500,,396674
83909,,3000,12000,1500,,375919
83910,,3000,13000,1500,,388211
83911,,3000,12000,1500,,388225
83912,,3000,13000,1500,,388305
83913,,3000,12000,1500,,388183
83914,,3000,12000,1500,,388573
83915,,3000,13000,1500,,395097
83916,,3000,15000,1500,,369921
83917,,3000,12000,1500,,375058
83918,,3000,12000,1500,,392734
83919,,3000,17000,1500,,389270
83921,,3000,12000,1500,,396775
83922,,3000,10000,1500,,387300
83923,,3000,10000,1500,,378128
83924,,3000,13000,1500,,395184
83925,,3000,12000,1500,,396599
83926,,3000,12000,1500,,396605
83927,,3000,12000,1500,,379033
83928,,3000,11000,1500,,396348
83929,,3000,12000,1500,,376399
83930,,3000,12000,1500,,386991
83931,,3000,12000,1500,,386993
83932,,3000,12000,1500,,386992
83933,,3000,13000,1500,,395174
83934,,3000,12000,1500,,392279
83935,,3000,12000,1500,,392283
83936,,3000,13000,1500,,392285
83937,,3000,13000,1500,,369359
83938,,3000,12000,1500,,392281
83939,,3000,12000,1500,,386994
83941,,3000,13000,1500,,393327
83946,,3000,12000,1500,,392284
83947,,3000,12000,1500,,375237
83948,,3000,12000,1500,,385383
83949,,3000,12000,1500,,392692
83950,,3000,12000,1500,,392698
83951,,3000,12000,1500,,394912
83954,,3000,12000,1500,,377512
83955,,3000,12000,1500,,395991
83956,,3000,12000,1500,,387277
83957,,3000,12000,1500,,375945
83958,,3000,12000,1500,,373545
83959,,3000,12000,1500,,375422
83960,,3000,12000,1500,,389567
83961,,3000,12000,1500,,373532
83963,,3000,12000,1500,,389280
83964,,3000,12000,1500,,373573
83965,,3000,12000,1500,,374719
83966,,3000,14000,1500,,389251
83967,,3000,12000,1500,,375671
83968,,3000,15000,1500,,378413
83969,,3000,12000,1500,,375579
83970,,3000,13000,1500,,374192
83972,,3000,12000,1500,,372452
83973,,3000,12000,1500,,372862
83974,,3000,12000,1500,,389497
83975,,3000,12000,1500,,377923
83978,,3000,12000,1500,,382179
83979,,3000,12000,1500,,389474
83980,,3000,15000,1500,,387508
83981,,3000,12000,1500,,389435
83982,,3000,12000,1500,,386078
83983,,3000,12000,1500,,394037
83984,,3000,12000,1500,,377532
83985,,3000,12000,1500,,388349
83986,,3000,12000,1500,,389487
83987,,3000,12000,1500,,381570
83988,,3000,12000,1500,,387657
83989,,3000,12000,1500,,370259
83991,,3000,12000,1500,,382261
83993,,3000,,1500,,369946
83995,,3000,15000,1500,,389477
83996,,3000,12000,1500,,387343
83997,,3000,13000,1500,,378454
83998,,3000,12000,1500,,387683
83999,,3000,,1500,,387729
84002,,3000,12000,1500,,383143
84003,,3000,12000,1500,,396861
84004,,3000,12000,1500,,396877
84005,,3000,12000,1500,,396520
84006,,3000,12000,1500,,397109
84007,,3000,12000,1500,,378731
84008,,3000,15000,1500,,396814
84009,,3000,12000,1500,,396975
84010,,3000,12000,1500,,396859
84011,,3000,12000,1500,,395943
84012,,3000,12000,1500,,396432
84013,,3000,12000,1500,,396475
84014,,3000,16000,1500,,396101
84015,,3000,,1500,,396659
84016,,3000,12000,1500,,396415
84017,,3000,12000,1500,,394598
84018,,3000,12000,1500,,400052
84019,,3000,10000,1500,,396303
84020,,3000,12000,1500,,396447
84021,,3000,12000,1500,,396615
84022,,3000,12000,1500,,378150
84023,,3000,12000,1500,,373549
84024,,3000,12000,1500,,384648
84025,,3000,22000,1500,,369176
84027,,3000,12000,1500,,387224
84028,,3000,,1500,,375587
84029,,3000,12000,1500,,379134
84030,,3000,12000,1500,,378394
84031,,3000,12000,1500,,387316
84032,,3000,12000,1500,,387236
84033,,3000,12000,1500,,387410
84034,,3000,12000,1500,,382102
84035,,3000,12000,1500,,382143
84036,,3000,12000,1500,,391958
84037,,3000,12000,1500,,372495
84038,,3000,12000,1500,,393453
84039,,3000,12000,1500,,387861
84040,,3000,15000,1500,,389275
84041,,3000,12000,1500,,391542
84043,,3000,16000,1500,,387652
84045,,3000,12000,1500,,369197
84049,,3000,12000,1500,,369193
84050,,3000,12000,1500,,390361
84051,,3000,12000,1500,,391837
84052,,3000,,1500,,372310
84053,,3000,12000,1500,,387783
84054,,3000,12000,1500,,391896
84055,,3000,13000,1500,,387045
84056,,3000,12000,1500,,381585
84057,,3000,12000,1500,,382704
84058,,3000,12000,1500,,391793
84059,,3000,12000,1500,,369813
84060,,3000,12000,1500,,387337
84061,,3000,12000,1500,,383102
84062,,3000,12000,1500,,372494
84063,,3000,12000,1500,,396315
84064,,3000,12000,1500,,383165
84065,,3000,12000,1500,,396690
84067,,3000,12000,1500,,388941
84068,,3000,10000,1500,,399653
84070,,3000,13000,1500,,377608
84073,,3000,12000,1500,,395763
84074,,3000,12000,1500,,396069
84075,,3000,12000,1500,,396882
84076,,3000,12000,1500,,396780
84077,,3000,12000,1500,,375250
84078,,3000,12000,1500,,395816
84079,,3000,13000,1500,,387950
84080,,3000,13000,1500,,397093
84081,,3000,12000,1500,,387708
84082,,3000,12000,1500,,397108
84083,,3000,12000,1500,,396774
84084,,3000,12000,1500,,395871
84085,,3000,12000,1500,,396879
84086,,3000,12000,1500,,396180
84087,,3000,12000,1500,,390169
84088,,3000,12000,1500,,381519
84089,,3000,13000,1500,,375216
84090,,3000,12000,1500,,388747
84091,,3000,13000,1500,,392701
84092,,3000,11000,1500,,386179
84093,,3000,11000,1500,,372839
84094,,3000,12000,1500,,390223
84095,,3000,12000,1500,,396613
84097,,3000,12000,1500,,392733
84099,,3000,13000,1500,,381521
84100,,3000,12000,1500,,374824
84103,,3000,12000,1500,,374765
84105,,3000,12000,1500,,388383
84108,,3000,12000,1500,,378873
84109,,3000,12000,1500,,391470
84110,,3000,12000,1500,,378143
84111,,3000,12000,1500,,382454
84112,,3000,12000,1500,,387719
84113,,3000,15000,1500,,398749
84114,,,,1500,,399721
84115,,,,1500,,394334
84116,,3000,12000,1500,,383846
84117,,3000,12000,1500,,396330
84118,,3000,,1500,,399079
84119,,3000,12000,1500,,400050
84120,,3000,12000,1500,,399336
84121,,3000,13000,1500,,399065
84122,,3000,12000,1500,,399062
84123,,3000,12000,1500,,401361
84124,,3000,12000,1500,,398504
84125,,3000,12000,1500,,398392
84126,,3000,12000,1500,,398501
84127,,3000,12000,1500,,398370
84128,,3000,12000,1500,,398500
84129,,3000,15000,1500,,400492
84130,,3000,12000,1500,,402748
84131,,3000,12000,1500,,398385
84132,,3000,20000,1500,,402775
84133,,3000,12000,1500,,400877
84134,,3000,12000,1500,,401338
84135,,3000,12000,1500,,398394
84136,,10000,18000,1500,,400842
84137,,3000,25000,1500,,400177
84138,,3000,12000,1500,,400883
84139,,3000,12000,1500,,400968
84140,,3000,16000,1500,,400954
84141,,3000,12000,1500,,398399
84142,,3000,12000,1500,,398397
84143,,3000,12000,1500,,400077
84144,,3000,12000,1500,,400993
84145,,3000,14000,1500,,401212
84146,,3000,12000,1500,,401362
84147,,3000,12000,1500,,401355
84148,,3000,12000,1500,,398464
84149,,3000,15000,1500,,400296
84150,,3000,12000,1500,,402766
84151,,3000,12000,1500,,401163
84152,,3000,14000,1500,,401209
84153,,3000,12000,1500,,401342
84154,,3000,12000,1500,,401368
84155,,3000,12000,1500,,400066
84156,,3000,12000,1500,,400063
84157,,3000,12000,1500,,402769
84158,,3000,12000,1500,,402759
84159,,3000,12000,1500,,402772
84160,,3000,12000,1500,,400055
84161,,3000,12000,1500,,400971
84162,,3000,12000,1500,,399678
84163,,3000,12000,1500,,401205
84164,,3000,12000,1500,,398479
84165,,3000,12000,1500,,398463
84166,,3000,12000,1500,,401216
84167,,3000,16000,1500,,401109
84168,,3000,11000,1500,,402807
84169,,3000,12000,1500,,399664
84170,,3000,20000,1500,,400283
84171,,3000,12000,1500,,401193
84172,,3000,13000,1500,,400057
84173,,3000,12000,1500,,400977
84178,,,120000,,,381459
84179,,,7000,,,403407
84181,,3000,12000,1500,,389572
84183,,,1500,,,403462
84184,,,1500,,,403469
84185,,,1500,,,403481
84188,,,120000,,,403491
84191,,,,1500,,403593
84194,,10000,,1500,,403613
84197,,,120000,1500,,403631
84204,,,3600000,,,403711
84206,,,3600000,,,403733
84207,,,30000,1500,,403768
84208,,,3600000,,,403770
84211,,8000,,,,403811
84212,,8000,,,,403813
84216,,,1000,,,403837
84227,,,60000,,,403876
84229,,9500,,,,403440
84231,,,5000,1500,,404012
84232,,4000,,,,404023
84233,,,1000,,,404089
84234,,,1000,,,404090
84235,,,1000,,,404091
84236,,,1000,,,404092
84237,,,1000,,,404093
84238,,,1000,,,404094
84239,,,1000,,,404095
84240,,,1000,,,404096
84241,,,1000,,,404097
84242,,,1000,,,404098
84243,,,1000,,,404099
84244,,,1000,,,404100
84245,,,1000,,,404101
84246,,,1000,,,404102
84247,,,1000,,,404103
84248,,,1000,,,404104
84249,,,1000,,,404105
84250,,,1000,,,404106
84251,,,1000,,,404107
84252,,,1000,,,404108
84253,,,1000,,,404109
84254,,,1000,,,404110
84255,,,1000,,,404111
84256,,,1000,,,404112
84257,,,20000,1500,,404047
84259,,,,1500,,404140
84261,,,2000,1500,,404207
84263,,4000,,,,404248
84265,,3000,30000,1500,,404216
84268,,,2000,,,404360
84269,,,3000,,,404361
84270,,,3000,,,404362
84272,,,3000,,,404397
84275,,,4000,,,404447
84276,,3000,,,,404467
84277,,4000,,,,404426
84278,,6000,,,,404451
84279,,,,1000,,404501
84280,,,,1000,,404504
84283,,,300000,1500,,404583
84285,,1000,,,,404626
84286,,3000,30000,1500,,404634
84287,,,3000,,,404642
84288,,,3000,,,404700
84289,,1000,,,,404556
84290,,,1500,,,404735
84291,,,2000,1500,,404756
84292,,,3000,1500,,404757
84294,,3000,15000,1500,,404779
84295,,,2000,1500,,404807
84296,,,,1500,,404815
84297,,,5000,,,404841
84300,,,3000,,,404933
84301,,1000,5000,,,404970
84302,,,180000,1500,,404977
84308,,2000,,,,403834
84313,,20000,90000,,,405064
84314,,20000,120000,,,405068
84318,,,5000,,,405097
84319,,,5000,,,405101
84322,,,12000,,,405146
84323,,,30000,,,405149
84324,,,30000,,,405170
84325,,,30000,,,405172
84326,,,30000,,,405173
84327,,,30000,,,405174
84328,,,30000,,,405175
84329,,,30000,,,405176
84330,,,30000,,,405178
84331,,,30000,,,405179
84332,,,30000,,,405180
84333,,,30000,,,405181
84334,,,30000,,,405182
84335,,,30000,,,405183
84336,,,12000,,,405199
84338,,,1000,,,405212
84339,,15000,,1500,,405284
84341,,1500,,,,405288
84342,,,1800000,,,405301
84343,,,1000,,,405304
84344,,,1000,,,405305
84345,,,1000,,,405320
84349,,300000,,,,405351
84350,,,1000,,,405381
84352,,60000,,1500,,405397
84353,,3000,15000,1500,,400459
84355,,300000,,,,405420
84356,,,30000,1500,,405426
84357,,,30000,1500,,405430
84358,,,1000,,,405442
84359,,,1000,,,405443
84360,,300000,,,,405444
84361,,,1000,,,405445
84362,,300000,,,,405449
84363,,300000,,,,405452
84364,,300000,,,,405454
84365,,,,1500,,405521
84366,,,8000,,,405555
84367,,,8000,,,405619
84368,,4000,5000,,,405616
84369,,,,1500,,405637
84370,,,,1500,,405638
84371,,,,1500,,405639
84373,,,1000,,,405664
84378,,45000,,,,405675
84379,,45000,,,,405691
84380,,,1000,,,405714
84383,,,10000,,,405719
84384,,,,1500,,405721
84390,,1500,,,,405805
84397,,3000,3000,,,405853
84398,,,1000,,,405857
84399,,,3000,1500,,405868
84400,,3000,,,,405893
84401,,,600000,,,405892
84402,,3000,6000,1500,,405894
84403,,3000,,,,405896
84404,,3000,12000,1500,,405905
84405,,,,1500,,405906
84407,,3000,17000,1500,,405908
84408,,15000,,,,403900
84409,,,12000,1500,,405922
84411,,,3600000,,,405634
84412,,,180000,,,405940
84413,,,1000,,,405967
84414,,,2000,,,405969
84415,,,1000,,,405971
84417,,10000,,1500,,406000
84418,,10000,,1500,,406001
84419,,,,1500,,406002
84421,,180000,,,,406055
84423,,,3600000,,,406069
84425,,,,1500,,406087
84426,,,,1500,,406088
84427,,1500,,,,404471
84428,,,10000,,,406104
84432,,3000,12000,1500,,406215
84433,,,,1500,,406225
84434,,3000,14000,1500,,406231
84435,,,3000,,,406237
84436,,,3000,,,406246
84437,,,6000,,,406268
84438,,,,1500,,406302
84439,,,6000,,,406324
84440,,,6000,,,406326
84442,,,12000,1500,,406344
84443,,5000,,,,406345
84445,,,2000,1500,,406366
84446,,3000,16000,1500,,406369
84449,,,,1000,,406392
84450,,,12000,,,406429
84451,,,10000,1000,,405726
84452,,20000,120000,,,406442
84453,,3000,16000,1500,,406478
84454,,20000,90000,,,406459
84457,,,9000,,,406529
84458,,,,1500,,406554
84459,,,5000,1500,,406556
84460,,,3000,1500,,406566
84462,,4000,,,,397515
84463,,4000,,,,401258
84465,,,2000,1500,,406639
84466,,,5000,1500,,406644
84467,,,,1000,,406647
84468,,,,1250,,406661
84469,,,,30000,,406655
84470,,3000,13000,1500,,406671
84472,,,120000,,,400788
84473,,500,180000,,,406732
84474,,5000,,,,406752
84476,,,,1500,,406771
84477,,,6000,1500,,406778
84478,,3000,13000,1500,,406792
84480,,3000,30000,1500,,406802
84481,,,1000,,,406803
84482,,,1000,,,406808
84483,,,1000,,,406810
84484,,,750,,,190784
84485,,,10000,,,406848
84486,,,20000,1500,,198100
84612,,,600000,1500,,406870
84613,,3000,13000,1500,,406873
84614,,300000,,,,406905
84615,,,3000,,,406938
84616,,,,1500,,406957
84617,,10000,,3000,,406963
84618,,10000,,1500,,406964
84619,,10000,,1500,,406965
84620,,,120000,1500,,406971
84621,,3000,18000,1500,,406978
84622,,,120000,,,406984
84623,,300000,,,,407019
84624,,,45000,1500,,407028
84626,,3000,,,,406287
84627,,,,1500,,407089
84628,,,3000,,,407093
84629,,2000,,,,407125
84630,,2000,,,,407124
84631,,,40000,,,407144
84633,,,1000,,,407175
84634,,,1000,,,407176
84635,,,1000,,,407177
84636,,,5000,,,407187
84639,,,1000,,,407233
84640,,,1000,,,407234
84641,,,1000,,,407235
84642,,,1000,,,407246
84643,,,1000,,,407247
84644,,,1000,,,407248
84645,,,1000,,,407288
84646,,,1000,,,407306
84647,,,1000,,,407307
84648,,,1000,,,407308
84649,,,1000,,,407309
84650,,,1000,,,407310
84651,,,1000,,,407311
84652,,,2000,1500,,407332
84653,,,2000,,,407338
84654,,,3000,,,407342
84656,,,2000,1500,,407354
84658,,3000,25000,1500,,407359
84659,,,300000,,,407366
84660,,,2000,1500,,407389
84665,,,60000,,,407422
84666,,,60000,,,407428
84667,,,60000,,,407434
84668,,,60000,,,407446
84670,,,60000,1500,,407478
84672,,,,1000,,407480
84673,,,1000,,,407487
84674,,,,1500,,407492
84675,,20000,90000,,,407512
84678,,,,500,,405755
84679,,,,500,,407527
84683,,,,1500,,407625
84689,,,3000,,,407659
84692,,,6000,,,407675
84697,,,1000,,,407789
84702,,5000,,,,407823
84703,,5000,,,,407832
84704,,5000,,,,407835
84705,,,,1500,,407845
84706,,,,500,,407831
84707,,,,500,,407840
84712,,,3000,,,407886
84713,,,3000,,,407888
84718,,,,1500,,407918
84720,,,,1500,,407921
84721,,,,1500,,407926
84723,,,,1500,,407930
84724,,5000,,,,407931
84725,,,,1500,,407932
84726,,,,1500,,407933
84727,,,,1500,,407935
84730,,,,1500,,407946
84731,,5000,,,,407948
84732,,300000,300000,,,407949
84733,,5000,,,,407950
84734,,5000,,,,407952
84735,,5000,,,,407953
84736,,5000,,,,407954
84737,,,,1500,,407955
84738,,5000,,,,407956
84740,,5000,,,,407959
84741,,5000,,,,407960
84742,,5000,,,,407962
84743,,5000,,,,407963
84744,,5000,,,,407966
84745,,5000,,,,407967
84746,,5000,,,,407968
84747,,5000,,,,407969
84756,,,,1500,,408023
84758,,,,1500,,408027
84759,,,,1500,,408032
84760,,,,1500,,408034
84761,,,,1500,,408036
84762,,,,1500,,408039
84764,,,3000,,,408046
84765,,,,1500,,408048
84767,,,,1500,,408062
84768,,,,1500,,408063
84769,,,3000,,,408066
84770,,,,1500,,408081
84771,,,,1500,,408088
84772,,,40000,500,,408092
84773,,,,1500,,408100
84774,,,,1500,,408106
84775,,,,1500,,408108
84776,,,,1500,,408110
84779,,,,1500,,408130
84781,,,,1500,,408150
84782,,,,1500,,408153
84783,,,,1500,,408158
84784,,,,1500,,408161
84785,,,,1500,,408163
84786,,,,1500,,408165
84788,,25000,,1500,,408232
84789,,,60000,1500,,408233
84790,,,120000,1500,,408234
84793,,,,1500,,408251
84794,,,,1500,,408252
84795,,,,1500,,408253
84796,,,,1500,,408254
84797,,,,1500,,408257
84799,,,,1500,,408264
84800,,,,1500,,408265
84802,,,,1500,,408308
84804,,,,1500,,408311
84805,,,,1500,,408314
84806,,,,1500,,408317
84807,,,15000,,,408321
84808,,,60000,,,408303
84809,,,,1500,,408323
84810,,,,1500,,408325
84811,,,60000,,,408327
84812,,,,1500,,408328
84813,,,,1500,,408330
84814,,,,1500,,408332
84820,,,,1500,,408371
84824,,,15000,,,408415
84825,,,15000,,,408416
84827,,,2000,1500,,408483
84829,,3000,20000,1500,,408495
84831,,3000,30000,1500,,408509
84835,,,,1500,,408523
84839,,,60000,,,408578
84840,,,5000,1500,,408580
84842,,,1500,,,408595
84843,,,,1500,,408596
84844,,,,1500,,408598
84845,,,,1500,,408599
84846,,,,1500,,408600
84847,,,,1500,,408601
84848,,,,1500,,408602
84849,,,,1500,,408603
84850,,,,1500,,408604
84851,,,2000,1500,,408605
84852,,20000,90000,,,408612
84853,,,5000,,,408421
84854,,20000,120000,,,408625
84856,,20000,90000,,,408652
84857,,,,500,,408661
84858,,10000,5000,,,408671
84870,,10000,10000,10000,,400913
84871,,10000,10000,10000,,400997
84873,,,30000,,,408761
84874,,,30000,,,408760
84875,,,10000,,,408762
84876,,3000,25000,1500,,408767
84879,,,,1500,,405777
84880,,,5000,,,408632
84881,,,15000,,,408626
84882,,,150000,,,408821
84883,,,30000,,,401261
84884,,,2000,1500,,408901
84887,,,1500,,,408917
84889,,3000,8000,1500,,408923
84890,,20000,150000,,,408915
84891,,,,1500,,408949
84892,,,1000,,,408952
84893,,,,1500,,408961
84894,,,3000,1500,,408970
84899,,,3000,,,409017
84900,,,3000,1500,,409018
84901,,,3000,1500,,409041
84902,,1000,,,,400137
84903,,1000,,,,400130
84904,,1500,,,,409065
84905,,20000,90000,,,409091
84906,,1500,,,,409119
84908,,,5000,,,409167
84909,,,5000,,,409168
84910,,,5000,,,409171
84911,,,3600000,1500,,409169
84912,,,5000,,,409173
84913,,,3000,1500,,409174
84914,,,3000,1500,,409177
84915,,,5000,,,409181
84916,,,3000,,,409176
84917,,,3000,,,409200
84918,,,5000,,,409201
84919,,,3000,,,409203
84920,,,5000,,,409204
84921,,,3000,,,409206
84922,,,5000,,,409207
84923,,,3000,1500,,409216
84928,,,1000,,,409277
84930,,3600000,3600000,1500,,409286
84931,,,120000,1500,,409293
84932,,,3000,,,409281
84933,,20000,150000,,,409265
84934,,,3000,1500,,409307
84935,,20000,120000,,,409309
84936,,,,1500,,409311
84937,,,3000,,,409319
84939,,,1500,,,409295
84940,,,1500,,,409349
84944,,,1000,,,409381
84945,,,1000,,,409382
84946,,,1000,,,409383
84952,,,3000,1500,,409437
84954,,,3000,1500,,409445
84955,,,,1500,,409482
84967,,25000,,1500,,409531
84971,,,,1000,,409538
84972,,,,1000,,409540
84974,,,,1000,,409544
84975,,,,1000,,409545
84976,,,,1000,,409547
84977,,,,1000,,409549
84978,,,,1000,,409550
84979,,,,1000,,409551
84982,,,,1000,,409559
84983,,,,1000,,409561
84984,,,,1000,,409562
84985,,,,1000,,409563
84986,,,,1000,,409566
84987,,,,1000,,409567
84988,,,,1000,,409568
84989,,,,1000,,409570
84990,,,,1000,,409571
84991,,,,1000,,409573
84992,,,,1000,,409575
84997,,,8000,,,409661
84998,,,8000,,,409662
84999,,,8000,,,409663
85000,,,3000,,,409668
85001,,,2000,,,397386
85002,,,5000,,,409673
85003,,,2000,,,409680
85004,,1500,,,,409706
85011,,3000,20000,1500,,409756
85013,,180000,,,,409838
85014,,1500,,,,409846
85018,,,2000,,,408408
85019,,,2000,,,407349
85020,,,2000,,,407163
85021,,,2000,,,407423
85022,,,2000,,,407435
85025,,,,1000,,410035
85026,,,,1000,,410036
85027,,,,1000,,410037
85028,,,,1000,,410038
85029,,,,1000,,410039
85030,,,,1000,,410040
85031,,,,1000,,410041
85032,,,,1000,,410042
85033,,,,1000,,410043
85034,,,,1000,,410044
85035,,,,1000,,410045
85036,,,,1000,,410046
85037,,,,1000,,410047
85038,,,,1000,,410048
85039,,,,1000,,410049
85040,,,,1000,,410050
85041,,,,1000,,410051
85042,,,,1000,,410052
85043,,,,1000,,410053
85044,,,,1000,,410054
85045,,,,1000,,410055
85046,,,,1000,,410056
85047,,28800000,,1500,,410071
85048,,28800000,,1500,,410074
85049,,28800000,,1500,,410078
85050,,28800000,,1500,,410080
85051,,1500,300000,1500,,410127
85052,,,5000,,,410128
85053,,,60000,1500,,410126
85057,,,120000,1500,,410172
85059,,,5000,,,409950
85061,,,10000,,,410250
85062,,,120000,1000,,410284
85063,,3600000,,1500,,410288
85067,,,15000,,,410136
85069,,,600000,,,410322
85070,,4000,,,,410351
85071,,,15000,,,410356
85072,,,60000,,,410358
85074,,,25000,,,410394
85076,,,60000,,,410505
85077,,120000,,,,208683
85078,,3000,,,,408227
85079,,3000,,,,410254
85080,,3000,,,,410244
85081,,120000,,,,336126
85084,,,1800000,1500,,410610
85086,,,3000,,,410609
85087,,,2000,,,410655
85090,,,,1500,,410722
85091,,,,1500,,410775
85092,,,1000,,,410776
85093,,,6000,1000,,410777
85094,,1000,,,,400133
85095,,,1000,,,410746
85096,,,1000,,,410797
85097,,3000,15000,1500,,410837
85098,,,3000,,,410866
85099,,,3000,,,410880
85100,,,250,,,410888
85101,,3600000,,1500,,410931
85102,,,1000,,,410947
85103,,,1000,,,410948
85104,,,1000,,,410950
85105,,,2000,,,410890
85106,,1000,,,,400141
85109,,,3600000,1500,,409147
85110,,3000,,,,410998
85111,,3000,,,,410873
85112,,,3000,,,400061
85113,,3000,13000,1500,,404409
85114,,,3000,,,411068
85115,,3000,,,,411073
85116,,3000,,,,88186
85117,,,,1500,,411110
85123,,,60000,1500,,410598
85124,,,3600000,,,411211
85125,,,10000,,,401152
85127,,,5000,,,411298
85128,,,3000,,,411283
85129,,,22000,,,411378
85130,,,,1500,,411393
85131,,3000,,,,411404
85132,,3000,20000,1500,,411437
85133,,,,1500,,411448
85134,,,,1500,,411531
85135,,,1000,,,411568
85136,,,1000,,,411569
85137,,,1500,,,411576
85138,,12000,,,,411407
85142,,,,1500,,411660
85148,,,1000,,,411729
85149,,,3000,1500,,411730
85150,,2000,,,,87768
85151,,,6000,,,404674
85152,,,,1500,,411791
85154,,,,1500,,411800
85155,,,12000,,,411809
85156,,,600000,1500,,411812
85157,,,3600000,,,411794
85158,,,,1500,,411860
85159,,,,1500,,411861
85160,,,3000,1500,,411862
85162,,20000,180000,,,408711
85163,,1800000,1800000,,,409218
85164,,,45000,1000,,411928
85169,,,,1500,,412024
85170,,3000,,,,412027
85181,,,6000,,,412146
85182,,,6000,,,412148
85194,,,2500,,,412220
85199,,,12000,,,412234
85200,,1800000,,,,412255
85203,,,8000,,,399242
85205,,3000,12000,1500,,412360
85206,,14000,,,,412387
85207,,,,1500,,412389
85208,,3000,20000,1500,,400334
85210,,3000,12000,1500,,404415
85213,,,3000,1500,,412488
85214,,3000,,,,411157
85215,,3000,,,,412499
85216,,3000,,,,412500
85222,,,10000,,,412176
85223,,,,1500,,412555
85225,,,5000,,,412637
85226,,,,1500,,412643
85227,,2000,,,,412678
85228,,3000,13000,1500,,412693
85231,,,,1500,,412710
85232,,10000,,,,412737
85234,,10000,,,,412772
85240,,4000,,,,412822
85243,,1500,,,,412880
85244,,1500,,,,412881
85246,,1500,15000,,,412893
85247,,,13000,1500,,412914
85248,,5000,,,,409885
85249,,20000,,,,413008
85250,,10000,,,,412895
85251,,3000,30000,1500,,412928
85252,,8000,,,,412889
85258,,3000,,,,257732
85259,,3000,,,,257412
85261,,3000,12000,1500,,398632
85271,,10000,,,,413295
85272,,3000,,,,88308
85276,,3000,,,,87761
85277,,3000,,,,413387
85278,,8000,,1500,,413393
85279,,3600000,3600000,1500,,413395
85280,,,1000,,,413418
85284,,10000,,,,413465
85287,,5000,,,,413529
85288,,5000,,,,413544
85289,,,1000,,,413556
85291,,6000,,,,413622
85292,,6000,,,,413621
85294,,,,1500,,413667
85297,,,10000,,,413672
85299,,120000,,,,413715
85300,,,,1500,,413716
85301,,,2000,1500,,413717
85304,,,3000,,,413111
85305,,6000,,,,405630
85306,,,2000,,,413817
85307,,,7200000,1500,,413824
85310,,,3000,1500,,413803
85311,,,500,,,413862
85312,,3000,12000,1500,,413804
85313,,,,1500,,413872
85314,,,1500,,,413884
85315,,,,1500,,413886
85316,,,180000,1500,,413889
85318,,,,1500,,413914
85319,,,,1500,,413928
85320,,,1000,,,413918
85321,,,,1500,,413938
85322,,,,1500,,413939
85326,,,5700,1000,,413992
85328,,,5000,,,401381
85332,,,,1500,,414046
85335,,,2000,,,414081
85336,,,2000,,,414083
85337,,,2000,,,414085
85338,,,2000,,,414088
85339,,,,1500,,414105
85340,,,,1500,,414106
85341,,,,1500,,414107
85342,,,,1500,,414108
85343,,,,1500,,414109
85344,,,,1500,,414110
85345,,,,1500,,414111
85346,,,,1500,,414112
85347,,,30000,1500,,405295
85348,,,3000,,,413920
85349,,,60000,1500,,414170
85350,,8000,,1500,,413806
85351,,,,1500,,413805
85352,,3000,12000,1500,,414189
85354,,3000,12000,1500,,414192
85355,,,1000,,,414231
85356,,,1000,,,414233
85357,,,1000,,,414236
85358,,,10000,1500,,414254
85359,,,30000,1500,,414256
85360,,,3000,,,414259
85362,,5000,,,,414303
85363,,5000,,,,405696
85364,,5000,,,,405431
85365,,,6000,,,414317
85366,,1000,3000,,,414344
85367,,,1000,,,414343
85369,,,3000,,,414335
85370,,20000,60000,1500,,406448
85371,,,,1500,,414377
85372,,1500,,,,414380
85373,,,,1500,,414381
85376,,3000,13000,1500,,414409
85377,,,,1500,,414428
85378,,3000,12000,1500,,414433
85379,,,1000,,,405716
85386,,3000,,1500,,413808
85387,,,3000,1500,,414463
85388,,3000,12000,1500,,414466
85390,,3000,12000,1500,,414468
85391,,6000,,,,413024
85392,,6000,,,,412138
85394,,,,1500,,414489
85396,,,,1500,,414506
85399,,,10000,,,414473
85400,,,20000,,,414475
85401,,,10000,,,412820
85402,,,10000,,,412818
85404,,,30000,,,414476
85405,,,,1500,,414525
85406,,,,1500,,414533
85407,,8000,,,,414540
85408,,,5000,1500,,414538
85409,,,,3000,,414551
85410,,,30000,,,414477
85411,,,3000,1500,,414579
85414,,3000,20000,1500,,414609
85418,,,180000,1500,,414660
85420,,,300000,1500,,414664
85421,,3000,3000,1500,,414665
85422,,300000,,,,414668
85423,,2000,,,,414669
85432,,3000,,1500,,414758
85434,,3000,15000,1500,,403890
85435,,3000,12000,1500,,398634
85436,,3000,12000,1500,,400138
85437,,3000,13000,1500,,405870
85438,,3000,10000,1500,,403602
85439,,3000,15000,1500,,405673
85440,,3000,20000,1500,,404442
85444,,3000,12000,1500,,414815
85445,,3000,40000,1500,,403576
85446,,3000,25000,1500,,404257
85449,,,,1500,,414934
85451,,,,1500,,414962
85452,,,,1500,,414973
85453,,,,1500,,414979
85455,,,,1500,,414991
85456,,,,1500,,414994
85457,,,5000,,,414998
85458,,3000,,,,415001
85459,,3000,,,,415002
85460,,,1000,,,415017
85464,,3000,13000,1500,,415054
85473,,,1000,1500,,415091
85474,,20000,150000,,,415130
85475,,,2000,,,415156
85476,,,,1500,,415168
85477,,,,3000,,415175
85478,,,1000,,,415188
85479,,,1000,,,415190
85480,,5000,,,,376811
85481,,3000,,,,377859
85482,,3000,,,,377559
85483,,,1500,,,415213
85484,,,8000,1500,,415229
85486,,,750,,,415234
85487,,,150000,,,415245
85490,,3000,13000,1500,,415304
85492,,3000,12000,1500,,415309
85502,,3000,12000,1500,,415373
85504,,3000,,,,415435
85505,,3000,,,,415436
85506,,6000,,,,415491
85508,,,5000,1500,,415524
85511,,5000,12000,1500,,415555
85512,,3000,20000,1500,,415558
85513,,3000,,,,415561
85514,,300000,,,,415569
85515,,,15000,,,415617
85517,,,3000,,,415686
85518,,,3000,,,415689
85519,,3000,,,,415770
85520,,,,1500,,415827
85522,,3000,11000,1500,,415846
85523,,3000,12000,1500,,415850
85528,,,7200000,1500,,416145
85530,,3000,,,,88194
85531,,3000,,,,411012
85534,,1500,,,,416229
85539,,,120000,,,416250
85540,,,15000,,,416112
85542,,,1000,,,397455
85730,,,1000,,,416592
85777,,,,1500,,416679
85779,,5000,,1000,,416746
85782,,,,1500,,340200
85783,,,2000,,,416803
85784,,,2000,,,416805
85786,,,300000,,,416791
85787,,500,60000,,,416828
85884,,,3000,,,417008
85885,,3000,15000,1500,,417041
85921,,,,1500,,417096
85922,,,,1500,,417097
85923,,,,1500,,417098
85924,,,,1500,,417099
85925,,,,1500,,417100
85926,,,,1500,,417101
85927,,,,1500,,417102
85928,,,,1500,,417103
85929,,,,1500,,417104
85930,,,,1500,,417105
85931,,,,1500,,417106
85932,,,,1500,,417107
85933,,,,1500,,417108
85934,,,,1500,,417110
85935,,,,1500,,417111
85936,,,,1500,,417112
85937,,,,1500,,417113
85938,,,,1500,,417114
85939,,,,1500,,417115
85940,,,,1500,,417116
85941,,,,1500,,417117
85942,,,,1500,,417118
85943,,,,1500,,417119
85949,,,3000,1500,,417184
85950,,3000,20000,1500,,417185
85951,,,900000,,,417205
85952,,,900000,,,417207
85953,,,900000,,,417208
85954,,12000,12000,1500,,417210
85955,,12000,12000,1500,,417215
85957,,,1000,,,417221
85958,,12000,12000,1500,,417227
85959,,13000,,,,414844
85960,,10000,,,,415295
85962,,12000,,,,415047
85963,,12000,12000,1500,,417243
85964,,1500,,5000,,416750
85965,,,4000,,,417292
85966,,,1000,,,417301
85967,,3000,15000,1500,,417302
85968,,,3000,3000,,417313
85969,,,,3000,,417314
85973,,3000,23000,1500,,417337
85981,,,120000,1500,,417131
85982,,1500,,5000,,417386
85984,,3000,22000,1500,,417396
85985,,3000,15000,1500,,417406
85986,,,3000,,,417417
85988,,,3000,,,417420
85989,,,3000,,,417426
85991,,5000,,,,410904
85992,,5000,,,,410909
85993,,5000,,,,416139
85998,,,,1500,,417461
85999,,,,1500,,417464
86010,,,600000,1500,,417507
86023,,,45000,1500,,417537
86024,,,60000,,,415186
86025,,,60000,,,414419
86026,,60000,,,,4074
86027,,60000,,,,4052
86028,,90000,1200000,,,13166
86029,,90000,1200000,,,23133
86030,,,1800000,,,13258
86031,,60000,300000,,,4073
86032,,60000,300000,,,12749
86033,,60000,300000,,,19804
86034,,60000,300000,,,23074
86035,,60000,300000,,,23075
86036,,60000,300000,,,23076
86037,,3000,15000,1500,,417557
86038,,3000,12000,1500,,417499
86039,,3000,,,,417570
86040,,,1800000,,,23134
86042,,,600000,,,417591
86043,,,2000,1500,,417598
86044,,,3600000,,,417599
86045,,,500,,,417613
86047,,,,1500,,417619
86049,,,2000,1500,,417694
86050,,,3000,1500,,417699
86052,,,3000,,,417703
86053,,3000,25000,1500,,417704
86054,,,3000,,,417726
86055,,5000,,,,417733
86056,,,3000,1500,,417737
86057,,,10000,,,417738
86059,,3000,17000,1500,,417748
86061,,,,1500,,403012
86062,,3000,12000,1500,,417751
86063,,3000,17000,1500,,417759
86064,,3000,12000,1500,,417808
86065,,,20000,,,417817
86067,,,45000,,,417793
86068,,,10000,,,417848
86069,,,10000,,,417860
86070,,,,1500,,417877
86071,,,,1500,,417879
86072,,,,1500,,417880
86073,,,,1500,,417882
86074,,,,1500,,417883
86075,,,5000,,,417867
86076,,3000,12000,1500,,417893
86077,,,3600000,,,417592
86078,,10000,,,,417899
86079,,,3000,,,417740
86080,,11000,,,,417436
86081,,,20000,,,417937
86082,,,5000,,,417938
86083,,3000,12000,1500,,417941
86084,,,120000,,,417939
86085,,3000,12000,1500,,417641
86086,,3000,12000,1500,,417640
86088,,,10000,,,418016
86089,,,20000,,,418024
86090,,,10000,,,418025
86091,,,20000,,,418031
86092,,,15000,,,418049
86093,,,10000,,,418051
86094,,3000,,,,418054
86095,,3000,,,,418059
86097,,12000,13000,1500,,418081
86098,,12000,13000,1500,,418082
86099,,3000,,1500,,417928
86100,,,2000,,,418105
86101,,,1800000,,,417799
86102,,3000,12000,1500,,418112
86103,,3000,13000,1500,,418119
86104,,3000,13000,1500,,418121
86105,,,10000,,,418122
86106,,,15000,,,418128
86111,,,3000,1500,,418134
86116,,3000,,1500,,418153
86117,,,7000,1500,,394564
86118,,,25000,,,418161
86119,,3000,15000,1500,,394567
86120,,,1000,,,418007
86123,,,30000,,,418192
86124,,3000,12000,1500,,418208
86128,,3000,12000,1500,,418222
86129,,,10000,,,418225
86130,,,10000,,,418226
86131,,,10000,,,418233
86133,,3000,12000,1500,,418237
86134,,3000,12000,1500,,418241
86135,,3000,25000,1500,,418251
86137,,,1000,,,418259
86138,,3000,14000,1500,,418258
86139,,,20000,,,418265
86141,,,8000,,,418280
86142,,,500,,,418281
86143,,,2000,1500,,418284
86144,,,5000,,,384104
86145,,3000,12000,1500,,418308
86146,,,1000,,,418309
86147,,,1000,,,418312
86148,,3000,12000,1500,,418318
86149,,,6000,,,418319
86150,,,1000,,,418320
86151,,,1000,,,418321
86152,,,1000,,,418322
86153,,,1000,,,418323
86154,,,1000,,,418324
86155,,,1000,,,418325
86156,,,1000,,,418326
86157,,,1000,,,418327
86158,,,9000,,,418329
86159,,,7000,,,418333
86160,,,2000,,,418335
86161,,,8000,1000,,418336
86162,,3000,,1500,,418338
86163,,12000,,,,415272
86165,,,1000,,,418367
86166,,,1000,,,418381
86167,,,1000,,,418383
86168,,,1000,,,418384
86169,,,1000,,,418385
86170,,,1000,,,418386
86171,,,1000,,,418387
86172,,,1000,,,418388
86173,,,1000,,,418389
86174,,,1000,,,418390
86175,,,3600000,,,418357
86177,,3000,13000,1500,,369076
86178,,3000,13000,1500,,394833
86179,,3000,,1500,,418449
86180,,3000,16000,1500,,418469
86181,,3000,,,,418477
86182,,,3000,,,418464
86183,,,3000,,,418453
86184,,3000,,1500,,418478
86186,,,,1500,,418518
86187,,20000,180000,,,418527
86188,,,10000,,,418549
86189,,,2000,1500,,418550
86190,,,10000,,,418552
86191,,,10000,,,418557
86192,,3000,,1500,,418566
86194,,,1500,,,418590
86196,,3000,6000,1500,,418621
86197,,3000,12000,1500,,418622
86198,,3000,12000,1500,,418624
86199,,3000,12000,1500,,418000
86200,,3000,,1500,,418658
86201,,,,1500,,418605
86202,,20000,90000,,,414936
86203,,,60000,,,418756
86204,,,60000,,,418759
86206,,3000,15000,1500,,418784
86207,,5000,12000,1500,,418792
86208,,,,1500,,418805
86209,,,3000,,,418588
86211,,,8000,,,418999
86212,,,,1500,,419052
86216,,,3000,,,419145
86217,,,,1500,,419150
86219,,,500,,,413104
86220,,6000,12000,1500,,419158
86222,,,10000,1500,,419166
86223,,,30000,1500,,419167
86225,,6000,12000,1500,,419185
86226,,5000,,,,258181
86227,,5000,,,,258199
86228,,3000,,,,419202
86229,,,,1500,,419204
86230,,,,1500,,419205
86231,,,8000,1500,,419207
86232,,3000,16000,1500,,419211
86234,,3000,15000,1500,,419221
86235,,3000,13000,1500,,419223
86236,,3000,26000,1500,,419229
86238,,,3000,,,419234
86239,,3000,10000,1500,,419241
86240,,,300000,,,419271
86241,,,15000,,,419272
86242,,,180000,,,419278
86243,,,2000,1500,,419287
86246,,3000,12000,1500,,419336
86247,,3000,22000,1500,,419337
86248,,,2000,,,416138
86249,,,8000,1500,,419344
86250,,,,1500,,419345
86251,,3000,,,,419327
86252,,3000,,,,417481
86253,,3000,,,,419351
86256,,,600000,,,419393
86258,,6000,25000,1500,,419412
86260,,60000,,,,419002
86261,,,10000,1500,,419458
86262,,,500,,,419459
86263,,,3000,,,419460
86264,,,,1500,,419467
86265,,,10000,,,419500
86266,,,3000,,,419521
86267,,,4000,,,419528
86268,,,5000,,,419537
86269,,,5000,,,419538
86270,,,,3000,,419549
86271,,,5000,,,419559
86272,,,5000,,,419561
86273,,4000,,,,419329
86274,,4000,,,,419374
86275,,,,1000,,419591
86276,,,10000,,,419594
86278,,3000,,1500,,419659
86280,,4000,,,,419595
86281,,4000,,,,419540
86284,,3000,,1500,,419684
86288,,,,1500,,419773
86292,,300000,,,,419822
86296,,,5000,,,419840
86297,,,1500,,,419864
86298,,,1500,,,419752
86299,,,,1500,,419880
86300,,,,1500,,419882
86301,,,1500,,,419901
86302,,,10000,,,419908
86305,,,1500,,,419929
86306,,,1000,,,419940
86307,,,,1500,,419941
86308,,20000,60000,,,417534
86309,,,15000,,,419947
86310,,,15000,,,419950
86311,,30000,,,,419975
86312,,,8000,,,420050
86313,,,600000,,,420083
86314,,,15000,,,420085
86315,,15000,,,,420090
86316,,,3000,1500,,420092
86317,,,6000,,,420094
86318,,,1500,,,420095
86319,,,,1500,,420102
86321,,,,1500,,419790
86322,,,,1500,,419798
86324,,,1000,,,420168
86325,,,5000,1500,,420182
86326,,4000,,,,420185
86327,,35000,,,,420195
86328,,35000,,,,420197
86329,,,,1500,,420203
86330,,,30000,1500,,420216
86331,,,,1500,,420223
86334,,,,1500,,420257
86335,,,,180000,,382427
86336,,,,180000,,175215
86337,,,,180000,,160914
86338,,,6000,1500,,420277
86339,,,,180000,,169692
86340,,,,180000,,160740
86341,,,,180000,,216333
86342,,,,180000,,201351
86343,,,,180000,,201352
86344,,,,180000,,251254
86345,,,,180000,,259409
86346,,,,180000,,259410
86347,,,,180000,,286050
86348,,,,180000,,297048
86349,,,,180000,,308458
86350,,,,180000,,308462
86351,,,9000,1500,,420285
86352,,,3000,,,420288
86353,,,,180000,,337319
86355,,,9000,1500,,420301
86356,,,,180000,,364608
86357,,,,180000,,359340
86358,,,,180000,,382423
86359,,,,180000,,383141
86360,,,,180000,,87915
86361,,,,180000,,87643
86362,,,,180000,,87644
86363,,,,180000,,66476
86364,,,,180000,,57426
86365,,,,180000,,58465
86366,,,,180000,,57301
86367,,,,180000,,58474
86368,,,,180000,,84351
86369,,,,180000,,185706
86370,,,,180000,,347510
86371,,,,180000,,185709
86372,,,,180000,,347175
86373,,,,180000,,104958
86374,,,,180000,,126497
86375,,,,180000,,126492
86376,,,,180000,,126495
86377,,,,180000,,126503
86378,,,,180000,,126501
86379,,,,180000,,126499
86380,,,,180000,,126496
86381,,,,180000,,126502
86382,,,,180000,,126494
86383,,,,180000,,105193
86384,,,,180000,,126498
86385,,,,180000,,126500
86386,,,,180000,,126504
86387,,,,180000,,126547
86388,,,,180000,,216347
86389,,,,180000,,216827
86390,,,6000,1500,,420312
86391,,,6000,1500,,420314
86392,,,12000,,,420320
86393,,,300000,,,420321
86396,,,7000,1500,,420330
86398,,,,1500,,420334
86400,,,,1500,,420347
86401,,,,1500,,420348
86403,,,,3000,,420377
86404,,,6000,1500,,420380
86406,,,3000,,,420409
86407,,,,1500,,420418
86408,,6000,,,,420428
86409,,,,1500,,420460
86410,,,,1500,,420469
86411,,,5500,1500,,420474
86412,,,1000,,,420475
86413,,6000,,,,420478
86414,,,6000,1500,,420479
86415,,6000,,,,420480
86416,,6000,,,,420485
86417,,6000,,,,420487
86419,,3000,,1500,,420497
86420,,3000,,1500,,420500
86423,,,,1500,,420532
86424,,,,1500,,420542
86425,,,,1000,,420547
86426,,,,1500,,420564
86427,,,3000,,,416784
86432,,,1000,,,420623
86433,,,1000,,,420626
86434,,3000,,1500,,420648
86435,,10000,,1500,,420649
86437,,,1000,,,420655
86440,,,,1500,,420708
86441,,3000,,1500,,420712
86442,,,180000,,,420726
86443,,,180000,,,420731
86444,,,180000,,,420732
86445,,,180000,,,420734
86446,,3000,,1500,,420737
86447,,4000,,,,420514
86448,,4000,,,,420486
86449,,,,1500,,420759
86450,,,1000,,,420760
86451,,,1000,,,420761
86455,,3000,23000,1500,,420776
86456,,3000,25000,1500,,420782
86458,,4000,,,,420807
86459,,3000,,1500,,420817
86461,,8000,30000,,,420826
86462,,,1000,,,420827
86464,,3000,6000,1500,,420853
86469,,3000,,1500,,420923
86470,,6000,25000,1500,,420935
86471,,6000,,,,416264
86473,,120000,,,,421053
86474,,,3600000,,,421085
86475,,,5000,,,421100
86477,,,5000,,,421108
86478,,,5000,,,421113
86479,,,5000,,,421114
86480,,,5000,,,421116
86481,,,5000,,,421117
86483,,300000,,1500,,421147
86484,,,1000,,,421191
86485,,,1000,,,421192
86486,,,1800000,1500,,421225
86489,,3000,,,,421340
86490,,3000,22000,1500,,421355
86496,,3000,11000,1500,,421400
86497,,,3000,1500,,421402
86500,,,240000,1500,,421453
86501,,,5000,,,421509
86502,,,,1500,,421516
86503,,,5000,,,421523
86504,,,5000,,,421524
86505,,,5000,,,421529
86506,,,5000,,,421530
86507,,,5000,,,421531
86508,,,5000,,,421533
86509,,,,1500,,421623
86510,,,,1500,,421628
86511,,,3600000,,,421645
86513,,3000,25000,1500,,421754
86514,,3000,,1500,,421746
86516,,3000,12000,1500,,421852
86517,,,3000,,,421886
86518,,3000,,1500,,421904
86519,,,5000,,,421948
86520,,,500,,,421982
86521,,,3000,,,421983
86523,,,15000,,,422059
86524,,3000,,,,422066
86527,,20000,120000,,,422083
86528,,,,500,,422090
86529,,,15000,,,422094
86531,,,1000,,,102693
86532,,20000,120000,1000,,422146
86535,,,3000,,,422248
86536,,,3000,,,422252
86538,,20000,90000,,,422303
86539,,,,1500,,422284
86542,,,1000,,,422369
86543,,,6000,,,422372
86549,,30000,,,,422416
86550,,20000,150000,,,422441
86551,,2000,,,,420895
86552,,3000,,1500,,422443
86553,,2000,,,,421006
86554,,25000,,1500,,422531
86555,,,15000,,,420036
86556,,3000,12000,1500,,422606
86562,,8000,,,,420694
86563,,8000,,,,420695
86564,,8000,,,,420696
86565,,5000,,,,421274
86566,,,,1500,,422685
86567,,3000,10000,1500,,422687
86568,,3000,,1500,,422693
86569,,3000,12000,1500,,422717
86570,,5000,,,,373950
86572,,3000,,,,422813
86573,,,1000,,,422822
86577,,3000,,1500,,422950
86578,,3000,,1500,,422972
86579,,3000,,,,422981
86580,,20000,120000,1000,,422956
86581,,3000,,1500,,423010
86582,,3000,,,,423092
86583,,3000,,,,423107
86584,,3000,,,,423120
86585,,,,2000,,421740
86586,,,5000,,,423114
86587,,,5000,,,423131
86588,,,1000,,,423150
86590,,,1000,,,423152
86591,,,180000,,,421692
86592,,,10,,,423173
86593,,,10,,,423182
86594,,,10,,,423183
86595,,,10,,,423184
86596,,,,1500,,423199
86597,,,10,,,423209
86598,,,10,,,423210
86599,,,1000,,,423213
86600,,,1000,,,423214
86601,,,1000,,,423217
86602,,,1000,,,423220
86603,,,6000,,,423225
86604,,,,1500,,423257
86605,,3000,12000,1500,,423323
86606,,,1500,,,423374
86607,,,3000,,,423384
86608,,2000,,,,423393
86609,,,1500,1500,,423394
86610,,,1500,1500,,423395
86611,,3000,,1500,,423396
86613,,3000,,,,423413
86614,,,60000,,,423414
86615,,,60000,1500,,423419
86617,,3000,,,,423465
86618,,3000,,1500,,423469
86619,,,600000,,,9515
86620,,3000,,1500,,423491
86621,,20000,90000,,,422750
86622,,3000,,1500,,423523
86623,,3000,,1500,,423529
86624,,3000,,1500,,423531
86625,,1500,,,,423532
86626,,1500,,,,423537
86627,,,3000,,,423560
86629,,3000,,1500,,423607
86630,,20000,120000,,,423611
86631,,3000,,1500,,423617
86633,,10000,,,,423626
86637,,3000,,1500,,423688
86638,,3000,,1500,,423718
86639,,3000,,1500,,423725
86640,,,1800000,,,423721
86641,,,1800000,,,423764
86643,,,1000,,,423779
86644,,3000,,1500,,423811
86645,,3000,,1500,,423820
86650,,1500,1500,1500,,423852
86651,,,1800000,,,423865
86653,,,8000,,,423878
86654,,,8000,,,423895
86656,,,2000,1500,,423912
86657,,,2000,,,423935
86658,,,2000,,,423936
86659,,,2000,,,423937
86661,,3000,6000,1500,,419626
86663,,1800000,1800000,,,423976
86664,,,1000,,,423985
86665,,,1000,,,423986
86666,,,30000,1500,,424006
86667,,,300000,1500,,424039
86668,,,8000,1000,,424056
86669,,,3600000,,,424067
86670,,,1800000,,,424071
86671,,,1000,,,424078
86672,,,1000,,,424079
86673,,,3000,1500,,424087
86675,,,,1500,,424132
86676,,28800000,,1500,,424142
86677,,,,1500,,424144
86678,,28800000,,1500,,424153
86681,,28800000,,1500,,424163
86682,,28800000,,1500,,424167
86683,,3000,,1500,,424176
86684,,3000,12000,1500,,424178
86686,,28800000,,1500,,424187
86687,,28800000,,1500,,424197
86688,,,,1500,,424202
86689,,,120000,,,424213
86690,,3000,,1500,,424217
86691,,3000,,1500,,424227
86692,,,1000,,,424270
86693,,,1000,,,424271
86694,,,1000,,,424278
86695,,,1000,,,424280
86696,,,1000,,,424219
86697,,,6000,,,424323
86698,,,3000,,,424023
86703,,2000,,,,424443
86782,,10000,,,,424471
86784,,,,1500,,424532
86785,,,1000,,,424546
86788,,,60000,,,424568
86792,,,3000,1500,,424615
86793,,,30000,,,424636
86794,,,45000,,,424680
86795,,,30000,,,424682
86796,,,20000,,,424683
86797,,,20000,,,424613
86798,,3000,23000,1500,,424701
86799,,,20000,,,424729
86800,,,500,,,424730
86801,,5000,,,,424744
86803,,3000,23000,1500,,424787
86806,,3000,,1500,,424836
86807,,,60000,,,424846
86811,,,60000,,,424850
86818,,,2000,,,424864
86819,,3000,13000,1500,,424872
86820,,3000,,,,424895
86821,,3000,,,,424901
86822,,,,1500,,424917
86824,,3000,,1500,,424825
86825,,,,1500,,424931
86826,,,,1500,,424946
86827,,,,1500,,424947
86828,,,,1500,,424973
86829,,,,1000,,424987
86830,,,,1500,,424993
86831,,,,1500,,424994
86832,,,,1500,,424999
86833,,,,1500,,425003
86834,,,,1500,,425005
86835,,,,1500,,425007
86836,,,,1500,,425008
86837,,,,1500,,425010
86839,,,10000,1500,,424949
86840,,1500,30000,1500,,418592
86842,,3000,,1500,,425033
86843,,3000,,1500,,425045
86844,,,3000,1500,,425054
86845,,,3000,,,425065
86846,,5000,,,,425066
86847,,5000,,,,425068
86849,,5000,,,,425069
86850,,5000,,,,425070
86851,,5000,,,,425071
86852,,5000,,,,425072
86853,,5000,,,,425074
86854,,5000,,,,425075
86855,,5000,,,,425079
86856,,5000,,,,425080
86857,,5000,,,,425081
86858,,5000,,,,425082
86865,,,,1500,,425146
86866,,,3000,,,425126
86867,,3000,,1500,,425115
86868,,,30000,,,424565
86874,,,30000,,,425245
86875,,,20000,,,425247
86887,,,1000,,,425290
86889,,,8000,1000,,425311
86890,,300000,,,,425116
86891,,12000,,,,415406
86892,,6000,,,,425315
86895,,15000,,,,425324
86896,,,3000,,,413601
86898,,,1000,,,425342
86899,,,30000,1500,,425347
86900,,,1000,,,425383
86901,,,60000,,,425435
86902,,3000,,1500,,425437
86906,,30000,,,,422150
86907,,,,20000,,422162
86909,,,60000,,,425503
86911,,,6000,1500,,425399
86915,,,7000,1500,,425641
86916,,,,1500,,425647
86917,,,,1500,,425649
86918,,,10000,1500,,425651
86919,,,3000,,,425654
86921,,,3000,,,425667
86923,,,60000,,,425748
86924,,,1000,,,425764
86927,,,10000,,,425789
86928,,,,1500,,425790
86929,,,10000,,,425791
86930,,,,1500,,425815
86931,,,,1500,,425817
86932,,1000,,,,425782
86933,,,,1500,,425835
86934,,,,1500,,425839
86935,,,,1500,,425844
86936,,,,1500,,425845
86937,,,,1500,,425862
86938,,,,1500,,425863
86939,,,,1500,,425865
86940,,,,1500,,425866
86941,,,,1500,,425868
86942,,,,1500,,425869
86943,,,,1500,,425870
86944,,3000,,1500,,425873
86946,,3000,,1500,,425875
86949,,,1000,,,425967
86950,,3000,22000,1500,,426035
86951,,,1200,,,426034
86952,,,,1500,,416859
86953,,,,1500,,426085
86954,,,,1500,,426087
86955,,,,1500,,426092
86956,,,1200,,,426094
86960,,,,1500,,426121
86961,,,,5000,,421277
86962,,,,5000,,420913
86963,,5000,,,,420659
86964,,,,1500,,426128
86965,,,1200,,,426130
86968,,,,1500,,426132
86969,,,,1500,,426137
86970,,,,1500,,426139
86971,,,,1500,,426148
86972,,,1200,,,426149
86973,,,,1500,,426156
86974,,,,1500,,426164
86975,,,1200,,,426166
86976,,,3000,,,426120
86977,,,,1500,,426168
86978,,,8000,1000,,426184
86979,,,8000,1000,,426186
86980,,,,1500,,426187
86981,,,,1500,,426193
86983,,,,1000,,426212
86984,,,8000,1000,,426213
86985,,,30000,1000,,426214
86986,,,1000,,,426222
86987,,,1000,,,426224
86988,,,1000,,,426226
86989,,,1000,,,426227
86990,,,1000,,,426228
86991,,,1000,,,426229
86992,,,1000,,,426230
86993,,,1000,,,426231
86996,,,1000,,,426234
86999,,,1000,,,426238
87001,,,24000,,,426240
87002,,,30000,,,426248
87003,,,,1500,,426283
87006,,,,1500,,426319
87008,,,,1500,,426343
87009,,,,1500,,426355
87010,,,,1500,,426357
87011,,,600000,1500,,426377
87013,,,,1500,,426400
87014,,,,1500,,426410
87015,,,,1500,,426422
87016,,,,1500,,426424
87017,,,,1500,,426464
87019,,,600000,1500,,426488
87022,,3000,,,,265372
87023,,3000,,,,265368
87024,,,,1500,,426544
87025,,,,1500,,426545
87026,,,6000,,,426561
87028,,3000,,,,256922
87029,,3000,,,,264407
87030,,,45000,1000,,426591
87031,,,5000,1500,,424845
87033,,3000,,1500,,426613
87034,,,30000,,,426620
87035,,,15000,,,426657
87036,,,60000,,,426679
87038,,3000,,,,426684
87042,,180000,,1500,,426748
87043,,,1000,,,426756
87044,,3000,,,,426741
87045,,3000,,,,426762
87046,,,3000,,,426767
87047,,,3000,,,426772
87051,,,,1500,,426820
87053,,,3000,,,426839
87058,,8000,,,,426783
87059,,3000,,,,76590
87060,,1500,,,,426882
87064,,2000,,,,426905
87068,,,6000,1500,,426912
87070,,,1800000,,,422328
87071,,,1800000,,,422326
87075,,1500,,,,426937
87076,,1500,,,,426939
87079,,,6000,1500,,426950
87080,,,,1500,,426951
87081,,,15000,1500,,426952
87082,,1500,,,,426966
87084,,6000,,,,200913
87085,,,10000,,,427026
87086,,,60000,,,427030
87087,,,25000,,,427033
87088,,,,1500,,427044
87089,,,5000,,,427046
87090,,,3000,,,427048
87091,,,15000,1500,,427053
87098,,,,1500,,427104
87099,,,30000,1500,,427114
87100,,,120000,,,427113
87104,,,,1500,,427125
87105,,,,1500,,427126
87106,,,,1500,,427130
87107,,,,1500,,427134
87108,,,,1500,,427145
87109,,20000,,,,427159
87110,,20000,,,,427162
87111,,20000,,,,427169
87113,,,5000,,,427228
87114,,,3000,,,427229
87115,,,1200000,,,427288
87116,,,,1500,,427289
87120,,3000,,,,427374
87121,,,,1500,,427406
87122,,,60000,,,427407
87125,,1500,,,,427431
87126,,,3000,,,427446
87129,,,,1500,,427453
87130,,1500,,,,427476
87131,,,20000,,,427586
87132,,,1000,,,427599
87135,,,5000,,,427611
87136,,,3000,,,427613
87138,,3000,,,,427668
87139,,3000,,,,427670
87142,,,,1500,,427682
87144,,,30000,,,427689
87145,,,5000,1500,,427690
87146,,,30000,,,427691
87153,,,7200000,,,427782
87154,,,1000,,,427798
87155,,,8000,,,427831
87156,,,8000,,,427832
87157,,,8000,,,427833
87158,,,8000,,,427834
87159,,,8000,,,427835
87160,,,,1500,,427839
87166,,1500,,1500,,427917
87167,,,,1500,,427947
87168,,,10000,1500,,427993
87171,,,2000,,,428115
87173,,,1800000,,,426440
87191,,1000,,,,428136
87192,,1000,,,,427961
87195,,1000,,,,428158
87197,,,5000,,,420864
87199,,,16000,,,428190
87201,,1000,,500,,427785
87206,,,5000,,,425773
87207,,,,1500,,428227
87208,,,,1500,,428233
87209,,,,1500,,428256
87210,,,,1500,,428257
87212,,1000,500,,,428160
87214,,,,1500,,428332
87218,,,6000,1500,,428367
87219,,,1000,,,428383
87220,,,1000,,,428384
87221,,500,500,,,428393
87237,,,,1000,,428402
87254,,,10000,,,428378
87255,,,2000,1500,,428468
87256,,,5000,,,428523
87257,,,3000,,,428525
87258,,,,1500,,428495
87259,,,5000,500,,428545
87260,,,,,417863,423991
87261,,3000,,,,428609
87263,,,,1500,,428637
87266,,1000,,,,428689
87267,,,5000,,,428702
87277,,,60000,,,424551
87313,,,360000,,,428754
87314,,,360000,,,428755
87315,,,360000,,,428756
87318,,,2000,,,6660
87336,,,,1500,,428780
87339,,120000,,,,428768
87340,,120000,,,,428788
87341,,120000,,,,428791
87342,,120000,,,,428792
87343,,,30000,,,428448
87346,,,,1500,,361056
87347,,,,1000,,361057
87359,,,15000,1000,,361137
87360,,,1000,750,,361138
87361,,,15000,750,,361139
87362,,,10000,750,,361141
87363,,,15000,750,,361142
87364,,,15000,750,,361143
87367,,,15000,1000,,361149
87372,,120000,,,,428803
87377,,,30000,1500,,361428
87381,,,800,,,361458
87382,,,800,,,361459
87391,,,,1000,,361937
87393,,,30000,750,,362198
87395,,,30000,750,,362227
87399,,,,1000,,362720
87400,,,,1000,,362722
87402,,,15000,,,428735
87442,,,,1500,,428817
87443,,,,1500,,428826
87444,,,,1500,,428827
87445,,,,1500,,428830
87446,,,,1500,,428831
87447,,,,1000,,360872
87448,,,,1500,,428832
87449,,,,1000,,360918
87450,,,,1000,,361058
87452,,,30000,,,361060
87456,,,30000,1500,,361064
87457,,,20000,1000,,361095
87460,,60000,,,,361059
87461,,60000,,,,361061
87462,,35000,,,,361062
87463,,35000,,,,361063
87464,,35000,,1000,,361126
87465,,,20000,1500,,361127
87466,,,20000,1500,,361136
87468,,,30000,1500,,361148
87469,,60000,,,,361150
87471,,,1500,,,361246
87472,,20000,,1000,,361372
87474,,,15000,1500,,361399
87475,,,30000,1500,,361426
87476,,,8000,1500,,361441
87478,,,,1000,,361454
87479,,,8000,1500,,361460
87480,,35000,,1000,,361618
87481,,,,1000,,361620
87483,,,30000,1500,,361625
87484,,60000,,,,361628
87486,,,,1500,,361903
87487,,,10000,1500,,362186
87488,,,15000,1500,,362220
87490,,30000,,,,362265
87491,,,8000,1500,,362654
87492,,,30000,,,362749
87493,,,15000,,,428866
87500,,,30000,1500,,362264
87507,,,,1000,,362914
87509,,,,1500,,362917
87510,,60000,,1000,,362919
87511,,,1000,,,363135
87512,,,30000,,,363333
87513,,,15000,1000,,363344
87515,,,,1500,,363352
87516,,35000,,1000,,363355
87517,,,,1000,,369707
87518,,14000,,1000,,369774
87520,,,,1500,,371169
87521,,,10000,1500,,371790
87522,,,10000,1500,,371792
87523,,,25000,1500,,371793
87525,,,,1000,,371818
87528,,,10000,1500,,371913
87530,,,,1000,,371927
87531,,,,1500,,371950
87532,,,,1000,,372009
87533,,,15000,1000,,372010
87534,,,,1000,,372331
87535,,,30000,1500,,372332
87536,,,30000,1500,,372335
87537,,,,1000,,372352
87538,,,15000,1500,,372357
87539,,,10000,1500,,372373
87540,,,500,,,372387
87542,,,,1500,,372404
87543,,60000,,1000,,372405
87544,,,30000,,,372406
87545,,,30000,1500,,372407
87546,,,20000,1500,,372410
87547,,,8000,1500,,372412
87548,,,,1500,,372414
87549,,,1000,,,372463
87550,,,1000,,,372464
87551,,,1000,,,372466
87552,,,,1000,,372508
87553,,,,1000,,372515
87554,,35000,,1000,,372519
87555,,,,1500,,372522
87556,,35000,,1000,,372532
87557,,,6000,1500,,372575
87558,,,,1500,,372777
87559,,,,1500,,372826
87560,,,1000,,,372924
87561,,60000,,1000,,373016
87562,,,25000,,,373185
87563,,,5000,1500,,373208
87564,,35000,,1000,,373231
87565,,20000,,1000,,373235
87567,,,15000,1500,,373248
87568,,,15000,1500,,373249
87569,,,,1500,,373253
87570,,,,1500,,373255
87571,,,,1500,,373258
87572,,,15000,1500,,373269
87574,,,1000,,,373417
87575,,,1000,,,373418
87576,,,1000,,,373419
87577,,,1000,,,373420
87579,,60000,,1000,,374050
87580,,,,750,,374133
87581,,,1500,,,374207
87582,,,,1000,,375381
87584,,,,1500,,375643
87585,,20000,,1000,,375685
87586,,,10000,1500,,375698
87591,,,,1000,,377696
87592,,,,1000,,377697
87593,,,15000,1000,,377703
87594,,,,1000,,381616
87598,,,,1000,,383407
87599,,,,1500,,384745
87600,,,,1500,,384752
87601,,,15000,,,384975
87602,,,,1000,,385212
87603,,,1000,,,386816
87605,,,,1000,,387238
87606,,,,1000,,388033
87607,,,,1000,,388034
87608,,,,1000,,388214
87609,,,,1000,,388319
87610,,,,1000,,388563
87611,,,10000,1000,,388620
87612,,,5000,1500,,388633
87613,,,,1500,,388689
87615,,,,1000,,389290
87616,,,,1000,,389588
87617,,,20000,1000,,390289
87618,,,,1000,,390349
87623,,,,750,,391221
87624,,,120000,,,391349
87626,,,3000,,,391671
87627,,,6000,1500,,391892
87630,,,,1000,,392465
87631,,,,1000,,392467
87633,,,1000,1000,,394017
87634,,,1000,1000,,394018
87635,,,,1000,,394019
87636,,,2000,,,394809
87637,,,,1000,,395014
87638,,,,1000,,395021
87639,,,,1000,,395027
87640,,,,1000,,395028
87642,,,,1000,,395132
87643,,,,1000,,395133
87648,,,,1000,,395990
87651,,,,1000,,396457
87652,,,,1000,,396481
87653,,,,1000,,396509
87654,,,,1000,,396543
87655,,,,1000,,396700
87656,,,,1000,,396963
87657,,,180000,,,396966
87660,,30000,,1000,,397224
87661,,25000,,1000,,397225
87662,,,,1000,,397226
87663,,45000,,1000,,397230
87664,,35000,,1000,,397231
87665,,,,1000,,397232
87669,,30000,,1000,,397236
87670,,25000,,1000,,397237
87671,,,,1000,,397238
87672,,45000,,1000,,397239
87673,,35000,,1000,,397240
87674,,25000,,1000,,397241
87675,,45000,,1000,,397242
87676,,35000,,1000,,397243
87677,,25000,,1000,,397244
87678,,30000,,1000,,397248
87679,,25000,,1000,,397249
87680,,20000,,1000,,397250
87681,,,45000,,,397252
87682,,,45000,,,397257
87683,,35000,,1000,,397258
87684,,,45000,,,397259
87685,,,45000,,,397260
87686,,25000,,1000,,397261
87687,,20000,,1000,,397262
87688,,30000,,1000,,397265
87689,,20000,,1000,,397266
87690,,20000,,1000,,397267
87691,,45000,,1000,,397268
87692,,35000,,1000,,397269
87693,,25000,,1000,,397270
87697,,45000,,1000,,397275
87698,,35000,,1000,,397276
87699,,25000,,1000,,397278
87700,,30000,,,,397279
87701,,25000,,,,397280
87702,,20000,,,,397281
87703,,45000,,,,397291
87704,,35000,,,,397292
87705,,25000,,,,397293
87706,,30000,,,,397294
87707,,25000,,,,397295
87708,,35000,,,,397301
87709,,25000,,,,397302
87713,,45000,,,,397309
87714,,35000,,,,397310
87715,,25000,,,,397311
87716,,45000,,,,397312
87717,,35000,,,,397313
87718,,25000,,,,397314
87722,,30000,,1000,,397324
87723,,25000,,1000,,397325
87724,,,,1000,,397326
87731,,,10000,1500,,397628
87732,,,10000,1500,,397629
87733,,,10000,1500,,397630
87734,,12000,,1000,,397632
87735,,10000,,1000,,397634
87736,,8000,,1000,,397636
87737,,16000,,1000,,397639
87738,,14000,,1000,,397641
87739,,12000,,1000,,397643
87740,,16000,,1000,,397646
87741,,16000,,1000,,397648
87742,,14000,,1000,,397650
87743,,12000,,1000,,397652
87747,,,,1000,,397661
87748,,,,1000,,397663
87749,,,,1000,,397665
87750,,,22000,1000,,397667
87751,,,20000,1000,,397669
87752,,,18000,1000,,397671
87756,,30000,,1000,,397680
87757,,25000,,1000,,397683
87758,,,,1000,,397686
87759,,14000,,1000,,397710
87760,,12000,,1000,,397712
87763,,,,1000,,397843
87764,,,,1000,,397844
87765,,,2500,1000,,397885
87766,,,,1000,,398142
87770,,24000,,1000,,398721
87771,,22000,,1000,,398735
87772,,20000,,1000,,398737
87773,,18000,,1000,,398739
87774,,,,1000,,400464
87776,,,,1000,,401068
87777,,,,1000,,401140
87778,,,,1000,,401219
87779,,,,1000,,401274
87780,,,,1000,,401275
87781,,,,1000,,401321
87782,,,60000,1000,,401466
87783,,,,1000,,401524
87784,,,,1000,,401538
87785,,1500,,1500,,401659
87786,,,,1500,,401677
87787,,30000,,1500,,402380
87788,,25000,,1500,,402436
87789,,20000,,1500,,402442
87790,,15000,,1500,,402449
87791,,,1000,,,403211
87792,,,1000,,,403220
87793,,,1000,,,403390
87794,,,15000,1000,,403875
87795,,,,1000,,407849
87796,,60000,,1000,,410293
87797,,,6000,1500,,410528
87798,,,,1500,,411659
87799,,,,1500,,411713
87800,,,,1500,,411714
87801,,,,1500,,411717
87802,,3000,,1500,,428893
87803,,60000,,1000,,361147
87804,,,45000,1000,,361151
87816,,45000,,1000,,373239
87817,,20000,,1000,,373272
87818,,,15000,1500,,375632
87819,,,24000,1000,,376361
87822,,,15000,1000,,377695
87828,,,180000,,,388694
87829,,,,1000,,390366
87830,,,,1000,,390580
87832,,,20000,1500,,391934
87833,,,,1000,,395724
87835,,,5000,,,396231
87837,,45000,,,,397209
87847,,45000,,1000,,397315
87848,,35000,,1000,,397316
87849,,25000,,1000,,397317
87853,,16000,,1000,,397625
87854,,14000,,1000,,397626
87855,,12000,,1000,,397627
87867,,,10000,1000,,400537
87868,,,1200000,,,428903
87869,,,1200000,,,428905
87870,,,1200000,,,428906
87871,,,120000,1500,,428908
87872,,,10000,,,428935
87873,,,300000,,,428941
87876,,,2000,,,388490
87877,,,1000,,,429004
87878,,,,1500,,429005
87880,,,,1500,,429027
87881,,,,1500,,429053
87882,,,,1500,,429055
87883,,,,1500,,429058
87884,,,,1500,,429064
87885,,,,1500,,429068
87886,,,,1500,,429070
87887,,,,1500,,429073
87888,,,,1500,,429074
87889,,3000,,,,427837
87890,,3000,,,,428161
87893,,1500,,,,429141
87896,,3000,,,,428542
87897,,,1000,,,429186
87898,,,1000,,,429187
87899,,,1000,,,429188
87900,,,1000,,,429189
87901,,,500,,,428196
87902,,2000,,,,429051
87903,,2000,,,,429037
87904,,,300000,1500,,424385
87905,,,5000,1500,,423972
87907,,20000,120000,,,429225
87908,,30000,120000,,,429257
87909,,20000,60000,,,429271
87913,,2000,,,,429048
87914,,,600000,,,429364
87923,,,3000,,,384300
87925,,,,1500,,429423
87927,,,1000,,,429425
87928,,,5000,1500,,429418
87929,,3000,,,,429427
87933,,2000,,,,426147
87934,,,300000,,,429485
87935,,,45000,,,418167
87936,,1000,,1000,,429531
87937,,5000,,,,429549
87938,,5000,,,,429550
87939,,5000,,,,429551
87940,,5000,,,,429552
87942,,,3600000,,,429556
87943,,,,500,,426268
87944,,,,1500,,429570
87945,,1000,,1000,,429576
87946,,1000,,1000,,429579
87947,,,750,,,405681
87948,,,4500,1400,,429619
87951,,,7000,,,429626
87952,,,,1500,,429629
87953,,,,1500,,429632
87954,,,,1400,,429652
87956,,,,1400,,429659
87957,,,,1400,,429663
87960,,,,1000,,429691
87961,,,1000,,,429702
87962,,,20000,,,429704
87963,,,1800,,,429711
87964,,1000,,1000,,429746
87967,,24000,,,,429812
87973,,45000,,1000,,371846
87974,,35000,,1000,,397233
87975,,25000,,1000,,397234
87976,,20000,,1000,,397235
87977,,,2000,,,429882
87979,,,3000,,,429935
87983,,,,1000,,430023
87985,,,300000,,,425377
87986,,1000,,1000,,430113
87987,,,3000,,,430120
87988,,,3000,,,430128
87989,,,1000,,,430129
87990,,,1000,,,430147
87991,,,5000,,,430148
87992,,3000,,,,430149
87995,,,,1500,,430189
87997,,,6000,1500,,430206
87998,,,,1500,,430218
88000,,,,1500,,430224
88001,,,6000,1500,,430227
88002,,,1500,,,430229
88004,,,30000,30000,,427257
88006,,,500,,,430264
88007,,,1800000,1500,,430265
88008,,,1000,,,430273
88010,,72000000,,,,430345
88011,,,,1500,,430348
88012,,,30000,,,428931
88013,,,,1500,,426308
88014,,,1800000,,,430488
88015,,,1800000,,,227150
88016,,,600000,,,426556
88018,,,,1500,,430506
88019,,,,1500,,430529
88020,,,1500,,,430119
88021,,,60000,1500,,430546
88022,,,8000,1500,,430550
88024,,,5000,,,430535
88025,,,5000,,,430537
88027,,20000,,1000,,361382
88028,,20000,,1000,,361451
88029,,20000,,1000,,361622
88030,,60000,,,,361629
88031,,,10000,1500,,362916
88032,,,,1000,,363350
88033,,,,1500,,371160
88034,,60000,,,,371909
88036,,,15000,1500,,372399
88037,,,20000,1500,,376409
88038,,,15000,1500,,376600
88044,,20000,,1000,,395758
88045,,18000,,1000,,397207
88046,,35000,,,,397273
88047,,25000,,,,397274
88048,,45000,,,,397306
88049,,35000,,,,397307
88050,,25000,,,,397308
88051,,16000,,1000,,397622
88052,,14000,,1000,,397623
88053,,12000,,1000,,397624
88057,,18000,,1000,,397673
88058,,16000,,1000,,397675
88059,,14000,,1000,,397677
88060,,16000,,1000,,397715
88061,,14000,,1000,,397717
88062,,18000,,1000,,398378
88063,,16000,,1000,,398383
88064,,14000,,1000,,398389
88067,,,,1000,,397656
88068,,,8000,250,,363353
88073,,,,1000,,387111
88075,,,,1000,,397658
88081,,,1000,,,430631
88082,,,1800000,,,422327
88085,,,30000,,,424024
88087,,,1500,,,430138
88089,,,1000,,,430762
88090,,,10000,,,430765
88091,,,1000,,,429460
88092,,,6000,1500,,430775
88093,,,3600000,,,430760
88094,,,10000,,,430802
88095,,,,1500,,430803
88096,,,,1500,,430805
88097,,,,1500,,430806
88098,,,5000,1500,,430825
88099,,,15000,,,430831
88102,,,,1500,,430844
88111,,,30000,,,428189
88112,,,10000,1500,,430976
88113,,1000,,,,430923
88114,,1000,,,,430968
88115,,1000,,,,430969
88116,,1000,,,,430970
88117,,,,1500,,431003
88119,,,,1500,,431005
88120,,3000,12000,1500,,431010
88121,,,8000,,,431013
88122,,,10000,,,431019
88123,,,10000,,,430979
88125,,,,1500,,431044
88127,,,1000,,,430839
88128,,,3000,,,431142
88129,,1000,1000,1000,,431147
88130,,,2000,1500,,431148
88131,,1000,1000,1000,,431150
88132,,,20000,,,431157
88134,,,30000,500,,431165
88136,,,30000,500,,431191
88137,,3000,13000,1500,,431200
88138,,,3000,1500,,431203
88140,,13000,,,,431255
88141,,,1000,,,431258
88142,,3600000,,1500,,431280
88143,,,300000,,,431286
88150,,300000,,,,431416
88151,,300000,,,,431418
88152,,300000,,,,431419
88153,,300000,,,,431422
88154,,600000,,,,431424
88155,,300000,,,,431432
88156,,,,1500,,431443
88157,,,4000,,,431485
88159,,,1000,,,431518
88160,,,1000,,,431519
88161,,,1000,,,431520
88163,,10000,,,,431504
88164,,10000,,,,431545
88165,,,1000,,,423842
88167,,,,1500,,431563
88169,,1800000,,1500,,431644
88170,,10000,,,,204574
88171,,5000,,,,212786
88175,,2500,,,,198080
88177,,,20000,,,431741
88180,,,1000,1000,,431782
88182,,1500,,,,431789
88183,,1500,,,,431825
88184,,,1000,,,431816
88185,,18000,,1000,,431777
88187,,1500,,,,431857
88189,,1500,,,,431859
88190,,1500,,,,431867
88192,,300000,,,,431914
88193,,300000,,,,431925
88194,,300000,,,,431932
88195,,300000,,,,431941
88196,,180000,300000,,,431949
88197,,180000,300000,,,431994
88198,,,100,,,431997
88199,,180000,300000,,,431998
88200,,180000,300000,,,432001
88201,,,1200,,,432018
88202,,,,1500,,432020
88203,,,1200,,,432023
88204,,3000,17000,1500,,432036
88206,,,4000,,,430811
88207,,,15000,,,432090
88209,,1000,,,,428980
88210,,1000,,,,426729
88211,,1000,,,,427475
88212,,1000,,,,427623
88213,,1000,,,,428818
88214,,1000,,,,428836
88215,,1000,,,,428839
88216,,1000,,,,428890
88217,,1000,,,,428982
88219,,,,1500,,432156
88220,,,2000,,,432171
88221,,,,1500,,432172
88222,,,1500,,,432173
88224,,,1000,,,432120
88225,,,,750,,432220
88228,,10000,,,,432227
88230,,,28800000,1500,,432254
88231,,,28800000,1500,,432257
88232,,,28800000,1500,,432258
88233,,1500,,,,432327
88237,,600000,,,,23034
88238,,600000,,,,23035
88239,,600000,,,,396555
88240,,300000,,,,392749
88241,,300000,,,,392721
88245,,,,1500,,432459
88246,,,,1500,,432472
88247,,,100,,,432480
88248,,,100,,,432474
88249,,,,1500,,432486
88251,,14000,,1000,,432490
88256,,,1000,,,432521
88257,,1000,,,,425586
88258,,1000,,,,425587
88259,,1000,,,,425588
88260,,1000,,,,425590
88261,,1000,,,,428913
88262,,1000,,,,428974
88263,,1000,,,,428977
88264,,1000,,,,428979
88265,,1000,,,,429240
88270,,14000,,1000,,431501
88272,,18000,,1000,,432541
88273,,90000,,,,432561
88274,,300000,,,,432566
88276,,,,1500,,432585
88278,,18000,,1000,,432594
88279,,,3000,1500,,432598
88280,,,10000,1500,,432601
88281,,45000,,1500,,432602
88282,,,10000,1500,,432608
88286,,,,1500,,432661
88297,,12000,,1000,,432730
88302,,10000,,1000,,432737
88307,,8000,,1000,,432744
88308,,16000,,1000,,432746
88309,,14000,,1000,,432748
88310,,12000,,1000,,432750
88311,,12000,,1000,,432752
88312,,10000,,1000,,432754
88313,,8000,,1000,,432756
88314,,16000,,1000,,432759
88315,,14000,,1000,,432762
88316,,12000,,1000,,432764
88317,,18000,,1000,,432547
88318,,16000,,1000,,432765
88319,,14000,,1000,,432766
88320,,12000,,1000,,432767
88321,,16000,,1000,,432768
88322,,14000,,1000,,432769
88323,,12000,,1000,,432770
88324,,,,1500,,432778
88328,,,2000,,,432810
88330,,,2000,,,428813
88331,,,2000,,,432824
88332,,,2000,,,432832
88336,,,,1500,,432844
88338,,,2000,,,432863
88339,,,2000,,,432865
88340,,,,1500,,432877
88341,,,,1500,,432878
88342,,,,1500,,432879
88343,,,,1500,,432888
88345,,20000,120000,,,433000
88348,,,,1500,,433079
88349,,1000,,,,433080
88350,,14000,,1000,,433082
88351,,,,1500,,433098
88355,,,8000,1500,,433176
88357,,12000,,1000,,433184
88358,,10000,,1000,,433185
88359,,8000,,1000,,433186
88361,,,1200,,,433196
88362,,1000,,,,433197
88363,,1000,,,,433202
88365,,,,1500,,433208
88371,,,60000,,,433058
88374,,12000,,1000,,433256
88375,,14000,,1000,,433263
88376,,10000,,1000,,433264
88377,,8000,,1000,,433265
88379,,,100,,,433270
88383,,,,1500,,433292
88384,,,,1500,,433293
88385,,,,1500,,433294
88386,,1000,,,,433298
88387,,1000,,,,433299
88388,,1000,,,,433300
88389,,1000,,,,433302
88390,,1000,,,,433303
88391,,1000,,,,433304
88392,,1000,,,,433305
88393,,1000,,,,433306
88394,,1000,,,,433307
88395,,1000,,,,433309
88396,,1000,,,,433310
88397,,1000,,,,433311
88398,,1000,,,,433312
88399,,1000,,,,433313
88400,,1000,,,,433314
88401,,1000,,,,433315
88402,,1000,,,,433316
88403,,1000,,,,433317
88404,,8000,,1000,,433375
88405,,10000,,1000,,433374
88406,,12000,,1000,,433373
88407,,14000,,1000,,433364
88408,,500,,,,433397
88409,,,2000,,,433411
88410,,,1500,,,433417
88411,,,,1500,,433420
88412,,,6000,1500,,433433
88415,,,20000,1500,,420349
88416,,14000,,1000,,433380
88417,,12000,,1000,,433472
88418,,10000,,1000,,433473
88419,,8000,,1000,,433474
88422,,,5000,,,433111
88423,,,5000,,,433487
88424,,,5000,,,433489
88425,,,5000,,,433491
88426,,,5000,,,433494
88428,,,5000,,,433497
88430,,3000,,,,433539
88431,,1000,,,,433543
88432,,,30000,,,432837
88436,,,1000,,,433569
88437,,,1000,,,433571
88443,,,15000,,,433642
88463,,,5000,,,433676
88464,,30000,,,,433681
88465,,,750,,,433693
88466,,,3500,,,433684
88467,,1000,,1000,,433708
88468,,,1000,,,433283
88469,,,10000,1500,,433727
88470,,,1000,,,430642
88471,,3000,13000,1500,,433728
88473,,,10000,1500,,433756
88477,,1500,,,,433790
88478,,,,1500,,433791
88479,,1500,,,,433800
88480,,,,1500,,433802
88486,,20000,120000,,,432775
88489,,,10000,1500,,433836
88490,,6000,,,,433841
88491,,,,1500,,433842
88492,,6000,,,,433845
88493,,,1000,,,433857
88494,,,1000,1500,,433874
88497,,,,1500,,433895
88498,,1000,,,,433878
88502,,2000,,,,420254
88503,,,5000,,,433920
88504,,,5000,,,433921
88505,,,5000,,,433922
88506,,1500,,1500,,433945
88507,,,10000,1500,,433949
88508,,,1000,,,433967
88509,,1500,,1500,,433973
88510,,1500,,1500,,433977
88511,,,1000,,,433308
88512,,6000,,,,433881
88513,,3000,,,,434005
88514,,,5000,,,434007
88515,,,5000,,,434008
88516,,,5000,,,434009
88517,,,5000,,,434011
88518,,,5000,,,434012
88519,,,5000,,,434013
88524,,20000,120000,,,434064
88525,,,5000,,,434069
88527,,3000,,,,434083
88528,,1000,,,,434088
88538,,,3000,,,434156
88540,,,,1000,,434240
88541,,,1500,,,434253
88542,,,1500,,,434266
88543,,3000,12000,1500,,434269
88544,,,12000,,,434277
88545,,,1000,,,434340
88546,,,1000,,,434341
88547,,,1000,,,434364
88549,,,1000,,,434453
88550,,,5000,,,434461
88551,,,1000,,,434464
88552,,,1000,,,434467
88556,,,,1500,,434516
88557,,,,1500,,434517
88558,,,1000,,,434520
88560,,,1000,,,434525
88561,,,5000,,,434534
88562,,,3000,,,434574
88564,,18000,,1000,,434598
88565,,,1500,,,434602
88566,,,10000,,,434603
88567,,,1500,,,434604
88568,,,1500,,,434607
88569,,,1500,,,434609
88570,,,1500,,,434611
88571,,,,1000,,434642
88572,,,5000,,,434643
88573,,,5000,,,434644
88575,,,1500,,,434651
88576,,1000,,,,434659
88579,,,5000,,,434673
88580,,16000,,1000,,434679
88581,,,,1000,,434680
88582,,14000,,1000,,434681
88583,,,,1000,,434682
88584,,,,1000,,434683
88585,,12000,,1000,,434684
88586,,1000,1000,1000,,434701
88587,,,3000,1000,,434736
88588,,,2000,,,434746
88589,,,10000,1500,,434763
88591,,,45000,1500,,434766
88592,,,15000,1500,,434767
88593,,,10000,1500,,434774
88594,,,,1500,,434777
88597,,,,1500,,434849
88598,,,60000,1500,,434854
88599,,16000,,1000,,434880
88603,,14000,,1000,,435030
88604,,12000,,1000,,435032
88605,,10000,,1000,,435034
88606,,16000,,1000,,435018
88607,,14000,,1000,,435021
88608,,10000,,1000,,435025
88609,,12000,,1000,,435023
88617,,,1000,,,435178
88619,,6000,,1500,,435222
88620,,,5000,,,435227
88621,,,10000,,,435238
88623,,1500,16000,,,435273
88624,,10000,,1000,,435276
88626,,8500,,1000,,435288
88627,,7000,,1000,,435290
88628,,5500,,1000,,435295
88629,,22000,,,,435286
88630,,20000,,,,435292
88631,,18000,,,,435296
88632,,16000,,,,435298
88633,,,1000,,,435308
88634,,,5000,,,435312
88635,,,3000,1500,,435393
88636,,6000,,,,435398
88637,,,1000,,,435423
88638,,,8000,,,435436
88639,,,2000,,,435442
88641,,,2000,,,435449
88642,,,1000,,,435451
88643,,14000,,1000,,435454
88644,,,5000,,,434825
88645,,,2000,1500,,435465
88646,,,60000,,,435487
88648,,,1500,,,435494
88649,,,60000,,,435496
88650,,,8000,,,435497
88651,,,8000,,,435498
88653,,12000,,1000,,435510
88658,,,,1500,,435569
88659,,,600000,,,435608
88660,,,5000,,,435568
88662,,10000,,1000,,435729
88663,,8000,,1000,,435757
88664,,1500,6000,,,435773
88666,,,300000,,,435792
88668,,2000,,,,435794
88670,,,8000,,,434916
88677,,,1000,,,436004
88678,,,1000,,,436015
88679,,180000,,1500,,435313
88680,,,1000,,,436036
88681,,6000,,,,436051
88683,,6000,,,,436060
88684,,,2000,,,436064
88685,,,1000,,,436065
88687,,18000,,,,436031
88692,,,120000,,,436085
88697,,,2000,1500,,436091
88698,,8000,,,,436094
88699,,3000,13000,1500,,436117
88700,,,8000,,,436128
88701,,3000,12000,1500,,420476
88702,,,10000,1500,,436133
88704,,,3000,,,436176
88705,,,,1500,,436180
88706,,8000,,,,436084
88708,,8000,,,,431087
88709,,6000,,,,436192
88713,,16000,,,,436211
88715,,14000,,,,436229
88716,,99000,,1500,,432656
88717,,12000,,,,436240
88718,,,5000,,,436249
88719,,,3000,,,436279
88721,,7000,,1000,,436254
88722,,6500,,1000,,436308
88723,,5500,,1000,,436312
88724,,6000,,1000,,436310
88725,,,15000,,,436305
88727,,,120000,500,,436344
88729,,,5000,,,434989
88742,,,60000,,,436523
88750,,,300000,,,436636
88751,,,300000,,,436638
88752,,,,1500,,436651
88754,,,5000,,,436681
88757,,3000,13000,1500,,435263
88758,,,6000,,,436717
88761,,,5000,,,436740
88762,,3000,,1000,,436626
88764,,,1500,,,436796
88765,,,1500,,,436808
88766,,,1000,500,,436852
88768,,,,1500,,436873
88769,,,1200,,,436874
88770,,,2000,500,,436897
88782,,,2000,,,436972
88783,,,2000,,,436982
88784,,,3000,,,437003
88786,,180000,,1500,,437011
88789,,,1000,,,437039
88790,,,1000,,,437040
88791,,,1000,,,437041
88792,,,1000,,,437042
88793,,,,1500,,437075
88796,,,1000,,,437097
88842,,,1000,,,437448
88848,,,120000,,,437461
88850,,180000,,1500,,437495
88858,,,,1500,,437600
88859,,,,1500,,437601
88862,,,10000,,,437643
88876,,,10000,1500,,437591
88877,,,7200000,,,437770
88936,,,10000,,,438302
88938,,,30000,1500,,438317
88946,,,500,,,438357
88953,,30000,,1000,,438407
88959,,,10000,,,438519
88960,,,,1500,,438543
88961,,1500,,1500,,438544
88962,,3000,17000,1500,,435366
88963,,,5000,,,438580
88965,,,60000,,,438592
88967,,,,1500,,438606
88968,,,30000,1500,,438673
88969,,,2000,,,430254
88970,,20000,120000,,,438753
88975,,18000,,,,438782
88976,,,3000,,,438802
88981,,,1000,,,438936
88983,,,5000,1500,,438988
88984,,,,1000,,431709
88986,,2000,,,,426798
88987,,2000,,,,426814
88988,,1500,,,,439058
88989,,1500,,,,439060
88991,,,15000,1500,,439147
88992,,,300000,,,439176
88993,,10000,10000,,,439182
88994,,,5000,,,439190
88996,,,,500,,436061
88998,,,,1500,,439420
89005,,300000,,,,439569
89007,,300000,,,,439571
89013,,,20000,,,432494
89023,,,12000,1500,,439771
89026,,2000,,,,439793
89027,,,45000,1500,,439843
89028,,,1000,,,439862
89029,,,3600000,,,439871
89030,,20000,60000,,,435482
89031,,20000,,,,439425
89032,,20000,,,,439496
89033,,20000,,,,439584
89034,,20000,,,,439610
89036,,,3000,1500,,439925
89037,,,3000,1500,,439923
89038,,,,1500,,439898
89039,,,1000,,,439876
89042,,,,1500,,439980
89043,,8000,,1500,,440006
89044,,,8000,1500,,440012
89045,,8000,,1500,,440013
89046,,,8000,1500,,440015
89048,,1500,,,,440088
89050,,1500,,,,440103
89057,,,,1000,,440169
89061,,1000,,,,440107
89065,,,,1500,,440281
89067,,20000,150000,,,435493
89068,,1500,,,,440354
89069,,1500,,,,440355
89070,,1500,,,,440361
89071,,1500,,,,440364
89072,,30000,,,,421686
89073,,,240000,,,440369
89074,,30000,,,,440373
89075,,1000,5000,,,440397
89077,,,8000,,,440465
89084,,,2000,,,440511
89086,,,15000,,,439432
89087,,,20000,,,440562
89098,,,15000,1500,,440678
89100,,1000,1000,,,428933
89101,,1000,1000,,,428934
89104,,20000,60000,,,435475
89109,,3000,,,,440807
89112,,10000,,,,440839
89113,,10000,,,,440838
89114,,10000,,,,440837
89115,,10000,,,,440836
89116,,1500,,,,440851
89117,,1500,,,,440852
89122,,,30000,1500,,436358
89124,,,1500,,,439151
89131,,3000,,,,436256
89135,,,3000,,,441033
89136,,,15000,,,441039
89141,,5000,5000,1500,,441050
89142,,,300000,,,441076
89143,,,6000,,,441079
89147,,,300000,,,441108
89148,,,300000,,,441109
89149,,,15000,,,441117
89151,,,120000,,,441127
89154,,,60000,1500,,441135
89156,,,60000,1500,,441148
89157,,5000,30000,1500,,441153
89158,,,900000,,,441154
89160,,5000,30000,1500,,441169
89161,,,10000,,,441218
89165,,500,20000,,,441299
89175,,5000,,,,441412
89177,,,1000,,,441435
89185,,,90000,,,441467
89186,,,120000,,,441479
89187,,,1000,,,441481
89189,,5000,,,,441483
89190,,,6000,1500,,441488
89191,,,120000,1500,,441493
89192,,5000,,,,441513
89194,,,15000,,,441547
89195,,,10000,,,441548
89197,,,15000,,,441559
89198,,,120000,1500,,441569
89199,,,1500,,,441573
89200,,,60000,,,441576
89202,,,,1000,,441591
89204,,,,1500,,441605
89206,,,120000,,,441617
89207,,,,1500,,441643
89208,,,15000,,,441663
89209,,,10000,,,441623
89210,,,15000,,,441715
89211,,,2000,,,441719
89212,,,60000,,,441741
89213,,,45000,,,441749
89214,,500,90000,1500,,441759
89215,,500,4000,1500,,441762
89216,,,,1200,,441776
89217,,,2000,,,441787
89218,,,400,,,441804
89219,,,1500,,,440429
89222,,,,1500,,441960
89223,,,,1500,,442039
89224,,,,1500,,442043
89225,,,5000,,,440126
89227,,,,1500,,442134
89229,,,,1500,,442138
89230,,,,1500,,442139
89231,,,,1500,,442140
89232,,,,1500,,442141
89233,,,1000,,,441769
89235,,8000,,1500,,442179
89236,,,,1500,,442180
89237,,,20000,,,442181
89238,,,20000,,,442182
89239,,,20000,,,442183
89240,,,5000,,,442196
89241,,,,1500,,442201
89242,,,120000,1500,,442204
89245,,,600000,,,442240
89246,,,2000,,,442244
89250,,,5000,,,442308
89251,,,5000,,,442310
89252,,,5000,,,442312
89254,,,,1500,,442327
89255,,2000,,,,440468
89256,,1000,,,,439621
89258,,,,1500,,442337
89259,,,1500,,,442347
89260,,,120000,1500,,442040
89261,,120000,,1500,,442129
89262,,120000,,1500,,442132
89263,,120000,,1500,,442133
89264,,120000,,1500,,442130
89265,,120000,,1500,,442044
89266,,120000,,1500,,442131
89267,,120000,,1500,,442128
89268,,14000,,,,442371
89269,,12000,,,,442404
89270,,10000,,,,442407
89271,,8000,,,,442411
89272,,,600000,1500,,442433
89273,,,1800000,1500,,442444
89275,,18000,,1000,,442445
89276,,,150000,1500,,441990
89278,,,,1000,,442594
89279,,,,1000,,442598
89280,,5000,,,,436642
89281,,5000,,,,436592
89282,,43200000,,1500,,442680
89285,,,,1500,,442804
89286,,,300000,,,442807
89287,,16000,,1000,,442819
89288,,,,1000,,442826
89289,,,,1000,,442832
89290,,,,1000,,442835
89291,,14000,,1000,,442840
89292,,,,1000,,442844
89293,,,,1000,,442857
89294,,12000,,1000,,442862
89295,,,,1000,,442867
89296,,,1500,,,442921
89297,,,,1500,,442923
89298,,,,1500,,442925
89299,,,,1500,,442926
89300,,,,1500,,442927
89301,,,,1500,,442929
89302,,,,1500,,442930
89303,,,,1500,,442931
89304,,,,1500,,442932
89305,,,1500,,,442942
89307,,,5000,,,430509
89309,,,,2000,,442973
89310,,,,2500,,442975
89311,,,,3000,,442977
89312,,,90000,750,,443028
89315,,,120000,1500,,443069
89319,,,5000,,,443101
89320,,,,1500,,443105
89321,,,1500,,,443104
89322,,,10000,,,443131
89323,,10000,10000,,,443146
89326,,,,1500,,443170
89327,,10000,10000,,,443185
89328,,3000,,,,443222
89330,,,5000,1500,,443259
89331,,20000,120000,1000,,443124
89335,,,5000,,,443307
89338,,,2000,,,443345
89342,,3000,,,,439418
89345,,20000,120000,,,443411
89346,,20000,120000,,,443415
89347,,180000,,1500,,443389
89348,,,100,,,443452
89349,,,100,,,443453
89350,,,30000,,,443454
89353,,,3600000,1500,,443465
89354,,3000,22000,1500,,443482
89355,,,8000,,,443512
89356,,,6000,1500,,443513
89357,,,100,,,443520
89359,,20000,90000,,,443529
89361,,20000,120000,,,443531
89362,,,90000,,,443535
89363,,20000,120000,,,443536
89365,,,1000,,,414862
89367,,20000,120000,,,443552
89368,,20000,120000,,,443556
89369,,,60000,,,443558
89370,,,2000,,,443596
89373,,,120000,,,443609
89375,,,1500,,,443600
89377,,,6000,1500,,443626
89381,,,3000,,,443721
89386,,,1000,,,443826
89388,,1000,,,,443840
89389,,1000,,,,443908
89390,,,,1500,,443914
89391,,,10000,,,443962
89392,,,10000,,,443963
89393,,,10000,,,443965
89394,,1500,,,,443970
89396,,,1000,,,444021
89397,,2000,,,,443909
89398,,,10000,,,443993
89399,,180000,,1500,,444128
89400,,,300000,,,444257
89401,,20000,90000,,,444264
89403,,,120000,20000,,444266
89404,,20000,90000,,,444282
89405,,,1500,,,443803
89406,,,1500,,,432857
89407,,20000,60000,,,444301
89410,,,100,,,444353
89411,,,5000,,,444348
89412,,3000,12000,1500,,444408
89413,,,2000,,,444458
89414,,,,1500,,444474
89415,,3000,,,,444479
89416,,20000,120000,,,444489
89417,,,3000,,,444491
89418,,,3000,,,444503
89492,,180000,,1500,,444622
89496,,,,500,,444677
89498,,,3000,1500,,444659
89501,,,60000,,,444741
89503,,,6000,,,444650
89504,,,8000,,,444673
89505,,,12000,,,444668
89510,,180000,,,,444954
89511,,20000,20000,,,444959
89513,,3000,,,,424431
89514,,3000,,,,424429
89515,,3000,12000,1500,,445038
89517,,,600000,,,445065
89518,,3000,,,,445077
89519,,20000,120000,,,445145
89521,,20000,120000,,,445165
89522,,,5000,,,445137
89523,,,2000,,,445183
89524,,6000,,,,445209
89525,,,1000,,,445247
89526,,,2000,,,445248
89527,,,,1500,,445249
89528,,28800000,,1500,,445269
89529,,,120000,1500,,445271
89532,,,2000,,,445306
89533,,,2000,,,445408
89534,,28800000,,1500,,445414
89535,,28800000,,1500,,445416
89536,,28800000,,1500,,445417
89537,,28800000,,1500,,445418
89538,,,20000,,,445423
89539,,28800000,,1500,,445424
89541,,28800000,,1500,,445440
89542,,28800000,,1500,,445441
89543,,28800000,,1500,,445443
89544,,28800000,,1500,,445444
89546,,,,1500,,445468
89548,,2000,,,,445406
89549,,2000,,,,445492
89551,,6000,,,,445497
89554,,,3000,,,445504
89555,,,6000,,,445507
89556,,,3000,,,445508
89558,,,5000,,,445513
89559,,,1000,,,445540
89560,,,500,,,445546
89562,,,120000,,,445560
89564,,,500,,,445601
89565,,,60000,,,445619
89567,,,1500,,,412635
89568,,,6000,,,430551
89569,,5000,,,,445683
89570,,5000,,,,445684
89571,,5000,,,,445685
89572,,5000,,,,445686
89573,,5000,,,,445687
89574,,5000,,,,445688
89575,,5000,,,,445689
89576,,5000,,,,445690
89577,,5000,,,,445691
89578,,5000,,,,445725
89579,,5000,,,,445728
89580,,5000,,,,445729
89581,,5000,,,,445730
89582,,5000,,,,445732
89583,,5000,,,,445735
89584,,5000,,,,445737
89585,,5000,,,,445738
89587,,5000,,,,445743
89589,,5000,,,,445749
89590,,5000,,,,445750
89591,,5000,,,,445752
89592,,5000,,,,445753
89593,,5000,,,,445755
89594,,5000,,,,445756
89595,,5000,,,,445758
89596,,5000,,,,445759
89597,,5000,,,,445760
89598,,5000,,,,445761
89599,,5000,,,,445782
89600,,5000,,,,445783
89601,,2000,,,,445771
89602,,2000,,,,445706
89603,,1000,,,,445705
89604,,,500,,,445845
89605,,,500,,,445847
89606,,,500,,,445848
89607,,,500,,,445849
89608,,,,1500,,445855
89611,,,,1500,,445874
89612,,,,1500,,445919
89613,,3000,,,,445920
89614,,3000,,,,445921
89615,,,,1500,,445924
89616,,,,1500,,445930
89620,,,1000,,,445951
89625,,1500,,,,446023
89626,,,90000,1500,,446035
89627,,1500,,,,446038
89629,,1500,,,,446045
89630,,1000,1500,,,6544
89634,,,2000,,,446155
89635,,,1000,,,446225
89636,,,,1500,,446247
89638,,,60000,1500,,442726
89639,,,,1500,,446248
89640,,,,1500,,446250
89641,,,250,,,446277
89643,,,,1500,,446291
89650,,3000,,,,446300
89655,,1500,,,,446346
89658,,,5000,,,445538
89659,,1500,,,,446407
89660,,,3000,,,446431
89661,,6000,,1500,,446436
89662,,3000,,,,446447
89663,,3000,,,,446477
89664,,5000,,,,446478
89665,,20000,,,,446482
89666,,3000,,,,446483
89667,,,60000,1500,,446534
89668,,,,1500,,446540
89671,,,3000,,,446608
89672,,,3000,,,446629
89677,,1500,,,,446686
89678,,1500,,,,446691
89684,,,,1500,,446796
89685,,,,1500,,446797
89686,,,,1500,,446798
89687,,,,1500,,446799
89688,,,,1500,,446800
89689,,,,1500,,446801
89690,,,2000,,,446842
89699,,,1000,,,446917
89700,,,1000,,,446921
89701,,,,1500,,7399
89702,,5000,,,,5208
89703,,15000,,,,5174
89705,,,1500,,,447080
89706,,,1500,,,447089
89707,,,30000,,,447092
89708,,,1500,,,447117
89709,,,1500,,,447122
89710,,,1500,,,447124
89711,,,1500,,,447126
89713,,60000,3000,1000,,447168
89722,,,600000,,,447446
89723,,,1000,,,426208
89726,,,5000,,,447558
89727,,,5000,,,447559
89728,,,5000,,,447560
89729,,,3000,,,447566
89735,,180000,,1500,,447598
89736,,,,1500,,447599
89738,,20000,90000,,,443407
89739,,60000,3000,1000,,447975
89740,,60000,3000,1000,,447976
89741,,1000,,,,448030
89742,,,5000,,,448010
89743,,20000,60000,,,447970
89744,,,1000,,,448053
89746,,,1800000,1000,,448126
89747,,3000,22000,1500,,448161
89749,,,3000,,,448150
89750,,,,1500,,448190
89751,,,1500,,,448205
89752,,6000,,,,448216
89753,,6000,,,,448217
89754,,,1500,,,448221
89755,,,6000,1500,,448229
89756,,6000,,,,448297
89757,,,,1500,,448355
89758,,,60000,,,448389
89760,,,1000,,,448428
89763,,1500,10000,,,448449
89764,,1500,10000,,,448452
89767,,,5000,,,448454
89768,,1500,10000,,,448463
89770,,1500,10000,,,448474
89771,,1500,10000,,,448481
89773,,1500,10000,,,448522
89774,,,3000,1500,,448528
89775,,,8000,,,448535
89776,,,2000,,,448542
89784,,4000,,,,441646
89787,,,5000,,,448727
89792,,20000,90000,,,448904
89794,,,1000,,,448991
89795,,,15000,,,449001
89797,,,,1500,,449046
89798,,,1000,600,,449110
89801,,,1000,500,,449156
89802,,,,1500,,449158
89804,,,,1500,,449173
89805,,,10000,,,449230
89807,,,,1500,,449280
89808,,,,1500,,449286
89809,,,5000,,,449318
89810,,,,1500,,449326
89811,,,,1500,,449333
89812,,,10000,,,449370
89813,,,10000,,,449396
89816,,,8000,,,440479
89817,,,,1500,,449550
89818,,,5000,,,449556
89820,,,10000,,,449564
89826,,,,1500,,449626
89830,,,60000,1500,,449700
89832,,,,1500,,449724
89833,,,10000,1500,,449730
89834,,,10000,1500,,449745
89835,,,10000,1500,,449746
89836,,,10000,1500,,449748
89837,,,10000,1500,,449749
89838,,3000,,,,449756
89839,,1500,,,,432789
89840,,1500,,,,432807
89841,,,1000,,,449788
89843,,3500,,,,449690
89844,,4000,,,,449774
89845,,4000,,,,449693
89847,,,28000,,,449821
89849,,,1000,,,449851
89850,,,1000,,,449852
89851,,,1000,,,449853
89853,,,90000,,,449891
89854,,,2000,,,449893
89855,,,2000,,,449902
89856,,,2000,,,449903
89857,,,2000,,,449904
89858,,,2000,,,449905
89860,,,5000,,,449910
89862,,3000,,,,449922
89863,,3000,,,,449687
89865,,5000,,,,440999
89866,,9000,,,,438586
89867,,9000,,,,438999
89875,,,1000,,,450099
89880,,6000,,,,450185
89881,,,1500,,,450189
89882,,,,1500,,450215
89883,,,,1500,,450410
89885,,,30000,,,450443
89886,,,,5000,,450440
89887,,,,3000,,450450
89889,,,,1500,,450462
89893,,7000,,,,450406
89894,,,3000,1500,,450536
89895,,3000,22000,1500,,450546
89896,,2000,,,,450550
89897,,,25000,1500,,450579
89898,,,,5000,,450507
89899,,,,5000,,450590
89905,,20000,90000,,,450561
89914,,1000,,,,450669
89915,,,,1000,,450698
89916,,,,1500,,450708
89917,,,,1500,,450713
89919,,,,1500,,450726
89923,,3000,,,,450637
89924,,2000,,,,450681
89925,,15000,,,,3589
89926,,,,1000,,450793
89927,,15000,,,,18327
89928,,300000,,,,450794
89929,,300000,,,,450802
89930,,,,1000,,450818
89931,,,,1000,,450819
89932,,,,1000,,450821
89933,,,,1000,,450824
89934,,,,1000,,450827
89935,,,,1000,,450828
89936,,,,1000,,450835
89937,,,,1000,,450836
89939,,,,1000,,450840
89940,,,1000,,,450842
89941,,,,1000,,450866
89943,,1000,2000,,,450891
89944,,300000,,,,450901
89945,,300000,,,,450904
89946,,300000,,,,450905
89947,,300000,,,,450906
89948,,300000,,,,450907
89949,,300000,,,,450908
89950,,300000,,,,450909
89951,,8000,,,,450677
89952,,,,1500,,450933
89953,,,500,,,450934
89954,,,500,,,450935
89955,,,500,,,450936
89956,,,500,,,450937
89957,,,500,,,450938
89958,,,500,,,450940
89959,,,500,,,450942
89960,,,500,,,450943
89961,,,500,,,450944
89962,,,500,,,450945
89963,,,500,,,450947
89964,,300000,,,,450902
89965,,300000,,,,450903
89966,,300000,,,,450964
89967,,300000,,,,450973
89968,,,,1500,,450983
89969,,1000,2000,,,451050
89970,,,5000,,,451066
89971,,,5000,,,451068
89973,,,,1500,,451121
89974,,5000,,,,450856
89975,,3000,,,,451119
89978,,,2000,,,450925
89980,,,10000,,,451186
89981,,,10000,,,451184
89982,,,10000,,,451182
89983,,,10000,,,451192
89984,,,,1500,,451193
89989,,,20000,1000,,451372
89990,,,3000,,,129095
89994,,15000,,,,451441
89995,,,4000,1500,,451442
89996,,,3000,1500,,451453
89997,,,6000,1500,,451456
89999,,,180000,1500,,451235
90000,,,,4000,,426643
90001,,,,4000,,451046
90002,,,,4000,,451183
90003,,,,1500,,451522
90004,,,1000,,,448360
90005,,,1000,,,448367
90006,,,1000,,,448368
90007,,,1000,,,448369
90008,,,1000,,,451574
90009,,3000,,,,451543
90010,,,10000,,,446651
90011,,,,1500,,451738
90012,,,,1500,,451741
90013,,,,1500,,451771
90014,,,,1500,,451773
90015,,,15000,,,451804
90016,,,15000,,,451850
90017,,,15000,,,451853
90018,,,15000,,,451877
90019,,,10000,1500,,451887
90020,,,30000,1500,,451888
90021,,,15000,,,451889
90022,,,,1000,,436854
90024,,,5000,,,435504
90026,,8500,,,,450924
90028,,,30000,,,451852
90029,,,,1500,,452034
90030,,,,1500,,452076
90031,,,,1500,,452077
90032,,,,1500,,452078
90033,,,,1500,,452079
90034,,,,1500,,452080
90035,,,,1500,,452081
90036,,,,1500,,452082
90038,,,,1500,,452112
90039,,,2000,1500,,452113
90040,,,,1500,,452116
90042,,1500,,,,452143
90044,,3000,,,,452142
90045,,4000,,,,450393
90046,,4000,,,,452094
90049,,,10000,,,452152
90051,,30000,,,,452179
90052,,,,1500,,452201
90053,,,,1500,,452221
90054,,,,1500,,452222
90055,,,,1500,,452223
90056,,,,1500,,452232
90057,,,100,,,439910
90058,,,100,,,439878
90059,,,,1000,,452259
90060,,,,1000,,452260
90061,,,10000,,,442928
90062,,6000,,,,431349
90063,,,1000,,,452327
90064,,,,1500,,452422
90065,,,,1500,,452436
90066,,,,1500,,452437
90067,,10000,10000,,,452458
90068,,40000,,1500,,452486
90070,,,,1500,,452490
90071,,30000,,1500,,452497
90073,,10000,,,,452465
90074,,,,1500,,452537
90075,,,60000,,,452552
90076,,1000,5000,,,452563
90078,,,10000,1500,,452633
90079,,,10000,1500,,452634
90080,,,10000,1500,,452635
90081,,,10000,1500,,452636
90082,,15000,30000,1500,,452637
90083,,15000,30000,1500,,452638
90084,,15000,30000,1500,,452639
90085,,,600000,1500,,452647
90087,,,86400000,,,447374
90089,,,,4000,,450611
90090,,,,1500,,452706
90091,,,,1500,,452711
90092,,,120000,,,452658
90093,,300000,,,,452767
90099,,20000,90000,,,452872
90100,,300000,600000,,,452883
90101,,300000,,,,452891
90102,,300000,,,,452900
90105,,20000,,,,452918
90107,,,,1500,,452928
90108,,60000,60000,,,452930
90115,,300000,,1500,,452993
90116,,300000,,,,453040
90117,,,2000,,,453047
90118,,3000,,1500,,453062
90120,,,5000,,,452938
90122,,300000,,,,453162
90123,,,5000,,,453163
90124,,180000,300000,,,453193
90125,,,15000,,,453203
90126,,300000,,,,453205
90127,,,,1500,,453215
90128,,,,1500,,453217
90129,,,,1500,,453218
90130,,,,1500,,453219
90131,,,,1500,,453220
90132,,,,1500,,453221
90133,,,,1500,,453223
90134,,,,1500,,453225
90135,,,,1500,,453226
90136,,,,1500,,453227
90137,,,,1500,,453228
90138,,,,1500,,453229
90139,,,,1500,,453230
90140,,,,1500,,453231
90141,,300000,,,,453265
90142,,,,1500,,453266
90145,,,3000,,,143224
90146,,20000,,,,143210
90148,,1500,,,,453304
90149,,,,3000,,452980
90150,,,120000,,,453313
90152,,3000,,,,431364
90153,,2000,,,,453345
90154,,2000,,,,436781
90155,,5000,,,,436697
90156,,2000,,,,436679
90158,,,,1000,,453371
90159,,,,1000,,453372
90160,,,72000000,,,447312
90162,,,,1000,,453440
90163,,,,1000,,453443
90164,,,,1000,,453444
90165,,,,1000,,453447
90166,,,,1000,,453448
90167,,,,1000,,453450
90168,,,,1000,,453452
90169,,,,1000,,453453
90170,,,,1000,,453454
90171,,,,1000,,453455
90172,,,,1000,,453456
90174,,,3000,,,441078
90175,,,3000,,,441104
90176,,,,1500,,129531
90178,,4000,,,,442052
90179,,5000,,,,442501
90180,,,,1500,,453521
90181,,,,1500,,453522
90182,,,,1500,,453523
90183,,,,1500,,453524
90184,,,,1500,,453525
90185,,,,1500,,453526
90186,,,,1500,,453527
90187,,,,1500,,453528
90188,,,,1500,,453529
90189,,,,1500,,453530
90190,,,,1500,,453531
90191,,,,1500,,453532
90192,,,,1500,,453533
90193,,,,1500,,453534
90194,,,,1500,,453535
90195,,,,1500,,453536
90196,,,,1500,,453537
90197,,,,1500,,453538
90198,,,,1500,,453539
90199,,,,1500,,453540
90200,,,,1500,,453541
90201,,,,1500,,453542
90202,,,,1500,,453543
90203,,,,1500,,453544
90204,,,,1500,,453545
90205,,,,1500,,453546
90206,,,,1500,,453547
90207,,,,1500,,453548
90208,,,,1500,,453549
90209,,,,1500,,453550
90210,,,1000,,,453563
90212,,7200000,,,,452533
90213,,,600000,,,453621
90214,,,40000,,,453759
90217,,,3000,,,453565
90218,,10000,10000,,,453793
90219,,,,1500,,453802
90220,,,,1500,,453803
90221,,,,1500,,453804
90224,,4000,,,,441496
90227,,,,6000,,453049
90228,,1500,,,,431304
90229,,1500,,,,432565
90230,,,,1500,,453868
90231,,,,1000,,453880
90232,,,,1000,,453883
90233,,,1000,,,453893
90235,,6000,,,,453897
90240,,,3600000,,,453922
90241,,3000,,,,453972
90242,,4000,,,,453967
90245,,,,1000,,454023
90248,,,,1000,,454211
90249,,,30000,,,453324
90250,,,3000,,,454291
90251,,,300000,,,454320
90252,,,,1000,,454355
90253,,,,1000,,454358
90254,,,60000,,,454359
90255,,10000,10000,,,454364
90256,,6000,,,,454375
90257,,6000,,,,454383
90258,,,10000,,,454448
90259,,,,1000,,454451
90260,,,1500,,,454496
90261,,,1000,,,454532
90262,,,1200000,,,454553
90263,,,1200000,,,454554
90264,,,1200000,,,454555
90265,,,1000,,,454564
90266,,,3500,,,454570
90267,,,1500,,,454572
90268,,,1500,,,454574
90269,,5000,,,,454584
90270,,10000,10000,,,454610
90271,,10000,10000,,,454618
90272,,,10000,,,454673
90273,,,10000,,,454677
90274,,10000,10000,,,454697
90275,,10000,10000,,,454702
90277,,,1000,,,454743
90279,,1500,,1500,,452487
90280,,20000,120000,,,454798
90281,,,,1500,,59146
90283,,10000,10000,,,454895
90286,,,60000,,,454947
90287,,,10000,,,454992
90288,,20000,,,,435055
90289,,,30000,,,455023
90290,,3000,3000,,,455055
90292,,,15000,,,455098
90293,,,,1500,,455132
90294,,,5000,,,431739
90295,,4000,,,,455148
90296,,4000,,,,454731
90297,,3000,12000,1500,,455153
90298,,4000,,,,455158
90300,,,3600000,,,443689
90301,,,3500,,,455216
90302,,,2000,,,454792
90303,,,5000,,,454791
90305,,,1500,,,455222
90306,,,1000,,,455225
90307,,,1000,,,455226
90308,,4000,,,,440912
90309,,4000,,,,455260
90310,,,,1500,,15547
90311,,,,1500,,16100
90312,,,,1500,,22907
90313,,,1000,1500,,15620
90315,,,,1500,,17353
90316,,,72000000,,,435337
90317,,,72000000,,,435338
90318,,,72000000,,,435339
90319,,,72000000,,,435369
90320,,,,1500,,80781
90321,,,72000000,,,435370
90322,,,3600000,,,455291
90324,,,10000,,,455248
90326,,1000,,,,455351
90327,,,,1500,,455368
90328,,,3500,,,455371
90329,,60000,,5000,,443688
90331,,,100,,,455413
90333,,,30000,1500,,455272
90334,,20000,120000,,,455451
90336,,20000,60000,,,455467
90338,,20000,120000,,,455482
90339,,20000,60000,1500,,455486
90340,,,3600000,,,455426
90341,,,30000,,,455494
90342,,,,1500,,22887
90343,,,15000,,,455563
90344,,4000,,,,455380
90345,,,25000,1000,,444995
90348,,,30000,,,455606
90349,,,10000,1500,,455636
90350,,,10000,1000,,455641
90351,,3000,,,,455644
90357,,,600000,,,453419
90359,,3000,,,,453607
90360,,7000,,,,453732
90361,,6000,,,,455120
90362,,,8000,,,455665
90364,,,15000,,,452940
90368,,,20000,,,446283
90369,,,20000,,,446324
90370,,,20000,,,446337
90371,,,20000,,,446340
90372,,,20000,,,446343
90373,,,20000,,,446350
90374,,,20000,,,446353
90375,,,20000,,,446371
90376,,,20000,,,446377
90377,,,20000,,,446380
90378,,,20000,,,446423
90379,,,20000,,,446429
90380,,,20000,,,446439
90381,,,20000,,,446457
90382,,,20000,,,446471
90383,,,20000,,,446638
90384,,,20000,,,446614
90385,,,20000,,,446647
90386,,,20000,,,446539
90387,,,20000,,,446507
90388,,3000,16000,1500,,455932
90389,,,,180000,,455960
90390,,,,1500,,455970
90391,,3000,,,,455975
90392,,3000,11000,1500,,6306
90393,,,3500,1500,,79868
90394,,3000,11000,1500,,15979
90395,,3000,11000,1500,,22938
90396,,3000,11000,1500,,10966
90397,,3000,10000,1500,,15615
90398,,,11000,1500,,13340
90399,,,2000,1500,,30937
90400,,3000,13500,1500,,17228
90401,,3000,11000,1500,,15655
90402,,3000,10000,1500,,30849
90403,,3000,10000,1500,,6726
90404,,,2000,1500,,40062
90405,,1500,5000,,,456041
90406,,,2000,1500,,29765
90407,,3000,11000,1500,,34785
90408,,3000,10000,1500,,22940
90409,,,,1500,,39121
90410,,,1000,,,456076
90411,,3000,,,,455984
90412,,,43200000,,,456116
90413,,3000,,,,456125
90414,,1000,5000,,,456128
90415,,,,1500,,456156
90416,,,,1500,,456157
90417,,,,1500,,456158
90418,,3000,12000,1500,,17194
90419,,3000,13000,1500,,35096
90420,,3000,10000,1500,,34809
90421,,3000,20000,1500,,34821
90422,,3000,11000,1500,,32908
90423,,3000,10000,1500,,456159
90424,,3000,10000,1500,,32323
90425,,3000,12000,1500,,18144
90427,,3000,,,,456171
90429,,,1000,,,456185
90435,,3000,,,,456198
90436,,3000,,,,456211
90437,,,16000,,,456217
90438,,,5000,,,452322
90440,,,15000,,,456313
90441,,5000,,,,443998
90442,,10000,,,,436905
90443,,,,750,,47568
90444,,,45000,,,456330
90445,,,,1500,,456405
90446,,,,1500,,456407
90447,,,,1500,,456408
90448,,,,1500,,456409
90449,,1500,16000,,,456414
90450,,,500,,,443823
90451,,3000,12000,1500,,8364
90452,,,2000,1500,,39122
90453,,3000,12000,1500,,34359
90454,,1500,20000,,,456426
90455,,,500,,,456429
90456,,,500,,,456430
90457,,3000,10000,1500,,34355
90458,,,20000,,,456461
90459,,,3000,1500,,34745
90462,,,,1500,,456535
90463,,,,1500,,456550
90464,,,,1500,,456551
90465,,,,1500,,456552
90466,,,,1500,,456553
90467,,,,1500,,456554
90468,,,,1500,,456555
90469,,,,1500,,456556
90470,,,,1500,,456557
90471,,,,1500,,456558
90472,,,,1500,,456559
90473,,,,1500,,456560
90474,,,,1500,,456561
90479,,,3600000,,,456572
90480,,,,1500,,456584
90481,,,,1500,,456585
90482,,,,1500,,456586
90483,,,,1500,,456587
90484,,,,1500,,456595
90485,,,2000,1500,,15284
90486,,,20000,,,8599
90487,,3000,,,,456627
90489,,1500,,1500,,456640
90490,,,5000,,,429799
90491,,3000,,,,456714
90493,,,4000,1500,,9672
90495,,3000,12000,1500,,20299
90496,,3000,10000,1500,,17741
90497,,,2000,1500,,44639
90498,,,2000,1500,,21987
90499,,,20000,,,36967
90500,,3000,10000,1500,,47168
90501,,3000,11000,1500,,11428
90502,,3000,12000,1500,,11962
90503,,,10000,,,456800
90504,,,5000,,,456801
90505,,3000,10000,,,14875
90506,,3000,20000,1500,,27577
90507,,3000,10000,1500,,13737
90508,,3000,20000,1500,,22691
90509,,3000,10000,1500,,9080
90510,,3000,20000,1500,,19134
90511,,,5000,,,456807
90512,,3000,12000,1500,,17843
90513,,7000,,,,456780
90514,,8000,,,,456788
90517,,,3000,1500,,456851
90519,,10000,,,,456856
90521,,,1000,1500,,15657
90522,,3000,10000,1500,,36033
90523,,3000,10000,1500,,12540
90524,,3000,13000,1500,,12491
90525,,,2000,1500,,21401
90526,,3000,20000,1500,,8376
90527,,3000,10000,1500,,15063
90528,,3000,12000,1500,,13323
90529,,20000,,,,456731
90530,,20000,,,,456755
90531,,20000,,,,456753
90532,,20000,,,,456763
90533,,20000,,,,456833
90534,,,,1500,,456957
90535,,,,1500,,456958
90536,,,,1500,,456959
90537,,,,1500,,456960
90538,,,,1500,,456962
90539,,,,1500,,456963
90540,,,1000,,,456964
90541,,,,1500,,456965
90542,,,,1500,,456966
90543,,,,1500,,456967
90544,,,,1500,,456969
90545,,,,1500,,456970
90546,,,,1500,,456971
90547,,,,1500,,456972
90548,,8000,,,,438274
90549,,,1000,,,456974
90550,,,,1500,,456979
90551,,,,1500,,456980
90552,,,,1500,,456981
90553,,,,1500,,456982
90554,,,,1500,,456983
90555,,,,1500,,456984
90556,,,,1500,,456987
90557,,,,1500,,456988
90558,,,,1500,,456989
90559,,,,1500,,456990
90560,,,,1500,,456991
90561,,,,1500,,456993
90562,,,,1500,,456994
90563,,,,1500,,456995
90564,,,,1500,,456996
90565,,,,1500,,456997
90566,,,,1500,,456998
90567,,,,1500,,456999
90568,,,,1500,,457001
90569,,,,1500,,457002
90570,,,,1500,,457003
90571,,,,1500,,457004
90572,,,,1500,,457005
90573,,,,1500,,457006
90574,,,,1500,,457007
90575,,,,1500,,457008
90581,,,,180000,,457283
90582,,,,180000,,457285
90583,,,,180000,,457302
90584,,,,1000,,457304
90586,,,6000,,,457306
90588,,3000,13000,1500,,457334
90589,,3000,,,,457336
90590,,2000,,,,457321
90591,,,,1500,,457399
90592,,1500,3000,,,457424
90593,,5000,,,,457350
90595,,,5000,,,441831
90596,,,5000,,,441832
90597,,,5000,,,441833
90598,,,5000,,,441834
90600,,,,1000,,457481
90601,,,,180000,,457487
90604,,30000,,,,457550
90605,,30000,,,,457551
90607,,,,2000,,457570
90609,,3000,12000,1500,,37132
90611,,5000,,,,457649
90612,,,4000,,,457660
90613,,30000,,,,456497
90614,,,500,,,457715
90615,,,500,,,457717
90616,,,500,,,457718
90617,,,500,,,457719
90618,,,500,,,457720
90619,,,500,,,457721
90620,,,500,,,457722
90621,,,500,,,457723
90622,,,500,,,457724
90623,,,500,,,457725
90624,,,500,,,457726
90625,,,25000,1500,,457730
90626,,,300000,,,457733
90628,,,5000,,,457875
90629,,,45000,,,454817
90634,,,4000,1000,,457148
90635,,,,1500,,457977
90636,,15000,,,,457982
90637,,,10000,,,457991
90638,,,1500,,,458000
90639,,,6000,1500,,458011
90640,,,,1500,,458028
90641,,,,1500,,458035
90642,,,12000,,,458044
90643,,,1000,,,458051
90644,,,,1500,,458055
90648,,6000,,,,458104
90649,,300000,,,,457757
90650,,300000,,,,457737
90651,,3600000,3600000,,,457916
90652,,3600000,3600000,,,457800
90653,,3600000,3600000,,,457926
90654,,4000,,,,458108
90655,,2000,,,,446862
90656,,1000,,,,446831
90658,,,,1500,,458128
90659,,,120000,,,458132
90661,,500,1000,,,458142
90664,,,,1500,,458162
90666,,,60000,,,458194
90669,,2000,,,,458161
90670,,8000,,,,458193
90671,,17000,,,,458256
90674,,,,1500,,43265
90675,,,,1500,,458302
90678,,2000,,,,458278
90680,,,1000,,,458360
90681,,,1000,,,437885
90682,,6000,,,,458369
90685,,2000,,,,458416
90686,,3000,12000,1500,,458425
90687,,,,1000,,458432
90688,,2000,,,,458406
90689,,2000,,,,458430
90691,,,10000,,,458453
90692,,30000,,,,458462
90693,,30000,,,,458467
90694,,30000,,,,458472
90695,,,,1000,,458477
90698,,,,1500,,458487
90699,,,5000,,,439137
90700,,,14000,1000,,458576
90701,,,,1000,,458578
90702,,,800,,,458584
90703,,,8000,,,458585
90704,,,,1000,,458588
90705,,,3000,1000,,458589
90706,,,6000,1000,,458594
90708,,,2000,1500,,458601
90709,,,90000,,,458604
90710,,,35000,1500,,458605
90713,,,,1500,,458637
90714,,,,1500,,458643
90715,,,10000,,,458644
90716,,,3000,,,458645
90717,,,3000,,,458655
90718,,5000,,,,458670
90719,,4000,,,,458672
90720,,3000,,,,458676
90721,,,,1000,,458681
90723,,,,1000,,458690
90724,,,,1500,,458697
90725,,,,1500,,458698
90726,,,,1500,,458699
90727,,,,1000,,458719
90728,,,,1000,,458722
90729,,,,1000,,458726
90730,,,,1000,,458728
90731,,,,1000,,458729
90732,,,,1000,,458731
90733,,,,1000,,458733
90734,,,,1000,,458734
90735,,,5000,,,458737
90736,,,,1000,,458738
90741,,,3000,,,458772
90743,,,1000,1500,,47774
90744,,3000,20000,1500,,21049
90745,,3000,10000,1500,,38682
90746,,3000,11000,1500,,30481
90747,,3000,12000,1500,,38618
90748,,3000,20000,1500,,31403
90749,,,1000,1500,,56920
90750,,3000,13000,1500,,12737
90751,,,,1500,,47773
90752,,,,1500,,56937
90753,,,,2000,,458846
90754,,3000,,,,458850
90755,,,3500,,,458852
90756,,,,1500,,458855
90758,,,5000,,,458865
90759,,3000,,,,458867
90760,,3000,,,,458853
90761,,6000,,,,458873
90762,,3000,22000,1500,,458879
90764,,,6000,1500,,15790
90765,,3000,13000,1500,,11981
90766,,3000,10000,1500,,57050
90767,,,,1500,,57054
90768,,3000,20000,1500,,50994
90769,,,2000,,,458901
90770,,3000,20000,1500,,34971
90771,,,1000,,,139699
90772,,,1000,,,139709
90773,,,1000,,,139700
90774,,,1000,,,139705
90775,,,1000,,,139708
90776,,,1000,,,139704
90777,,,1000,,,140242
90778,,,1000,,,139706
90779,,,1000,,,139703
90780,,,1000,,,139711
90781,,,1000,,,139701
90782,,,1000,,,139702
90783,,,1000,,,139710
90784,,,2000,,,458958
90785,,,1500,,,458962
90788,,10000,10000,,,459018
90789,,25000,,1500,,445598
90790,,3000,,,,459022
90792,,25000,,1500,,459027
90793,,25000,,1500,,459032
90794,,25000,,1500,,459037
90795,,10000,10000,,,459078
90797,,3000,22000,1500,,55633
90798,,,1000,1500,,15580
90799,,,30000,1500,,459211
90800,,,1000,1500,,15496
90804,,,2000,,,459233
90807,,,60000,,,61369
90808,,,6000,1500,,52778
90809,,,1000,1500,,16856
90810,,3000,10000,1500,,12555
90811,,3000,10000,1500,,36096
90813,,3000,10000,1500,,32315
90815,,,120000,,,459447
90816,,,86400000,,,459511
90817,,,3600000,,,459531
90818,,10000,,1000,,459556
90819,,10000,,1000,,459562
90820,,10000,,1000,,459566
90821,,10000,,1000,,459569
90822,,,5000,1500,,459577
90823,,,2000,,,459656
90824,,,15000,1500,,459691
90825,,,,1500,,414338
90827,,,1000,,,459749
90828,,,1000,,,459750
90829,,,30000,1500,,459751
90830,,,1000,,,459752
90831,,,30000,1500,,459753
90832,,,1000,,,459765
90833,,,1000,,,459766
90834,,,1000,,,459767
90835,,,15000,,,448309
90836,,,20000,1500,,459796
90838,,,10000,1500,,459812
90839,,,10000,1500,,459815
90840,,,10000,1500,,459816
90841,,,10000,1500,,459817
90842,,,1000,,,459810
90843,,,1000,,,459821
90845,,,3000,1000,,459838
90846,,,,1500,,459842
90848,,,,1000,,459885
90849,,,,1000,,459886
90850,,,,1000,,459887
90851,,,,1000,,459888
90852,,,,1000,,459889
90853,,,,1000,,459890
90854,,,,1000,,459891
90855,,,,1000,,459892
90856,,,,1000,,459893
90857,,,,1000,,459894
90858,,,,1000,,459895
90859,,,,1000,,459896
90860,,,,1000,,459897
90861,,,,1000,,459898
90862,,,,1000,,459899
90863,,,,1000,,459900
90864,,,,1000,,459901
90865,,,,1000,,459902
90866,,,,1000,,459903
90867,,,,1000,,459904
90868,,,,1000,,459905
90869,,,,1000,,459906
90870,,,,1000,,459907
90871,,,,1000,,459908
90872,,,,1000,,459909
90873,,,,1000,,459910
90874,,,,1000,,459911
90875,,,,1000,,459912
90876,,,,1000,,459913
90877,,,,1000,,459914
90878,,,,1000,,459915
90879,,,,1000,,459916
90880,,,,1000,,459917
90881,,,1000,,,459926
90882,,,1000,,,459825
90884,,,2000,,,459951
90888,,1000,1000,,,440725
90892,,,,1000,,460002
90893,,,,1000,,460003
90894,,,,3000,,460020
90895,,,,1000,,460023
90901,,3000,,,,460070
90902,,300000,,,,460074
90904,,,10000,,,460095
90905,,,10000,,,460096
90906,,3000,,,,460102
90907,,,10000,1500,,460104
90909,,,2000,,,460109
90912,,,10000,,,460113
90913,,,10000,,,460114
90914,,,10000,,,460115
90915,,,2000,,,460128
90918,,,,1500,,264735
90919,,,10000,,,460148
90920,,,10000,,,460149
90921,,,10000,,,460154
90922,,,10000,,,460155
90923,,,10000,,,460167
90924,,,10000,,,460168
90925,,,10000,,,460169
90928,,,2000,,,460192
90930,,,1000,,,460226
90931,,,1000,,,460227
90932,,,,1000,,460234
90933,,,60000,,,460239
90934,,,,1000,,460240
90935,,,2000,,,460241
90937,,,,1000,,460258
90943,,,30000,1500,,460306
90947,,,,1500,,460392
90948,,,,1500,,460396
90950,,,10000,,,460244
90952,,,10000,,,460410
90953,,,10000,,,460411
90954,,,5100,,,447989
90955,,,5000,1500,,460436
90956,,,,1500,,460438
90957,,,,1500,,460439
90958,,,10000,,,460441
90959,,,,1400,,460443
90960,,,2000,,,460445
90962,,,600000,,,452311
90967,,,1500,,,460468
90968,,20000,90000,1000,,460469
90970,,60000,,1500,,460482
90971,,,3000,,,460484
90976,,,10000,,,460526
90977,,,10000,,,460530
90978,,,10000,,,460532
90979,,,10000,,,460539
90980,,,10000,,,460542
90982,,,10000,,,460548
90983,,,10000,,,460549
90984,,,2000,,,460550
90985,,,10000,,,460558
90986,,,10000,,,460559
90988,,,10000,,,460564
90989,,,10000,,,460565
90991,,,10000,,,460572
90992,,,10000,,,460573
90993,,,10000,,,460574
90994,,,10000,,,460580
90995,,,10000,,,460581
90996,,,10000,,,460588
90997,,,10000,,,460589
91002,,,10000,,,460610
91003,,,10000,,,460627
91004,,,10000,,,460628
91005,,,10000,,,460645
91006,,,10000,,,460646
91007,,,10000,,,460647
91008,,,1000,,,460648
91016,,1500,,,,460668
91017,,,10000,,,460680
91018,,,10000,,,460681
91020,,,10000,,,460695
91025,,,10000,,,460701
91026,,,10000,,,460704
91027,,,10000,,,460708
91028,,,10000,,,460709
91029,,,10000,,,460711
91030,,,10000,,,460712
91031,,,10000,,,460713
91032,,,10000,,,460715
91033,,,10000,,,460716
91034,,,10000,,,460717
91035,,,10000,,,460722
91036,,,10000,,,460723
91037,,,10000,,,460729
91038,,,10000,,,460730
91043,,,3000,,,460832
91044,,,3000,,,460834
91046,,,8000,,,457871
91047,,,3000,,,457345
91051,,14400000,,,,460905
91052,,25000,,,,460909
91053,,,3000,1500,,460969
91054,,3000,12000,1500,,460976
91055,,3000,12000,1500,,460977
91056,,,10000,,,460979
91057,,,10000,,,460980
91058,,,10000,,,460982
91059,,,10000,,,460983
91060,,,3000,,,460991
91061,,,10000,,,460997
91062,,,10000,,,460999
91063,,,10000,,,461003
91064,,,10000,,,461004
91065,,,10000,,,461009
91066,,,10000,,,461010
91068,,,30000,,,461023
91069,,,30000,,,461025
91070,,,15000,,,461018
91071,,,90000,1500,,461039
91080,,,15000,,,461089
91082,,,10000,,,461095
91091,,,60000,1500,,435162
91094,,,300000,,,461202
91098,,,15000,,,461264
91108,,,100,1500,,461404
91109,,,,15000,,449455
91111,,,6000,,,461431
91112,,,,1500,,156322
91115,,,1000,,,461440
91116,,,2000,,,461442
91117,,,,1500,,434506
91119,,,1000,,,461451
91121,,,,1500,,461489
91126,,,,1500,,461526
91127,,,,1500,,461528
91128,,,,1500,,461530
91129,,,,1500,,461532
91130,,,,1500,,461534
91132,,,,1500,,461537
91134,,,,1500,,461540
91135,,,,1500,,461541
91137,,,10000,,,461557
91138,,,10000,,,461558
91139,,,10000,,,461559
91140,,,10000,,,461560
91141,,,10000,,,461562
91142,,,10000,,,461563
91145,,,10000,,,461592
91146,,,10000,,,461593
91147,,,10000,,,461597
91149,,,10000,,,461599
91154,,600000,600000,1500,,461621
91155,,600000,600000,1500,,461622
91156,,600000,,1500,,461623
91167,,30000,90000,,,449946
91172,,,4000,,,433285
91178,,3000,,1000,,461883
91180,,5000,,1000,,461915
91182,,5000,,1000,,461954
91183,,5000,,1000,,461955
91186,,,1500,,,461967
91188,,1000,,,,462023
91190,,,60000,1500,,462031
91191,,3000,10000,1500,,14516
91192,,,60000,,,462056
91193,,,60000,,,462120
91195,,,,1500,,462136
91196,,,,1000,,462138
91197,,,,1000,,462140
91198,,,,1000,,462141
91199,,,,1000,,462142
91200,,,,1000,,462143
91201,,,,1000,,462144
91202,,,7200000,,,462145
91203,,,,1000,,462146
91204,,,,500,,462147
91205,,,,500,,462152
91206,,,5000,,,462157
91207,,,,1500,,462168
91208,,,,180000,,462211
91209,,,,180000,,462212
91210,,,,180000,,462213
91212,,,,1000,,462239
91213,,,,1000,,462240
91214,,,,1000,,462241
91215,,,,1000,,462242
91216,,,,1000,,462243
91217,,,,1000,,462244
91220,,,,1000,,462247
91221,,,,1000,,462248
91222,,3000,10000,1500,,13738
91223,,,,1500,,13444
91224,,,,500,,462309
91225,,,,500,,462336
91226,,,,500,,462338
91228,,,5000,,,462350
91230,,3000,10000,1500,,29426
91231,,3000,10000,1500,,32588
91232,,,1000,,,462405
91233,,3000,10000,1500,,38621
91234,,,1000,,,462412
91235,,,3000,1500,,54983
91236,2,3000,10000,1500,,18670
91237,,3000,11000,1500,,18670
91238,,3000,11000,1500,,49722
91240,,20000,120000,,,91308
91241,,,2000,1500,,59397
91242,,,900000,,,452929
91243,,6000,,1500,,462430
91244,,1000,,,,462431
91245,,3000,12000,1500,,16172
91246,,20000,120000,,,92099
91247,,,2000,,,437681
91249,,,100,,,462499
91253,,,,1500,,462603
91254,,,,1500,,462620
91258,,6000,,,,451843
91261,,4000,,,,445457
91262,,,10,,,462672
91263,,,10,,,462676
91264,,3000,15000,1500,,462686
91287,,,,1500,,414103
91288,,,,1500,,419127
91289,,,10,,,462749
91291,,,,1000,,462757
91293,,60000,,,,380168
91294,,,5000,,,460615
91295,,,5000,,,462790
91296,,,5000,,,446857
91298,,,,1500,,462854
91302,,,300000,,,462901
91303,,,,1000,,462902
91304,,,,1000,,462903
91305,,,,1000,,462904
91306,,,,1000,,462905
91307,,,,1000,,462906
91308,,,,1000,,462907
91309,,,,1000,,462908
91310,,,,1000,,462909
91311,,,,1000,,462910
91312,,,,1000,,462911
91313,,,,1000,,462912
91314,,,,1000,,462913
91315,,,,1000,,462914
91316,,,,1000,,462915
91317,,,,1000,,462916
91318,,,,1000,,462917
91322,,,3600000,,,462934
91324,,,3600000,,,462924
91325,,,3600000,,,462683
91326,,,7200000,,,462768
91327,,,,1500,,462942
91329,,2000,,,,462974
91330,,,,1000,,462992
91331,,,10,,,463016
91332,,,10,,,463019
91333,,,10,,,463020
91334,,,10,,,463023
91338,,,1000,,,463043
91339,,,500,,,463076
91341,,,,1500,,463079
91342,,,500,,,463089
91343,,,1000,,,463134
91344,,,5000,,,463137
91345,,,5000,,,463139
91346,,,1000,,,463142
91348,,,30000,,,463155
91349,,,5000,,,463159
91350,,,5000,,,463160
91351,,,1500,,,463161
91352,,,1500,,,463164
91353,,,,1500,,433720
91354,,,,1500,,432647
91355,,,10000,,,463189
91356,,,,1500,,463198
91357,,,,1000,,463199
91358,,,,1000,,463200
91359,,,,1000,,463201
91360,,,,1000,,463202
91361,,,,1000,,463203
91362,,,1000,,,463196
91363,,,,1000,,463204
91364,,,,1000,,463205
91365,,,1000,,,463230
91366,,,,1500,,433424
91367,,,1000,,,463245
91371,,,1000,,,463261
91373,,,,2000,,462947
91380,,,10000,,,463299
91381,,20000,180000,,,463301
91382,,,,1000,,463303
91386,,,1000,,,463339
91387,,,5000,,,463350
91388,,,,1500,,463351
91392,,,5000,,,461800
91393,,,,1500,,463481
91394,,,,1500,,463493
91395,,,,1500,,463497
91396,,,,1500,,463498
91397,,,,1500,,463509
91398,,,,1500,,463510
91400,,,1000,,,451106
91401,,,1000,,,454755
91402,,,1000,,,454758
91403,,,1000,,,454752
91404,,,1000,,,454754
91405,,,1000,,,454757
91406,,,1000,,,450647
91407,,,1000,,,454759
91408,,,1000,,,454753
91409,,,1000,,,454761
91410,,,1000,,,454010
91411,,,1000,,,454760
91412,,,1000,,,439757
91413,,,1000,,,452956
91414,,,1000,,,452957
91415,,,1000,,,452958
91416,,,1000,,,452959
91417,,,1000,,,452960
91418,,,1000,,,452961
91419,,,1000,,,452962
91420,,,1000,,,454516
91421,,,1000,,,454517
91422,,,1000,,,454518
91423,,,1000,,,451111
91424,,,1000,,,451110
91425,,,1000,,,451108
91426,,,1000,,,451082
91427,,,1000,,,451109
91428,,,1000,,,451105
91429,,,1000,,,451103
91430,,,1000,,,451244
91431,,,2000,1000,,463533
91432,,,,250,,463549
91433,,,,1000,,463616
91436,,12000,,,,463623
91437,,,,1500,,463637
91438,,,1000,,,463654
91439,,,1000,,,463681
91440,,,1000,,,463697
91441,,,,250,,463707
91442,,,,250,,463708
91443,,,,250,,463709
91444,,,,250,,463710
91445,,,,250,,463711
91446,,,,250,,463712
91447,,,,250,,463713
91448,,,,250,,463714
91449,,,,250,,463715
91450,,,2000,,,463728
91451,,,,1500,,463749
91452,,,2000,,,463752
91453,,60000,60000,,,6262
91455,,,5000,,,463780
91456,,,,1500,,463814
91457,,,,1500,,463817
91458,,,,1500,,463818
91462,,3000,12000,1500,,463905
91464,,2000,,,,462973
91465,,,2000,,,463940
91466,,,60000,1500,,463942
91467,,,15000,,,463947
91468,,,5000,1500,,463949
91469,,,2000,,,463954
91470,,10000,10000,,,463978
91471,,10000,10000,,,463987
91472,,,10000,,,443300
91473,,,10000,,,463988
91474,,,3000,,,463992
91475,,10000,10000,,,464027
91476,,10000,10000,,,464035
91477,,,60000,,,464061
91478,,5000,,,,451102
91479,,5000,,,,451117
91481,,,,1500,,464082
91482,,,5000,1500,,464106
91483,,,,1000,,464083
91487,,1000,,,,457276
91489,,,2000,,,464189
91490,,,2000,,,464191
91491,,,2000,,,464194
91492,,,1000,,,464196
91493,,,1000,,,448114
91494,,,1000,,,448112
91495,,,1000,,,448108
91496,,,,1500,,464205
91497,,,1000,,,448117
91499,,28800000,,1500,,464256
91501,,3600000,,,,464459
91502,,,1000,,,464466
91504,,,,1500,,464503
91508,,,1700,,,431260
91509,,,1700,,,433210
91510,,,1700,,,431261
91511,,,1700,,,431262
91512,,,1700,,,431257
91513,,,1700,,,436915
91514,,,1700,,,436914
91515,,,1700,,,436912
91516,,,30000,1500,,464619
91517,,,1000,,,464625
91518,,,,1500,,464634
91519,,5000,,,,464507
91520,,6000,,,,464525
91521,,6000,,,,464563
91522,,,1000,,,464651
91523,,,,1500,,464659
91524,,,1000,,,464689
91525,,,,1500,,464725
91526,,,,1500,,464726
91527,,,,1500,,464727
91529,,3600000,,,,464740
91530,,,15000,,,464741
91532,,2000,,,,464757
91533,,6000,,,,464761
91534,,,,1500,,464808
91536,,,,1500,,464852
91537,,,,1500,,464872
91538,,,20000,1500,,464874
91541,,,1000,,,464882
91542,,,,1000,,464883
91543,,,,1500,,464886
91544,,,,1500,,464895
91545,,,10000,1500,,464903
91547,,,,1500,,464915
91548,,,120000,1500,,464920
91554,,,,2000,,463837
91556,,,,2000,,463822
91557,,,,2000,,463823
91558,,,,2000,,463820
91559,,12000,,2000,,463847
91564,,,1000,,,464958
91565,,,,250,,464985
91566,,,,250,,464987
91567,,,1000,,,465001
91568,,,3000,,,465005
91569,,,1000,,,465088
91570,,,1000,,,465090
91571,,,1000,,,465092
91572,,,60000,,,419452
91573,,,1000,,,463924
91574,,,1000,,,465132
91575,,,1000,,,465135
91576,,,1000,,,465141
91577,,,1000,,,465146
91578,,1000,5000,,,465153
91581,,,,1500,,465086
91583,,,10000,1500,,465089
91584,,,,1000,,465183
91585,,14400000,,,,465226
91586,,3000,25000,1500,,465225
91587,,3000,45000,1500,,465099
91589,,,8000,1500,,465275
91590,,,3000,,,465340
91595,,,120000,,,465386
91597,,5000,,,,465464
91598,,,1000,,,465465
91601,,3000,12000,1500,,465529
91602,,3000,,,,465607
91603,,3000,,,,465609
91604,,3000,13000,1500,,465615
91606,,,10000,,,465635
91607,,,10000,,,465636
91608,,,,1500,,465644
91609,,,,1500,,465645
91610,,,,1500,,465646
91612,,,2000,,,465656
91613,,,3000,1500,,464367
91615,,,1000,1000,,465701
91616,,,,1500,,464344
91618,,3000,10000,1500,,464348
91619,,5000,,,,465718
91620,,,1500,,,465733
91621,,,,1500,,464361
91622,,3000,6000,1500,,464333
91623,,3000,,1500,,465652
91624,,,7000,1500,,464337
91626,,3000,10000,1500,,464353
91629,,,,1500,,464363
91630,,3000,20000,1500,,464340
91631,,,60000,1500,,465780
91632,,,60000,1500,,465781
91633,,3000,15000,1500,,464359
91634,,3000,15000,1500,,464358
91635,,,,1500,,464331
91637,,,,1500,,464334
91638,,3000,15000,1500,,464347
91639,,1500,,,,465801
91640,,3000,12000,1500,,465805
91642,,1500,,,,465824
91643,,1500,,,,465826
91644,,3000,13000,1500,,465828
91645,,,2000,,,465846
91646,,,2000,,,465858
91647,,,2000,,,465864
91648,,3000,,,,455305
91649,,1000,,,,450492
91651,,1000,,,,450519
91653,,6000,,,,450872
91655,,1000,,,,451782
91656,,1000,,,,450676
91657,,3600000,,,,465876
91658,,3000,12000,1500,,465881
91659,,,1000,,,465889
91660,,5000,,,,451589
91661,,,10000,,,465894
91662,,,1000,,,465901
91664,,90000,90000,1500,,465996
91665,,,,1500,,466063
91667,,2000,,,,466067
91669,,,,1500,,466086
91670,,,8000,1500,,466096
91672,,,2000,1500,,466103
91673,,3000,15000,1500,,466107
91675,,,3000,1500,,466109
91676,,,10000,1500,,466111
91681,,,500,,,466251
91682,,,10,,,453167
91683,,,10000,1500,,466254
91684,,3000,10000,1500,,466265
91685,,,6000,1500,,464417
91686,,,,1500,,434635
91688,,90000,,,,466391
91689,,,,1500,,466392
91691,,,1000,,,466442
91693,,,1000,,,465888
91694,,,30000,,,466453
91695,,,180000,1500,,466524
91696,,,3000,,,466534
91698,,,,1500,,466575
91699,,,,1500,,466576
91701,,1500,,,,466588
91703,,20000,90000,,,466652
91705,,,30000,,,466673
91706,,20000,90000,,,466681
91711,,20000,90000,,,466810
91717,,,30000,1500,,466721
91718,,,,3000,,466868
91719,,,20000,,,466901
91720,,,360000,,,466904
91721,,,10000,,,466900
91722,,,5000,,,466898
91723,,,500,,,466897
91724,,,12000,,,466907
91727,,,3000,,,466928
91728,,,,1500,,466930
91729,,,2000,,,466936
91730,,,2000,,,463829
91731,,,,1500,,466963
91732,,,,1500,,466964
91733,,,,1500,,466965
91734,,,,1500,,466966
91735,,,,1500,,466967
91736,,,,1500,,466968
91737,,,,1500,,466969
91738,,,,1500,,466970
91739,,,,1500,,466971
91740,,,,1500,,466972
91743,,,15000,,,466882
91744,,,,1000,,467059
91746,,,1000,,,467128
91747,,,1000,,,467131
91748,,,500,,,467133
91749,,,60000,1500,,465777
91750,,,1000,,,465654
91751,,,8000,1500,,465093
91752,,,25000,1500,,465065
91755,,,9000,,,467222
91756,,2000,,,,467223
91757,,13000,,,,467210
91758,,,15000,,,467233
91759,,1500,,,,467236
91760,,1500,,,,467238
91763,,,3600000,,,467285
91764,,,12000,,,467294
91766,,,10000,,,467303
91767,,,,1500,,467307
91770,,3600000,,,,467377
91771,,3600000,,,,467392
91772,,,,1000,,458201
91773,,30000,,,,467395
91775,,,1500,,,467429
91776,,,1000,,,467453
91777,,,1000,,,467471
91778,,,1000,,,467472
91779,,,1000,,,467473
91780,,,1000,,,467474
91781,,,1000,,,467475
91782,,,1000,,,467476
91783,,,1000,,,467477
91784,,,1000,,,467478
91785,,,1000,,,467479
91789,,,30000,,,467516
91790,,,20000,,,467485
91791,,28800000,,1500,,467546
91792,,28800000,,1500,,467553
91793,,28800000,,1500,,467555
91795,,3000,10000,1500,,467709
91796,,3000,12000,1500,,467717
91798,,,3600000,,,467730
91799,,,10000,,,467039
91800,,3000,15000,1500,,467750
91801,,3000,15000,1500,,467415
91803,,3000,60000,1500,,467758
91804,,3000,20000,1500,,467771
91805,,3000,15000,1500,,467773
91806,,,,1500,,467798
91808,,,300000,,,465643
91813,,3000,10000,1500,,467890
91814,,3000,20000,1500,,467919
91815,,,,1500,,467923
91818,,3000,16000,1500,,467921
91819,,3000,16000,1500,,467935
91820,,,3600000,,,467987
91821,,,,1000,,468009
91822,,1500,,,,468040
91823,,1500,,,,468045
91824,,,3000,,,468060
91825,,,5000,1500,,468063
91831,,,10000,,,468130
91840,,1500,,,,468148
91841,,1500,,,,468151
91842,,1500,,,,468153
91843,,1500,,,,468158
91845,,,,1500,,468186
91848,,,32000,1500,,467926
91849,,,,1500,,468228
91852,,,30000,,,468290
91853,,,,1500,,442294
91854,,,30000,,,468296
91855,,,,1500,,468317
91856,,,8000,,,468333
91857,,,8000,,,468334
91858,,,8000,,,468335
91859,,,,1500,,468338
91863,,,10000,1500,,468566
91864,,,,1500,,468569
91866,,,200,,,439985
91868,,,15000,1500,,468578
91871,,,1000,,,468582
91872,,3000,10000,1500,,468583
91873,,3000,13000,1500,,468587
91874,,,,1500,,468605
91875,,,,1500,,468655
91876,,,8000,,,468657
91877,,,1500,,,468666
91878,,,30000,,,468682
91879,,,1000,,,468683
91880,,,1000,,,468684
91881,,,1000,,,468685
91882,,,1000,,,468686
91883,,,1000,,,468705
91884,,,8000,,,468709
91885,,,8000,,,468711
91886,,,10000,,,468742
91888,,,1500,,,438324
91889,,,1000,,,468756
91890,,,,1500,,468757
91896,,,,1500,,468849
91897,,,6000,,,468853
91898,,,,1000,,468867
91899,,,,1000,,468869
91900,,,,1000,,468881
91901,,,,1000,,468885
91902,,,,1000,,468887
91903,,,8000,,,468910
91904,,,1000,,,468914
91905,,,8000,,,468921
91906,,,8000,,,468922
91907,,,1000,,,468923
91908,,,1000,,,468930
91912,,,,1000,,468985
91913,,,5000,1500,,468988
91914,,,,1000,,468994
91915,,1500,,,,469002
91921,,,10000,,,469095
91922,,,3000,,,467864
91923,,,3000,,,467859
91924,,,15000,,,469098
91932,,,4000,,,469242
91933,,,6000,,,469243
91934,,,3000,,,469256
91935,,,1000,,,469280
91936,,,1000,,,469281
91937,,3000,12000,1500,,469318
91943,,,1000,,,194223
91944,,,1000,,,102560
91947,,,1000,,,469485
91949,,3000,16000,1500,,469564
91950,,30000,,,,469589
91951,,,600000,,,469612
91952,,,600000,,,469613
91953,,,600000,,,469614
91954,,,600000,,,469615
91955,,,600000,,,469616
91956,,,600000,,,469617
91957,,,600000,,,469618
91958,,,600000,,,469619
91960,,3000,20000,1500,,469628
91962,,8000,,,,468942
91963,,8000,,,,468579
91965,,3000,20000,1500,,469636
91966,,,8000,,,469649
91968,,,10000,,,469707
91970,,,1500,,,469810
91971,,,10000,,,469820
91972,,,120000,,,469813
91973,,,500,,,469853
91974,,,500,,,469854
91975,,,1000,,,469859
91976,,10000,,,,469074
91977,,10000,,,,469031
91978,,25000,,,,469099
91980,,,1000,,,469904
91981,,,1000,,,469905
91982,,,1000,,,469906
91983,,,1000,,,469907
91984,,,1000,,,469908
91985,,,1000,,,469909
91986,,,1000,,,469910
91987,,,1000,,,469911
91988,,,1000,,,469912
91989,,,1000,,,469913
91990,,,1000,,,469914
91991,,,1000,,,464517
91992,,,300000,,,469930
91993,,,,1500,,469991
91995,,,60000,,,470006
91996,,,10000,1500,,470057
91997,,,50000,1500,,470014
91998,,,1000,,,461907
91999,,,1000,,,464948
92001,,,3000,,,470113
92002,,3000,12000,1500,,470116
92003,,,3000,,,470121
92004,,,3000,,,470134
92005,,3000,18000,1500,,470137
92006,,,,1500,,470194
92007,,,1000,,,464379
92008,,120000,,,,470200
92009,,120000,,,,470209
92011,,,115000,,,470234
92013,,3000,,,,470047
92014,,3000,,,,470241
92017,,20000,120000,,,470286
92018,,,1000,,,470291
92019,,,1000,,,470292
92020,,,1000,,,470293
92021,,3000,10000,1500,,470303
92022,,3000,14000,1500,,470308
92023,,1000,5000,,,470319
92024,,3000,8000,1500,,470335
92029,,,60000,1500,,470164
92030,,3000,15000,1500,,470366
92032,,1000,1000,1000,,461063
92034,,3000,12000,1500,,470388
92037,,,6000,1500,,470411
92040,,3000,,,,470383
92041,,,3000,,,452010
92042,,,5000,,,470468
92044,,,1000,,,470489
92048,,12000,18000,1500,,470515
92052,,,6000,,,470564
92053,,3000,22000,1500,,470592
92055,,3000,12000,1500,,470612
92057,,,30000,,,470640
92058,,,180000,20000,,470645
92059,,3000,,1500,,470649
92060,,,90000,,,470673
92062,,,10000,,,470705
92063,,3000,16000,1500,,470723
92064,,3000,20000,1500,,470727
92065,,,,1000,,470728
92066,,,,1000,,470729
92067,,,,1000,,470730
92068,,,,1000,,470731
92069,,,,1000,,470732
92070,,,,1000,,470733
92071,,,,1000,,470735
92072,,,,1000,,470736
92073,,,,1000,,470737
92074,,,,1000,,470738
92075,,,,1000,,470739
92078,,,,1500,,470790
92079,,,,1500,,470791
92080,,,55000,1500,,470609
92081,,,40000,1500,,470605
92082,,,,1500,,465079
92083,,,,1500,,465077
92084,,,25000,1500,,465066
92085,,,6000,,,470808
92086,,1500,,,,470821
92087,,,75000,,,470664
92088,,,5000,,,470815
92089,,8000,14000,1500,,470826
92090,,3000,30000,1500,,470831
92092,,9000,16000,1500,,470845
92093,,,5000,,,470855
92094,,20000,120000,,,469925
92095,,,,1500,,470864
92097,,,30000,,,470904
92098,,,,1500,,470914
92100,,8000,,,,470973
92101,,,1000,,,470977
92102,,20000,120000,,,471059
92104,,,1000,,,471061
92107,,4000,,,,450128
92108,,8000,,,,450142
92109,,4000,,,,450330
92112,,,,1500,,471121
92114,,,900000,,,471129
92116,,3000,,,,470593
92118,,20000,120000,,,471142
92121,,,30000,,,471161
92122,,,10000,,,471172
92123,,,5000,,,471140
92124,,,600000,,,471195
92125,,20000,20000,,,471212
92126,,20000,90000,1000,,471214
92127,,,,1500,,471236
92128,,,,1500,,471246
92130,,,5000,,,471229
92131,,,1000,,,471344
92133,,,120000,,,471383
92135,,,10000,,,471460
92136,,3000,45000,1500,,471465
92137,,,3000,,,471448
92138,,,,1500,,471479
92139,,,1000,,,444347
92142,,,30000,,,471518
92144,,,10000,,,471522
92147,,,3000,,,455905
92148,,,4000,,,459442
92149,,3000,13000,1500,,471573
92150,,3000,20000,1500,,417517
92151,,,,1500,,471575
92152,,,,1500,,471576
92153,,,,1500,,471577
92155,,,,1500,,466068
92156,,,10000,1500,,471647
92157,,,3000,,,471664
92159,,,8000,,,471681
92160,,,,1500,,471689
92161,,,,1500,,471703
92162,,,,1000,,471717
92163,,,,1500,,471722
92164,,,,1500,,471726
92165,,,,1500,,471727
92166,,,,1500,,471728
92167,,,,1500,,471729
92168,,,,1500,,471731
92169,,,,1500,,471751
92170,,,2000,,,457914
92171,,,5000,,,471755
92172,,,,1500,,471798
92173,,,1000,,,471889
92174,,,1000,,,471905
92175,,,3000,,,471926
92176,,,3000,,,471915
92177,,,16000,,,471998
92180,,4000,,,,257363
92181,,3000,,,,263628
92182,,3000,,,,263636
92185,,3000,,,,472111
92187,,20000,120000,,,470675
92189,,1000,,,,472128
92190,,1000,,,,450505
92191,,1000,,,,450914
92192,,12000,,,,450449
92194,,1000,,,,472158
92195,,1000,,,,472159
92196,,,30000,,,472167
92199,,18000,,,,472169
92200,,,15000,,,472173
92203,,,500,,,212283
92205,,,1,,,472205
92206,,,,3000,,472215
92207,,10000,,,,269036
92210,,,5000,,,472217
92212,,5000,,,,472216
92213,,5000,,,,472273
92214,,3000,,,,460472
92215,,4500,,,,469993
92216,,3000,,,,460181
92218,,3000,,,,472323
92219,,3000,,,,428703
92220,,3000,,,,428879
92221,,,5000,,,472365
92222,,,5000,,,472366
92223,,3000,,,,472378
92224,,,,1000,,472390
92225,,,,1000,,472403
92226,,,,1000,,472406
92227,,,90000,1500,,472433
92228,,,,1500,,472439
92229,,,5000,,,472441
92230,,,,500,,472445
92231,,3600000,,,,472456
92232,,,5000,,,472464
92233,,,10000,,,472468
92234,,,,1500,,472479
92236,,,,1500,,472487
92237,,,,1500,,472488
92238,,,,1500,,472489
92239,,4500,,,,463753
92241,,2500,,,,471585
92242,,2500,,,,472204
92245,,3600000,,,,472520
92249,,3600000,,,,472530
92250,,,,1500,,472536
92251,,,,1500,,472554
92252,,,10000,1500,,472558
92253,,,,1500,,472561
92254,,2000,,1000,,472566
92255,,4000,,,,472575
92256,,4000,,,,472574
92257,,4000,,,,472573
92258,,4000,,,,472572
92259,,,100,,,472638
92260,,,28000,1500,,472649
92261,,,2500,,,472657
92262,,5000,,,,472658
92263,,18000,,500,,472696
92264,,,5000,1500,,472715
92266,,1000,,1000,,472704
92267,,1000,,1000,,472759
92269,,,1000,,,443121
92270,,,13000,500,,472802
92271,,,10000,,,472625
92272,,6000,,,,472221
92273,,6000,,,,472260
92274,,6000,,,,472371
92275,,6000,,,,472230
92276,,16000,,500,,472852
92277,,1000,,1000,,472854
92278,,3000,,,,472855
92279,,14000,,500,,472859
92280,,1000,,1000,,472860
92281,,1000,,1000,,472864
92283,,12000,,500,,472866
92284,,,1000,,,472867
92285,,,2000,,,472903
92287,,,,1000,,472907
92289,,,,1000,,472915
92290,,,200,,,472930
92293,,,10000,,,472989
92296,,,6000,1500,,473036
92297,,3000,,,,473054
92298,,3000,,,,472896
92300,,3000,,,,473075
92301,,,,1000,,473090
92302,,,,1000,,473091
92303,,,,1000,,473092
92304,,,,1000,,473093
92305,,,,1500,,473127
92306,,,,1500,,473128
92307,,,120000,,,362332
92308,,500,,,,464655
92309,,20000,180000,,,473147
92310,,,,1000,,473153
92311,,,,1000,,473155
92313,,30000,,1500,,473163
92314,,,,1500,,473166
92316,,,,1000,,473189
92317,,,,1000,,473199
92318,,800,,800,,473211
92321,,,3600000,,,467470
92322,,,45000,1000,,473248
92323,,25000,,,,473250
92324,,30000,,1500,,473256
92325,,,,1000,,473257
92332,,,,1500,,473300
92333,,,1000,,,473302
92334,,,3000,,,473353
92335,,,8000,,,473371
92336,,,8000,,,473372
92337,,,8000,,,473373
92338,,,,1500,,473377
92342,,,3600000,,,473407
92343,,60000,,,,473434
92344,,20000,120000,,,473400
92345,,20000,120000,,,473401
92347,,1200000,,,,473444
92348,,1200000,,,,473445
92349,,1200000,,,,473446
92350,,1200000,,,,473447
92351,,1200000,,,,473452
92352,,20000,120000,,,473402
92353,,1200000,,,,473455
92354,,1200000,,,,473456
92355,,1200000,,,,473457
92356,,1200000,,,,473458
92357,,1200000,,,,473460
92358,,1200000,,,,473462
92359,,1200000,,,,473463
92360,,1200000,,,,473465
92364,,,,1000,,473468
92368,,,1000,,,473498
92369,,,1000,,,473499
92370,,,1000,,,473501
92371,,,3000,,,473503
92372,,,,1500,,473506
92375,,,5000,1500,,473548
92376,,1200000,,,,473442
92379,,1500,,,,473579
92381,,,,1500,,473646
92382,,,8000,1500,,473661
92383,,,,1500,,473677
92385,,,,1500,,473728
92386,,,,1500,,473281
92387,,18000,,,,473810
92388,,,,1000,,473816
92389,,,,1000,,473817
92390,,16000,,,,473819
92391,,,,1000,,473821
92392,,14000,,,,473823
92393,,,,1000,,473825
92394,,12000,,,,473828
92395,,60000,60000,,,473834
92396,,,5000,,,473840
92399,,,,1500,,473919
92400,,,,1500,,473942
92401,,,90000,1500,,473909
92402,,,,1500,,473945
92403,,2000,,,,473923
92404,,,1500,,,473952
92405,,,8000,,,473968
92406,,,3000,,,474034
92407,,,1000,,,474052
92408,,,30000,1500,,474053
92410,,,3000,,,474056
92412,,,300000,,,470599
92414,,,6000,,,474083
92415,,,,1500,,474095
92416,,,30000,1500,,474099
92417,,,10000,1500,,474100
92419,,,,2500,,474120
92420,,,3000,,,474131
92421,,,3000,,,474135
92422,,2000,,,,473843
92423,,2000,,,,473844
92424,,2000,,,,473842
92425,,,5000,,,474139
92426,,,7000,1500,,474149
92428,,,45000,1500,,474158
92429,,,2500,,,474166
92435,,,,1000,,474272
92436,,1500,,,,474279
92438,,,2000,,,474306
92439,,,,1500,,474355
92443,,,,1500,,474410
92444,,,60000,1500,,474421
92445,,,,6000,,474422
92446,,,,1000,,469962
92448,,,5000,,,474433
92449,,,,1500,,474497
92450,,,,1500,,474498
92451,,,,1500,,474501
92452,,,,1500,,474502
92453,,,,1500,,474503
92454,,,,1500,,474504
92455,,,,1500,,474506
92456,,,,1500,,474507
92457,,2000,,,,466296
92458,,6000,,,,474451
92459,,3000,,,,472764
92460,,4000,,,,474104
92461,,,3000,,,474544
92462,,,6000,,,474548
92463,,,50,,,474550
92464,,,,1500,,474559
92465,,,,1500,,474561
92466,,,,1500,,474562
92467,,,,1500,,474563
92468,,,,1500,,474572
92469,,,,1500,,474573
92470,,,,1500,,474574
92471,,,,1500,,474576
92472,,,,1500,,474577
92473,,,,1500,,474578
92474,,,,1500,,474579
92475,,,,1500,,474580
92476,,,,1500,,474581
92477,,,,1500,,474582
92478,,,,1500,,474583
92479,,,,1500,,474584
92480,,,,1500,,474585
92481,,,,1500,,474586
92482,,,,1500,,474587
92483,,,,1500,,474588
92484,,,,1500,,474589
92485,,,,1500,,474590
92486,,,,1500,,474591
92487,,,,1500,,474592
92488,,,,1500,,474593
92489,,,,1500,,474594
92490,,,,1500,,474595
92491,,,,1500,,474596
92492,,,,1500,,474599
92493,,,,1500,,474600
92494,,,,1500,,474601
92495,,,,1500,,474605
92496,,,,1500,,474606
92497,,,,1500,,474607
92498,,,,1500,,474608
92499,,,,1500,,474609
92500,,,,1500,,474610
92501,,,,1500,,474611
92502,,,,1500,,474612
92503,,,,1500,,474613
92504,,,,1500,,474614
92505,,,,1500,,474615
92506,,,,1500,,474616
92507,,,,1500,,474617
92508,,,,1500,,474618
92509,,,,1500,,474619
92510,,,,1500,,474620
92511,,,,1500,,474621
92512,,,,1500,,474622
92513,,,,1500,,474623
92514,,,,1500,,474624
92515,,,,1500,,474625
92516,,,,1500,,474626
92517,,,,1500,,474627
92518,,,,1500,,474628
92519,,,,1500,,474629
92520,,,3000,,,474634
92522,,22000,,,,474121
92523,,20000,,,,474650
92524,,18000,,,,474651
92525,,16000,,,,474652
92532,,,,1500,,474730
92533,,,,1500,,474750
92535,,1500,,,,259474
92536,,,3000,,,1213161
92537,,,3000,,,1213182
92539,,,1500,,,1213216
92540,,,1500,,,1213217
92544,,3000,,,,1213270
92547,,4000,,,,1213285
92548,,,10000,,,1213311
92549,,,5000,,,1213313
92550,,,2000,,,1213330
92551,,,10000,,,1213327
92552,,,30000,1000,,1213344
92554,,,1000,,,1213380
92555,,,30000,1500,,1213382
92557,,,30000,1500,,1213428
92558,,20000,90000,,,1213432
92559,,20000,90000,,,1213437
92567,,3000,,,,1213497
92568,,,30000,1500,,1213557
92569,,3000,,,,1213641
92572,,12000,,,,1213621
92573,,,1000,,,1213753
92574,,20000,90000,,,1213760
92575,,,30000,1500,,1213767
92576,,25000,,1500,,1213793
92577,,,1500,,,1213203
92578,,,,1500,,1213821
92579,,,,1500,,1213831
92580,,,6000,,,1213867
92581,,,1500,,,1213868
92582,,3000,,,,1213778
92583,,3000,,,,1213797
92584,,,,1500,,1213903
92586,,,,1500,,1213933
92587,,,30000,1500,,1213985
92588,,,,1500,,1214015
92592,,,1000,,,1214046
92594,,,800,,,195457
92597,,3000,,,,1214068
92599,,3000,,,,1214078
92600,,1500,,,,1214090
92603,,3000,,,,1214099
92604,,,1000,,,1214110
92607,,3600000,,,,1214142
92608,,,1000,,,1214146
92610,,,,1500,,1214199
92611,,,15000,,,1214213
92612,,,15000,,,1214230
92613,,,15000,,,1214227
92614,,3000,,,,1214238
92615,,,3000,,,1214242
92616,,3000,,,,1214246
92617,,3000,,,,1214250
92618,,,30000,1500,,1214287
92619,,,30000,1500,,1214291
92620,,,1000,,,1214313
92621,,,1000,,,1214314
92624,,2000,,,,1214373
92626,,3000,,,,1214404
92628,,,,1500,,1214467
92629,,,2000,,,1214474
92630,,,4000,,,1214471
92631,,,30000,,,1214476
92632,,,16000,,,1214478
92633,,3000,,,,1214486
92634,,3000,,,,1214483
92635,,3000,,,,1214503
92636,,,30000,,,1214519
92639,,,5000,,,1214522
92640,,,10000,,,467850
92643,,3000,,,,1214674
92645,,3000,13000,1500,,1214690
92646,,,3000,,,1214692
92647,,,3000,,,1214701
92648,,,3000,,,1214702
92650,,3000,,,,1214715
92651,,,4000,,,1214729
92652,,,4000,,,1214735
92653,,3000,12000,1500,,1214739
92654,,,15000,,,1214753
92655,,2000,,,,1214754
92656,,3000,,,,1213139
92657,,3000,,,,1214776
92658,,3000,2000,,,1214799
92659,,,1500,,,1214772
92660,,,20000,,,1214833
92661,,,20000,,,1214841
92662,,,20000,,,1214846
92663,,,5000,,,1214847
92664,,,60000,,,1214849
92665,,,3000,,,1214863
92666,,5000,,,,1214897
92667,,,20000,,,1214898
92668,,,20000,,,1214899
92669,,,45000,1000,,1214909
92670,,,20000,,,1214912
92671,,,20000,,,1214916
92673,,20000,60000,,,1214941
92674,,4000,,,,1214943
92677,,25000,,,,1215011
92678,,1500,,,,1215023
92681,,,5000,,,1215073
92682,,,5000,,,1215074
92683,,,1000,,,1215078
92684,,3000,,,,1215067
92685,,,2000,,,1215092
92686,,15000,,,,1215094
92687,,,16000,,,1215096
92688,,25000,,,,1215127
92689,,,8000,,,1215181
92690,,,8000,,,1215182
92691,,,8000,,,1215183
92692,,,8000,,,1215184
92693,,,8000,,,1215185
92694,,,8000,,,1215186
92695,,,5000,,,1215211
92696,,,5000,,,1215214
92697,,,5000,,,1215215
92698,,,5000,,,1215216
92699,,,5000,,,1215217
92700,,,1000,,,1215219
92701,,,5000,,,1215220
92702,,,5000,,,1215222
92706,,,,1500,,1215279
92708,,,1000,,,1215285
92711,,,60000,,,1215305
92712,,,1000,,,1215313
92715,,,,1500,,1215317
92716,,,43200000,,,1215362
92717,,,3000,,,1215363
92718,,,600000,,,1215364
92719,,99000,,1500,,1215406
92720,,10000,,,,1215409
92721,,,5000,,,1215458
92722,,,5000,,,1215459
92723,,,5000,,,1215460
92724,,,10000,1500,,1215461
92725,,,5000,,,1215462
92728,,,900000,1500,,1215470
92729,,,2000,1500,,1215482
92730,,,1000,,,1215478
92737,,3000,,,,1215532
92738,,3000,,,,1215563
92739,,,5000,,,1215574
92740,,,,1500,,473662
92741,,3000,,,,1215693
92742,,,10000,,,1215801
92745,,3000,,,,470766
92746,,3000,,,,1215877
92747,,3000,,,,1216009
92748,,4000,,,,1216012
92749,,3000,,,,1216056
92750,,,50000,,,1215842
92751,,9000,,,,1216059
92753,,,600000,,,1216099
92754,,,300000,,,1216112
92755,,,1000,,,1216113
92757,,,5000,,,470283
92758,,,2000,,,1216136
92759,,,300000,,,1216162
92760,,,2000,,,1216166
92761,,,300000,,,1216158
92762,,,300000,,,1216185
92763,,3000,,,,1216186
92764,,,30000,1500,,1216187
92768,,1000,,,,1216146
92771,,,600000,,,1216285
92774,,,5000,,,470282
92775,,,3600000,,,1216435
92776,,,3000,,,458049
92777,,,120000,,,468291
92778,,,30000,1500,,1216530
92779,,,1000,,,116680
92780,,,,1500,,1216564
92783,,3000,,,,461247
92784,,3000,,,,460642
92785,,20000,90000,,,1216605
92786,,4000,,,,1216631
92788,,,1000,,,1216644
92789,,,3000,,,1216654
92790,,,,1500,,1216698
92791,,20000,90000,,,1216712
92792,,,2000,1500,,1216785
92793,,28800000,,1500,,1216786
92794,,,2000,,,1216794
92795,,,,1000,,1216851
92796,,,30000,1500,,1216857
92797,,,,1000,,1216872
92801,,12000,,,,1216891
92803,,5000,,,,1216845
92804,,5000,,,,1216852
92809,,1000,,,,1217001
92810,,,30000,1500,,1217007
92811,,3000,,,,1217030
92812,,3000,,1000,,1217087
92813,,,,1000,,1217095
92814,,180000,,,,1217107
92815,,,300000,1500,,1217119
92816,,1000,,,,474737
92817,,1000,,,,474763
92819,,2000,,,,1217138
92826,,,1500,,,1217220
92827,,,,1500,,1217281
92828,,3000,,,,1217311
92829,,3000,,,,1217300
92830,,,30000,1500,,1217319
92832,,4500,,,,1217336
92837,,,30000,1000,,1217413
92838,,,1500,,,1217419
92839,,,120000,1500,,1217445
92840,,5000,,,,1217450
92842,,3000,,,,440506
92843,,3000,,,,1217461
92844,,,1000,,,1217467
92848,,,5000,,,1217544
92849,,,1000,,,1217568
92850,,,30000,1500,,1217581
92851,,8000,,,,1217418
92852,,8000,,,,1217510
92853,,8000,,,,1217452
92854,,8000,,,,1217449
92855,,,5000,,,1217543
92860,,,500,,,1217597
92861,,,,1500,,1217605
92862,,2000,,,,1217562
92863,,,,1500,,1217610
92864,,,8000,1500,,1217611
92865,,2000,,,,1217608
92867,,5000,16000,1500,,1217646
92868,,5000,,,,1217635
92870,,,1000,,,1217691
92871,,,1000,,,1217706
92872,,,2000,,,1217708
92873,,500,,,,1217719
92874,,,1500,,,1217725
92875,,,1000,,,1215843
92877,,,1000,,,1217815
92878,,3000,,,,472047
92879,,3000,,,,1214712
92880,,,1000,,,1217832
92881,,3000,,,,1214804
92882,,,6000,1500,,1217857
92883,15,5000,,,,1216852
92884,14,,,,,1216852
92885,,3000,,,,1217869
92886,,,6000,1500,,1217875
92887,,,,1500,,1217880
92888,,1500,,,,1214052
92889,,1500,,,,1213850
92890,,1500,,,,1217370
92891,,1500,,,,1217667
92892,,1500,,,,1214147
92893,,1500,,,,1215521
92894,,1500,,,,1217661
92895,,4000,,,,1217903
92896,,,15000,,,1217905
92897,,,,1500,,1217907
92898,,8000,,,,1217913
92899,,,5000,,,1217931
92900,,,5000,,,1217935
92901,,5000,,,,1214778
92902,,,5000,,,1217944
92903,,,5000,,,1217945
92904,,,5000,,,1217946
92905,,,5000,,,1217947
92906,,,5000,,,1217955
92907,,3000,,,,1217971
92908,,3000,,,,1217972
92909,,,1500,,,1217996
92910,,,8000,,,1218018
92911,,,8000,,,1218019
92912,,,1000,,,1218030
92913,,,30000,,,1218034
92914,,3000,,,,1214697
92917,,6000,,,,1218008
92918,,3000,,,,1218050
92919,,3000,,,,1218051
92920,,3000,,,,1218053
92922,,7000,,,,1218055
92923,,3000,13000,1500,,1218067
92926,,3000,12000,1500,,1218080
92927,,5000,,1500,,1218082
92928,,,1000,,,1218083
92929,,3000,15000,1500,,1218086
92930,,3000,,,,1218087
92931,,,,1500,,1218090
92932,,2000,,,,1214708
92933,,,,1500,,1218105
92934,,,1000,,,1218106
92935,,60000,60000,,,1218128
92937,,2000,,,,1218120
92938,,2000,,,,1218127
92939,,13000,,,,1218173
92940,,3000,,,,1218152
92943,,,120000,1500,,1218223
92945,,3000,,,,1218258
92946,,3000,,,,1218252
92947,,1000,300000,,,1217891
92948,,1000,300000,,,1218301
92949,,1000,600000,,,1218310
92950,,,500,,,1218311
92952,,500,,,,1218297
92953,,500,,,,1218300
92954,,3000,,,,1218332
92955,,3000,,,,1218322
92956,,9000,,,,1218335
92958,,5000,,,,474765
92960,,,,1500,,1218378
92961,,,,1500,,1218379
92962,,,,1500,,1218381
92963,,,,1500,,1218383
92964,,1000,300000,,,1218391
92965,,,5000,,,1218412
92966,,,,1500,,1218420
92967,,5000,,,,1218438
92968,,,1000,,,1218459
92969,,3000,,,,1218462
92971,,3000,,,,473910
92972,,,45000,,,1218534
92973,,3000,,,,473924
92974,,2000,,,,1218527
92975,,3000,,,,1218551
92976,,6000,,,,1218555
92978,,3000,13000,1500,,1218635
92980,,20000,120000,,,1218716
92981,,,5000,,,1218981
92982,,,,1000,,1218653
92983,,,,1000,,1218652
92984,,,,1000,,1218651
92985,,,,1000,,1218650
92986,,,,1000,,1218649
92987,,,,1000,,1218648
92988,,,,1000,,1218647
92989,,,,1000,,1218646
92990,,,,1000,,1218645
92991,,,,1000,,1218644
92992,,,,1000,,1218643
92993,,,500,,,1218990
92994,,,15000,,,1218997
92995,,,5000,,,1218998
92996,,,5000,,,1219003
92998,,,5000,,,1219029
92999,,,5000,,,1219031
93000,,2000,,,,1219041
93001,,,,1500,,1219045
93003,,,15000,1500,,1219074
93004,,,,1500,,1219075
93005,,,5000,,,1219077
93007,,,5000,,,1219079
93008,,,,1500,,1219080
93009,,10000,,,,1219086
93012,,20000,120000,,,1219102
93013,,,1000,,,1219109
93014,,1500,,,,1219096
93018,,,,1500,,1218610
93019,,3000,,,,473277
93022,,3000,20000,,,1219180
93023,,2000,20000,,,1219181
93025,,,2000,,,1219197
93026,,2000,20000,,,1219202
93027,,3000,20000,,,1219203
93028,,,5000,,,1219204
93030,,3000,20000,,,1219213
93031,,3000,20000,,,1219214
93032,,3000,20000,,,1219215
93033,,3000,20000,,,1219216
93034,,,2000,,,1219217
93035,,3000,20000,,,1219218
93036,,3000,20000,,,1219219
93037,,,5000,,,1219246
93038,,,5000,,,1219249
93040,,,5000,,,1219252
93041,,,5000,,,1219256
93042,,,5000,,,1219258
93043,,,5000,,,1219262
93044,,,,1500,,1219265
93046,,,5000,1500,,1219334
93047,,,5000,1500,,1219336
93049,,3000,,1500,,1219383
93050,,20000,120000,,,1219410
93052,,3000,,,,1219458
93054,,,6000,,,1219478
93055,,,180000,1500,,1219480
93056,,,1000,,,1219493
93060,,5000,,,,1219617
93061,,,,1500,,1219626
93062,,60000,,,,1219656
93063,,60000,,,,1219665
93065,,60000,,,,1219684
93069,,,,1000,,1220391
93072,,3000,,,,1220485
93073,,3000,,,,465122
93075,,3000,,,,471256
93076,,,,1500,,1220498
93081,,,5000,,,1220582
93083,,,30000,,,1220679
93094,,,300000,,,1220759
93095,,,1000,,,1220765
93096,,,300000,,,1220768
93098,,,1200000,,,1220786
93099,,,1200000,,,1220787
93100,,,1200000,,,1220789
93101,,3000,,,,1220869
93104,,,1000,,,1220962
93114,,,,1500,,1221080
93115,,,,1500,,1221081
93116,,,,1500,,1221082
93117,,,,1500,,1221083
93118,,,,1500,,1221084
93119,,,,1500,,1221085
93120,,,,1500,,1221086
93126,,,,1500,,1221124
93128,,,5000,,,1220583
93129,,4000,,,,257270
93131,,10000,,,,1221161
93132,,,3600000,,,1221172
93133,,5000,,,,1221175
93134,,,1000,,,1221202
93135,,,1000,,,1221221
93136,,,3000,,,1221223
93138,,,3000,,,1221228
93139,,,5000,,,1221233
93140,,,5000,,,1221234
93141,,,5000,,,1221235
93142,,,,500,,1221247
93143,,,30000,1500,,1221257
93144,,,1000,,,1221271
93145,,,1000,,,1221273
93146,,5000,,,,1221338
93147,,,6000,,,1221348
93148,,1000,2000,,,1221354
93149,,,28800000,1500,,1221356
93150,,,14400000,1500,,1221357
93151,,,28800000,1500,,1221359
93152,,,14400000,1500,,1221360
93153,,,5000,,,1221380
93154,,,5000,,,1221381
93155,,,10000,1500,,1221382
93163,,,17000,,,1221425
93164,,,1000,,,1221436
93167,,,100,,,1221489
93175,,,100,,,1221506
93176,,,100,,,1221509
93181,,,,1500,,1221521
93182,,,,1500,,1221522
93183,,,,1500,,1221524
93184,,20000,120000,,,1220488
93185,,,,1500,,1221543
93187,,5000,,,,1221563
93195,,,,1000,,1221620
93199,,,,1000,,1221634
93202,,,,1000,,1221647
93217,,,3000,,,1221728
93218,,,3000,,,1221738
93221,,,,1000,,1221747
93230,,,,1000,,1221831
93234,,3000,,,,448791
93245,,,15000,500,,1221888
93296,,180000,,,,1222358
93297,,1500,180000,,,1222357
93300,,,,1000,,1222466
93301,,,,1000,,1222468
93307,,,60000,,,1222534
93333,,20000,120000,,,1219294
93336,,,30000,1500,,1222833
93337,,300000,,1500,,1222834
93338,,,30000,1500,,1222835
93339,,,30000,1500,,1222837
93340,,,30000,1500,,1222839
93341,,,30000,1500,,1222840
93342,,,,1500,,1222880
93343,,,,1500,,1222884
93344,,,,1500,,1222888
93353,,,,1500,,1222968
93355,,,60000,,,1222340
93356,,,1500,,,468712
93357,,,1500,1500,,1223014
93358,,,1000,,,473595
93360,,,1800000,1500,,1223041
93361,,,5000,,,1223054
93362,,,5000,,,1223055
93363,,,5000,,,1223058
93364,,,5000,,,1223060
93365,,3000,3000,,,1223067
93367,,10000,10000,,,1223164
93368,,,6000,,,1223190
93369,,,,1000,,1223243
93370,,5000,,,,1223222
93371,,,1500,,,1223258
93372,,,45000,1500,,1223268
93373,,,1500,,,1222275
93374,,,1500,,,1223289
93375,,,1500,,,1223285
93376,,,1500,,,1223287
93377,,,1500,,,1223288
93378,,,1500,,,1223284
93380,,,,1000,,1223324
93381,,,15000,1500,,1223343
93382,,,1000,,,1223347
93384,,,1000,,,1223407
93385,,2000,,,,1217991
93389,,500,,,,1223467
93395,,,30000,,,1223510
93396,,,2000,,,469363
93397,,,3000,,,1219516
93399,,,45000,1500,,1223538
93400,,,3000,1500,,1223635
93401,,3000,12000,1500,,1223644
93402,,3000,17000,1500,,1223648
93403,,3000,12000,1500,,1223655
93405,,,5000,,,1218405
93407,,,1000,,,1223703
93408,,,10,,,1223735
93409,,,10,,,1223736
93410,,3000,12000,1500,,1223748
93411,,3000,22000,1500,,1223752
93412,,3000,12000,1500,,1223754
93413,,3000,12000,1500,,1223757
93414,,3000,12000,1500,,1223806
93415,,3000,12000,1500,,1223810
93416,,,5000,,,1223814
93417,,18000,,,,1223821
93418,,16000,,,,1223825
93419,,14000,,,,1223826
93420,,12000,,,,1223827
93430,,,5000,5000,,1218404
93431,,,5000,5000,,1218474
93432,,,5000,5000,,1218480
93433,,,,1500,,1223978
93434,,,1000,,,1223977
93437,,3600000,,,,1223990
93452,,,30000,,,1224098
93454,,,10,,,1224099
93457,,,,1500,,1224273
93458,,,,1500,,1224274
93459,,,,1500,,1224275
93460,,,,1500,,1224276
93461,,,,1500,,1224277
93462,,,,1500,,1224279
93465,,,30000,,,1224354
93467,,3000,3000,,,1224372
93468,,,3600000,,,1224404
93472,,,12000,,,1224433
93473,,,6000,,,1224450
93474,,2000,,2000,,1224494
93475,,3000,15000,1500,,1224541
93479,,,,1500,,1224569
93480,,,10,,,1224570
93481,,1000,,,,1223942
93485,,,3000,,,470139
93486,,,10000,,,1224688
93487,,1000,1000,,,1224693
93489,,,10000,,,1224696
93490,,3600000,,1500,,1223394
93491,,3600000,,1500,,1223395
93492,,3600000,,1500,,1223396
93504,,,3600000,,,1224768
93505,,,1800000,,,1224772
93515,,,15000,1500,,1224957
93516,,,,1500,,1224959
93517,,,,1500,,1224961
93518,,,,1500,,1224962
93519,,,,1500,,1224963
93520,,,,1500,,1224964
93521,,,,1500,,1224965
93522,,,,1500,,1224967
93523,,,,1500,,1224968
93524,,,,1500,,1224970
93525,,,,1500,,1224972
93526,,,,1500,,1224973
93527,,,,1500,,1224974
93528,,,15000,1500,,1224975
93529,,,,1500,,1224978
93530,,,,1500,,1224979
93531,,,,1500,,1224981
93532,,,,1500,,1224982
93533,,,,1500,,1224983
93534,,,,1500,,1224985
93535,,,,1500,,1224988
93536,,,,1500,,1224989
93537,,,,1500,,1224990
93538,,,,1500,,1224991
93539,,,,1500,,1224993
93540,,,,1500,,1224994
93541,,,,1500,,1224995
93542,,,,1500,,1224996
93543,,,,1500,,1224998
93544,,,,1500,,1225000
93545,,,,1500,,1225001
93547,,,1500,,,1225025
93548,,,,1500,,1225061
93549,,,,1500,,1225062
93550,,,,1500,,1225063
93551,,,,1500,,1225064
93552,,,,1500,,1225065
93553,,,,1500,,1225066
93554,,,,1500,,1225067
93555,,,,1500,,1225068
93556,,,,1500,,1225069
93557,,,,1500,,1225070
93558,,,,1500,,1225072
93559,,,,1500,,1225073
93560,,,,1500,,1225076
93561,,,,1500,,1225077
93562,,,,1500,,1225079
93563,,,,1500,,1225080
93564,,,,1500,,1225081
93565,,,,1500,,1225082
93566,,,,1500,,1225083
93567,,,,1500,,1225084
93568,,,,1500,,1225085
93569,,,,1500,,1225087
93570,,,,1500,,1225088
93571,,,,1500,,1225089
93572,,,,1500,,1225090
93573,,,,1500,,1225091
93574,,,,1500,,1225092
93575,,,,1500,,1225093
93577,,,10000,,,1225211
93578,,,3600000,,,1225222
93579,,,1000,,,1225223
93582,,,,1000,,1225342
93583,,,,1000,,1225344
93584,,,,1000,,1225358
93587,,,1500,1500,,1225392
93590,,,1000,,,1225408
93591,,,10,,,1225411
93598,,,10000,,,1225512
93599,,,16000,,,1225580
93601,,,,1000,,1225644
93602,,,,1000,,1225646
93603,,,,1000,,1225652
93604,,,,1000,,1225655
93605,,,,1000,,1225656
93606,,,,1000,,1225658
93607,,,5000,,,1225659
93608,,,,1000,,1225660
93609,,,,1000,,1225662
93610,,,16000,,,1225664
93611,,,,1000,,1225666
93612,,,,1000,,1225667
93613,,,,1000,,1225668
93614,,,,1000,,1225669
93616,,,,1500,,1225696
93655,,,15000,,,1225846
93671,,,15000,1500,,1225965
93672,,,900000,,,1225967
93674,,,1000,,,1225978
93676,,,500,,,469360
93678,,,,1500,,1225990
93679,,,,1500,,1225992
93683,,,10000,,,1225999
93684,,,10000,,,1226010
93686,,,,1500,,1226019
93688,,,,1500,,1225826
93689,,,3000,,,1226081
93690,,3000,13000,1500,,1226124
93692,,,,1500,,1226226
93693,,,,1500,,1226227
93694,,,,1500,,1226228
93695,,,,1500,,1226229
93696,,,,1500,,1226230
93698,,,,1500,,1226272
93700,,,2000,,,1226296
93701,,,,1500,,1226298
93702,,,60000,500,,1226339
93703,,,,1500,,1226352
93704,,,,1500,,1226353
93705,,,,1500,,1226356
93706,,,,1500,,1226361
93708,,,,1500,,1226379
93712,,,,1500,,1226390
93713,,,,1500,,1226391
93714,,,,1500,,1226392
93715,,,,1500,,1226399
93716,,,,1500,,1226400
93717,,,,1500,,1226403
93718,,,,1500,,1226405
93719,,,,1500,,1226410
93720,,,,1500,,1226412
93721,,,,1500,,1226419
93722,,,,1500,,1226426
93723,,,,1500,,1226429
93724,,,28800000,1500,,1226482
93727,,,2000,,,1226559
93731,,,,1500,,1226637
93733,,,1500,,,1226656
93734,,,2000,,,1226691
93735,,,1000,,,1226703
93736,,,5000,,,1226714
93737,,,1000,,,1225126
93739,,,,1500,,1226743
93740,,,1000,,,1226749
93741,,,1000,,,1226770
93744,,,20000,,,1226825
93745,,3000,,,,1226844
93746,,,10000,,,1226886
93747,,,2000,,,1226899
93748,,3000,12000,1500,,1226917
93749,,3000,13000,1500,,1226941
93750,,3000,12000,1500,,1226943
93751,,3000,13000,1500,,1226945
93752,,3000,22000,1500,,1226946
93753,,3000,12000,1500,,1226947
93754,,3000,14000,1500,,1226948
93755,,,2000,1500,,1226949
93756,,,3000,,,1226397
93757,,,3000,,,1226920
93758,,,3000,,,1226923
93759,,,3000,,,1226922
93760,,,3000,,,1226921
93763,,,2000,,,1226988
93764,,3000,,1500,,1226995
93765,,3000,13000,1500,,1227006
93766,,3000,12000,1500,,1227010
93767,,,360000,,,1227057
93768,,,60000,,,388259
93769,,,,1500,,1227066
93772,,,2000,,,1227098
93774,,,1000,,,1227135
93775,,,3000,,,1227171
93776,,,2000,,,1227172
93777,,3000,,,,1227233
93778,,4000,,,,1227249
93779,,,,1500,,1227251
93782,,,,1500,,1227280
93783,,,1000,,,1227303
93784,,,20000,,,1227305
93785,,,3600000,,,1227318
93786,,,1000,,,1227322
93787,,3000,12000,1500,,1227334
93788,,5000,,,,1227341
93789,,,2000,1500,,1227345
93795,,,600000,,,1227383
93796,,,900000,,,1218435
93798,,,3600000,,,1227398
93799,,,3000,,,1227422
93802,,,10000,,,1227465
93803,,,20000,,,1227500
93804,,,,1500,,1227499
93807,,,10000,,,1227521
93808,,,20000,,,1227539
93809,,,,1500,,1220729
93810,,3000,15000,1500,,1227580
93812,,,,1500,,1227629
93814,,,30000,,,1227636
93816,,,2000,,,1227673
93818,,,15000,,,1227677
93819,,,10,,,1227679
93820,,,8000,,,1227686
93821,,,10,,,1227697
93822,,,10,,,1227701
93823,,,1500,,,1227708
93825,,,1500,,,1221184
93830,,,,100,,1227822
93831,,,3000,,,1227878
93832,,,,1500,,1227880
93834,,1500,1500,1500,,1227914
93835,,1500,1500,,,1227916
93836,,1500,1500,,,1227919
93837,,30000,,1500,,1227921
93839,,,3000,,,1227927
93840,,,1000,,,1227930
93841,,,1000,,,1227931
93842,,,,1500,,1227923
93843,,,10,,,1227937
93844,,3000,3000,1500,,1227945
93846,,1000,,,,1227950
93847,,,10000,,,1227964
93848,,,1000,,,1227965
93849,,,3000,,,1227976
93850,,,3000,,,1227977
93851,,,3000,,,1227978
93852,,,3000,,,1227979
93853,,,3000,,,1227980
93854,,,3000,,,1227981
93855,,,3000,,,1227982
93856,,,3000,,,1227983
93857,,,3000,,,1227984
93858,,,3000,,,1227985
93859,,,3000,,,1227986
93860,,,3000,,,1227987
93861,,,3000,,,1227988
93862,,,3000,,,1227989
93863,,,3000,,,1227990
93868,,4000,,,,425394
93869,,10000,,10000,,1228078
93870,,,1000,,,1228104
93871,,20000,120000,,,1228128
93873,,,1000,,,1228145
93874,,,1000,,,1228175
93877,,,6000,,,1228234
93878,,,1000,,,1228251
93879,,,3000,1500,,1228260
93880,,,1000,,,472030
93883,,,2000,,,1228305
93884,,180000,,,,1216749
93886,,,,1500,,1228433
93888,,,5000,,,1228439
93891,,,30000,,,1228451
93892,,60000,,,,1228476
93893,,,20000,,,1228498
93894,,6000,,,,1228504
93895,,,30000,,,1228438
93900,,,8000,,,1229072
93902,,,6000,,,1229175
93904,,,5000,,,1229235
93906,,10800000,,,,1229295
93907,,,1800000,,,1229302
93908,,,1800000,,,1229303
93909,,,1800000,,,1229304
93912,,,500,,,1229317
93913,,,100,,,1229352
93914,,,100,,,1229353
93915,,,100,,,1229354
93916,,,8000,,,1229229
93918,,,,1500,,1229381
93919,,,,1500,,1229382
93922,,5000,,5000,,447429
93923,,5000,,5000,,424462
93924,,8000,,,,1218321
93931,,,4000,,,1229744
93941,,,45000,,,1229709
93945,,,600000,,,1220840
93947,,,5000,,,1230351
93948,,,3600000,,,1230363
93950,,,,1500,,1230550
93954,,,3000,,,1230622
93956,,,3000,,,1230627
93959,,1500,,,,1230660
93960,,1500,,,,1230662
93961,,1500,,,,1230663
93962,,1500,,,,1230665
93963,,1500,,,,1230667
93964,,1500,,,,1230668
93965,,,2000,,,1230696
93969,,,6000,,,462407
93970,,,15000,,,1230810
93971,,15000,,,,1230903
93972,,15000,,,,1230898
93973,,1500,,,,1230937
93975,,5000,,,,1220384
93976,,3000,,,,1219482
93977,,3000,12000,1500,,1231049
93978,,,,1000,,1231062
93979,,,5000,1500,,1231088
93984,,,,1500,,1231112
93985,,,3000,,,1231106
93987,,,8000,,,1231105
93989,,20000,,,,1231211
93990,,,6000,1500,,1231240
93991,,8000,,,,465754
93992,,3000,,,,474337
93994,,,3000,,,1231326
93996,,,2000,,,1231357
93997,,,3000,,,1231372
94000,,,,1500,,1231441
94009,,,3000,,,1231540
94013,,,3600000,,,1231613
94016,,2500,,,,331252
94017,,2500,,,,323683
94018,,2500,,,,324449
94019,,2500,,,,324079
94021,,,3600000,,,1231679
94024,,,3000,,,1231690
94025,,,3000,,,1231691
94026,,,4000,,,1231701
94027,,,2000,,,1231758
94028,,2000,,,,1231675
94029,,2000,,,,1231759
94030,,,1500,,,1231771
94032,,,5000,,,1231802
94033,,,20000,,,1231804
94036,,,5000,,,1231825
94037,,,3000,,,1231816
94038,,,3000,,,1231819
94039,,,10000,1500,,1231826
94040,,,3000,,,1231820
94041,,,3000,,,1231823
94042,,,5000,,,1231827
94043,,,5000,,,1231830
94044,,,5000,,,1231832
94045,,,30000,,,432648
94047,,,1500,,,415892
94048,,,1500,,,418698
94049,,,1500,,,416630
94050,,,1500,,,421550
94051,,,1500,,,416357
94052,,,1500,,,412948
94053,,,1500,,,418370
94054,,,1500,,,416296
94055,,,1500,,,415553
94057,,3000,13000,1500,,1231935
94058,,15000,,,,1231983
94059,,,2000,,,1231986
94064,,,30000,,,1231992
94065,,,1800000,,,235759
94069,,,2000,,,1232084
94070,,,45000,,,472129
94071,,,5000,,,1232114
94072,,,15000,,,1231995
94075,,,,1500,,1232285
94076,,,,500,,1232309
94079,,,1000,,,1232437
94085,,,3600000,,,1232532
94086,,,,1500,,1232549
94087,,5000,,,,1232597
94088,,2000,,,,1232605
94089,,2000,,,,1232610
94090,,,5000,1500,,1221150
94091,,,,1500,,1232666
94098,,11000,,,,1232705
94101,,20000,120000,,,1232802
94102,,7000,,,,1232803
94103,,,60000,,,1232807
94107,,,5000,,,1232929
94108,,,2000,,,1232945
94109,,,5000,,,1232935
94111,,,,1500,,1232995
94115,,,5000,,,1233149
94117,,,,1500,,1233169
94118,15,,15000,,,1220679
94119,,,5000,,,1233194
94120,,,8000,,,1233259
94121,,,1000,500,,1233272
94125,,,10,,,1233322
94126,,,10,,,1232504
94127,,,10,,,1233318
94128,,,10,,,1233323
94129,,,10,,,1233317
94130,,,10,,,1233324
94131,,,10,,,1233316
94132,,,10,,,1233325
94133,,,10,,,1233315
94134,,,10,,,1233326
94135,,,10,,,1232499
94136,,,10,,,1233327
94137,,,10,,,1232502
94138,,,10,,,1233328
94139,,,10,,,1233313
94140,,,10,,,1233329
94141,,,10,,,1233314
94142,,,10,,,1233330
94143,,,10,,,1232497
94144,,,10,,,1233331
94145,,,10,,,1233311
94146,,,10,,,1233332
94147,,,10,,,1233312
94148,,,10,,,1233333
94149,,,10,,,1232494
94150,,,10,,,1233334
94151,,,10,,,1233309
94152,,,10,,,1233335
94153,,,10,,,1233308
94154,,,10,,,1233336
94155,,,10,,,1233310
94156,,,10,,,1233337
94157,,,1000,500,,1233346
94159,,3000,12000,1500,,1233357
94163,,,100,,,1233440
94165,,,3000,,,1233453
94170,,,5000,,,1233583
94171,,10000,,,,1233584
94172,,,900000,1500,,1233637
94173,,,2000,,,1233646
94174,,,5000,,,1227643
94175,,,2000,,,1233805
94176,,,15000,,,1233803
94177,,3000,,,,1233890
94178,,,,1500,,1233902
94179,,3000,,,,1233906
94180,,,,1000,,1233918
94181,,,,1500,,1233957
94183,,1000,,,,1233992
94184,,,,1500,,1234010
94185,,,,1000,,1233989
94186,,5000,,,,1234020
94187,,3000,12000,1500,,1234060
94188,,3000,13000,1500,,1234087
94189,,,100,,,1234088
94191,,,,1500,,1234193
94192,,,45000,1500,,1234195
94194,,,1000,,,1234277
94276,,,90000,,,1234441
94277,,,7200000,,,1234526
94278,,,15000,,,465887
94280,,,90000,1500,,1234583
94282,,,60000,1000,,1234674
94283,,,300000,,,1234687
94284,,5000,,,,1217232
94285,,,300000,,,1234710
94286,,,30000,,,1234735
94289,,,1000,,,1234742
94290,,15000,,,,1234723
94291,,15000,,,,1234749
94294,,15000,,,,1234760
94296,,300000,,,,1234768
94298,,800,,,,1234796
94299,,,3600000,,,473282
94300,,,,1500,,1234822
94307,,,2000,,,1234697
94318,,,8000,,,1235205
94319,,3000,,,,1233982
94320,,7000,,,,1233916
94322,,10000,,,,1232801
94323,,,2000,,,1235279
94324,,,600000,,,1235292
94325,,,600000,,,1235293
94326,,,600000,,,1235294
94328,,,,1500,,1235333
94330,,,,1500,,1235382
94331,,,,1500,,1235383
94332,,,3500,1500,,1235386
94334,,7000,,,,1235123
94335,,6000,,,,1235118
94337,,20000,60000,,,1235425
94338,,,1000,,,1235475
94339,,,1000,,,1235478
94340,,,1000,,,1235480
94341,,,1000,,,1235481
94342,,,1000,,,1235482
94343,,,3500,,,1235487
94346,,,3000,,,1235540
94348,,,60000,,,1235543
94349,,,60000,1500,,1235552
94351,,300000,,,,1235568
94353,,,,1500,,1235583
94359,,3000,,,,1235634
94360,,,1000,,,1235665
94361,,,1000,,,1235669
94362,,,1000,,,1235670
94373,,,3000,,,1235781
94377,,,5000,,,1235848
94378,,,100,,,1235853
94382,,,2000,,,1235875
94383,,,2000,,,1235881
94398,,,,1500,,1236209
94399,,,,1500,,1236212
94400,,,1000,,,1236218
94401,,,999000,,,1236189
94403,,,1000,,,1236295
94404,,,1000,,,1236298
94407,,,1500,,,1232216
94410,,5000,,,,1236354
94411,,600000,,,,1236551
94412,,,,1500,,1235404
94413,,5000,,,,1236559
94414,,5000,,,,1236560
94415,,3000,,,,1236348
94417,,8000,,,,1236576
94419,,300000,,,,1236590
94420,,7200000,,,,1236603
94422,,300000,,,,1236616
94423,,20000,90000,,,1232721
94425,,,6000,,,1236645
94426,,300000,,,,1236648
94427,,300000,,,,1236652
94428,,,10000,,,1236667
94429,,,,1500,,1235417
94432,,,1000,,,1236699
94433,,4000,,,,1236802
94434,,4000,,,,1236804
94436,,6000,,,,1236933
94437,,180000,,,,1216761
94438,,,120000,1500,,1236943
94439,,,,1500,,1236949
94440,,5000,,,,1236954
94441,,5000,,,,1236957
94442,,2000,,,,1236964
94444,,2000,,,,1236973
94445,,,,1500,,1236986
94447,,300000,,,,1236994
94448,,300000,,,,1236998
94451,,4000,,,,1237050
94453,,4000,,,,1237070
94454,,4000,,,,1237079
94455,,4000,,,,1216093
94456,,2000,,,,1227962
94457,,,,180000,,1237104
94460,,,,1500,,1237124
94462,,,6000,,,1237136
94463,,,5000,,,1237139
94464,,,,1500,,1236970
94465,,1500,,,,1229510
94474,,,1000,,,1235846
94475,,,,1500,,1237211
94476,,28800000,,1500,,1237215
94477,,4000,,,,1237195
94478,,8000,,,,1237220
94480,,4000,,,,1237117
94485,,,1500,,,1237363
94487,,,20000,,,1237390
94488,,,1000,,,1237583
94489,,,3600000,,,1237584
94490,,,14000,,,1237585
94492,,,2000,,,326997
94493,,,2000,,,1237071
94494,,,2000,,,1235326
94498,,,,1500,,1237749
94501,,20000,120000,,,1237882
94502,,,180000,500,,1237885
94503,,,3000,1500,,1235531
94504,,,3000,,,1237931
94505,,,3000,,,1237932
94506,,,16000,,,1237936
94507,,,3000,,,1237937
94508,,3000,,,,1237889
94509,,3000,,,,1237888
94512,,,,1500,,1237944
94517,,300000,,,,1238009
94532,,,60000,1000,,1238119
94534,,,5000,,,1238123
94535,,,5000,,,1238125
94536,,,5000,,,1238126
94537,14,,10000,,,1220679
94541,,,,1500,,1238193
94544,,,1000,,,1238220
94545,,,1000,,,1238222
94546,,,1000,,,1238223
94547,,,1000,,,1238224
94548,,,1000,,,1238225
94549,,,1000,,,1238226
94550,,3000,,,,1238189
94552,,,60000,,,1238260
94553,,,,1000,,1238259
94554,,,,1000,,1238258
94555,,,,1000,,1238257
94556,,,,1000,,1238256
94557,,,,1000,,1238252
94558,,,,1000,,1238251
94559,,,,1000,,1238250
94563,,6000,,,,1238360
94564,,3000,,,,1238392
94566,,300000,,,,1238443
94567,,,10000,,,1238538
94569,,,,1500,,1238686
94570,,8000,,,,1238687
94571,,,,1500,,1238695
94578,,,,1500,,1238786
94581,,,5000,,,1238438
94582,,3000,,,,1238255
94583,,3000,,,,1238293
94586,,3000,,,,1227704
94587,,3000,,,,1238834
94589,,,1000,,,1238911
94590,,,,1500,,1238913
94591,,,,1500,,1238915
94594,,10000,,,,1238954
94597,,,10000,,,1239029
94601,,,600000,,,1235401
94602,,,2000,,,1239068
94603,,,15000,500,,1239087
94604,,,1800000,1500,,1239107
94605,,,,1500,,1239123
94606,,,,1500,,1239142
94607,,,30000,,,1239147
94608,,,28800000,1500,,1239155
94609,,,,1500,,1239172
94610,,,600000,,,1239176
94611,,,10000,,,1239197
94612,,,3000,,,1239201
94613,,,3000,,,1239205
94618,,,10000,,,1239259
94619,,,2000,,,1239284
94620,,,2000,,,1239290
94621,,1500,,,,1239307
94622,,1500,,,,1239351
94624,,5000,,,,1239364
94625,,5000,,,,1237893
94626,,5000,,,,1237905
94627,,,3600000,,,1239417
94628,,3000,,,,1239450
94629,,3000,,,,1239237
94630,,300000,,,,1239479
94641,,3000,,,,1239652
94643,,2000,,,,1239665
94644,,,,1500,,1239671
94645,,,25000,1500,,1239672
94646,,3000,13000,1500,,1239677
94647,,3000,,,,1239681
94648,,20000,20000,,,1233556
94653,,,,500,,1239541
94654,,7000,,,,1239713
94657,,,1500,,,1239718
94658,,11000,,,,1239719
94659,,3000,13000,1500,,1239731
94661,,3000,,,,1239722
94663,,,5000,,,1239756
94664,,3000,,,,1239768
94665,,9000,,,,1239667
94666,,9000,,,,1239514
94667,,3000,,,,1239797
94668,,5000,,,,1239860
94673,,3000,,,,1239874
94676,,4000,,,,1239963
94677,,,60000,,,1239966
94681,,,20000,1500,,1240008
94683,,,,1500,,1240019
94685,,3000,,,,1240025
94691,,,,1000,,1240088
94692,,,,1500,,1240091
94693,,,,1500,,1240103
94699,,,,1500,,1240195
94700,,,,1500,,1240219
94701,,,,1500,,1240225
94704,,,,1500,,1240267
94705,,,30000,,,1240266
94709,,,1000,,,1240301
94710,,,1000,,,1240304
94711,,,1000,,,1240305
94712,,,,1500,,1240324
94715,,,12000,,,1240350
94716,,,8000,,,1235366
94717,,10000,,,,1219536
94718,,5000,,,,1240352
94719,,5000,,,,1240373
94720,,,,1500,,1240406
94721,,5000,,,,1240436
94722,,5000,,,,1240395
94723,,,2000,,,1240481
94724,,,3000,,,1240493
94725,,,3000,,,1240494
94726,,,1000,,,1240498
94727,,,1000,,,1240499
94728,,,1000,,,1240507
94729,,,1000,,,1240516
94730,,,1000,,,1240518
94731,,,1000,,,1240520
94732,,,1000,,,1240523
94733,,,2000,,,1240526
94734,,,2000,,,1240534
94735,,,3500,,,1240539
94736,,,1000,,,1240541
94737,,,1000,,,1240543
94738,,,1000,,,1240547
94744,,,20000,,,1240575
94745,,3000,,,,1240577
94750,,,,1500,,1240712
94751,,2000,,,,1240714
94754,,2000,,,,1240722
94755,,2000,,,,1240735
94756,,,1000,,,1240737
94757,,,1000,,,1240739
94758,,,2000,,,1240769
94764,16,,14000,,,1220679
94765,,3000,,,,1240280
94766,,9000,,,,1240286
94769,,,2000,1500,,1240833
94771,,,50000,,,1240864
94772,,,25000,1500,,1240881
94773,,,15000,,,1240884
94776,,,8000,1500,,1241004
94778,,3000,15000,1500,,1241014
94779,,,,1500,,1241019
94780,,,,1000,,1241059
94785,,6000,,,,1221190
94786,,8000,,,,1226110
94787,,3000,20000,1500,,1241095
94788,,11000,,,,1221532
94789,,14000,,,,1226303
94790,,3000,20000,1500,,1241106
94793,,,8000,,,1241119
94795,,3000,3000,,,1241164
94798,,3000,,,,1241235
94801,,3000,,,,1241294
94804,,,15000,,,1241328
94805,,3000,,,,1241334
94806,,,15000,,,1241335
94807,,,15000,,,1241341
94809,,,30000,,,1241380
94811,,,1800000,,,1239717
94812,,,1800000,,,1239480
94813,,9000,,,,1241412
94814,,,,1500,,1241413
94815,,,15000,1500,,1241462
94821,,5000,,,,1241537
94822,,5000,,,,1241538
94823,,5000,,,,1241541
94824,,5000,,,,1241551
94825,,5000,,,,1241554
94826,,5000,,,,1241558
94827,,3000,,,,1241463
94828,,5000,,,,1241470
94829,,5000,,,,1241562
94832,,5000,,,,1241592
94833,,5000,,,,1241598
94834,,5000,,,,1241628
94835,,9000,,,,1223880
94836,,5000,,,,1223634
94837,,10000,,,,1223666
94839,,,120000,1500,,1236723
94840,,5000,,,,1241685
94841,,60000,,,,1237238
94843,,,,1000,,1241732
94844,,,,1000,,1241733
94845,,,,1000,,1241734
94846,,,,1000,,1241735
94847,,,10000,,,232067
94848,,,,1000,,1241736
94849,,,,1000,,1241737
94850,,,,1000,,1241738
94851,,,,1000,,1241739
94852,,,,1000,,1241740
94853,,,,1000,,1241741
94854,,,,1000,,1241742
94855,,,,1000,,1241743
94856,,,,1000,,1241745
94857,,,,1000,,1241747
94858,,,,1000,,1241748
94859,,,,1000,,1241749
94860,,,,1500,,1241750
94861,,,,1000,,1241751
94862,,,,1500,,1241756
94863,,,,1500,,1241760
94864,,,,1500,,1241763
94865,,5000,,,,1241766
94866,,5000,,,,1241773
94867,,5000,,,,1241782
94868,,5000,,,,1241783
94869,,5000,,,,1241789
94870,,,12000,,,1241798
94871,,5000,,,,1241799
94873,,,300000,1500,,1240408
94874,,,300000,1500,,1240082
94875,,,1600,,,1241512
94876,,,1600,,,1241828
94877,,,1600,,,1241829
94878,,5000,,,,1241868
94879,,5000,,,,1241870
94880,,,45000,,,1241871
94881,,5000,,,,1241876
94882,,5000,,,,1241879
94883,,5000,,,,1241881
94884,,5000,,,,1241882
94885,,5000,,,,1241893
94886,,90000,90000,1500,,1233577
94887,,,,1500,,1241937
94888,,,5000,,,1241944
94890,,,3000,,,1241968
94891,,,5000,,,1241971
94892,,,5000,,,1241972
94896,,,3000,,,1242017
94897,,,,1500,,1242025
94898,,,20000,,,1242037
94899,,60000,60000,1500,,1233181
94900,,60000,60000,1500,,1233775
94901,,4000,,,,1242075
94902,,6000,,,,1228507
94903,,5000,,,,1242159
94904,,,,1000,,1241851
94905,,,,1500,,1242173
94906,,,,1500,,1242174
94909,,,15000,,,1242196
94910,,,5000,1000,,1242197
94911,,,60000,,,1242203
94912,,,1000,,,1242226
94914,,,,1500,,1242265
94915,,5000,,,,1242192
94916,,5000,,,,1242254
94917,,,10000,,,1242281
94918,,20000,90000,1000,,1242326
94921,,,,1500,,1242355
94922,,,30000,,,1242351
94923,,,30000,,,1242354
94927,,,1000,,,1242414
94928,,,3000,,,1242005
94931,,,10000,,,1225446
94933,,5000,,,,1242529
94934,,5000,,,,1242531
94938,,5000,,,,1242581
94939,,,2000,,,1242595
94944,,3000,,,,1242644
94945,,5000,,,,1242648
94946,,7000,,,,1242664
94947,,,1000,,,1242700
94949,,5000,,,,1242766
94952,,4000,,,,423062
94953,,4000,,,,446359
94954,,,4000,,,1242675
94955,,3000,,1500,,1242889
94956,,,,1500,,1242911
94957,,5000,,,,1242912
94965,,4000,,,,1243010
94966,,5000,,,,1243020
94967,,90000,90000,1500,,1237711
94969,,,1500,1500,,1242973
94971,,5000,,,,1243102
94972,,5000,,,,1243131
94973,,5000,,,,1243149
94977,,5000,,,,1243258
94978,,,60000,1500,,1243271
94980,,,3000,1500,,1240083
94981,,,3000,1500,,1240407
94982,,,120000,,,1243411
94998,,,,1500,,1243460
95002,,,,1500,,1243499
95003,,,1000,,,1243506
95004,,,1000,,,1243544
95010,,5000,,,,1243346
95011,,5000,,,,1243409
95014,,,1000,,,1243570
95015,,5000,,,,1243471
95016,,5000,,,,1243501
95017,,,1000,,,1243578
95020,,3000,,,,1243586
95021,,500,,,,1243680
95022,,,2000,,,1243681
95023,,500,,,,1243682
95024,,500,,,,1243683
95025,,500,,,,1243685
95026,,500,,,,1243686
95027,,500,,,,1243687
95029,,,30000,,,1242261
95030,,,2000,,,1243719
95031,,9000,,,,1243728
95032,,,2000,,,1243734
95035,,,,1500,,1243765
95037,,,10,,,1243778
95038,,5000,,,,1243763
95039,,7000,,,,1243790
95041,,,45000,1000,,1243807
95045,,,,1500,,1243816
95048,,,10,,,1243906
95051,,2000,,,,1243931
95054,,,,1500,,1243948
95055,,,300000,,,1243972
95061,,,10000,1500,,1244013
95063,,20000,90000,,,1244029
95071,,,10000,1500,,1244065
95072,,,5000,,,1244066
95073,,,5000,,,1244067
95074,,,5000,,,1244068
95075,,,5000,,,1244071
95077,,,5000,,,1244073
95078,,,5000,,,1244074
95079,,,30000,,,1244076
95080,,,5000,,,1244080
95081,,,5000,,,1244081
95082,,,5000,,,1244082
95083,,,5000,,,1244083
95084,,,5000,,,1244084
95085,,,900000,,,1244085
95087,,,1500,,,1244088
95091,,,1500,,,1227676
95092,,,5000,1500,,1244116
95095,,,20000,1000,,1244258
95096,,5000,,,,1244267
95099,,5000,,,,1244357
95100,,3000,12000,1500,,1244361
95101,,,3000,,,1244400
95103,,7000,,,,1243612
95104,,7000,,,,1243630
95105,,5000,,,,1244455
95107,,,5000,,,1244481
95109,,,5000,,,1244506
95110,,,5000,,,1244512
95111,,,5000,,,1244515
95112,,,5000,,,1244517
95113,,,5000,,,1244518
95114,,,5000,,,1244520
95115,,,5000,,,1244521
95116,,5000,,,,1244538
95124,,,1000,,,1244592
95125,,,3000,,,1244616
95126,,20000,120000,,,1244636
95127,,5000,,,,1244660
95129,,,5000,,,1244807
95130,,7000,,,,1244834
95138,,,5000,,,1244930
95139,,5000,,,,1244931
95140,,,5000,,,1244932
95143,,,,1500,,1244953
95146,,,4000,,,1244973
95147,,5000,,,,1244974
95151,,3000,,,,1244997
95162,,7000,,,,1245173
95163,,5000,,,,1245362
95165,,,,1500,,1245405
95166,,,,500,,1245412
95168,,,2000,,,1241427
95169,,,,1500,,1245453
95170,,5000,,,,1245456
95171,,,,1500,,1245470
95173,,,,500,,1245483
95175,,,,1500,,1245498
95176,,5000,,,,1245482
95180,,,5000,,,1245566
95183,,25000,25000,,,1245624
95185,,1500,,,,1245639
95189,,5000,,,,1245537
95190,,5000,,,,1245696
95191,,,5000,,,1245466
95192,,,3000,,,1242161
95197,,,1000,,,1245786
95198,,,,1500,,1245828
95201,,5000,,,,1245772
95207,,5000,,,,1245749
95212,,5000,,,,1245998
95214,,,1500,,,1246003
95216,,5000,,,,1246010
95220,,,30000,1500,,1246033
95232,,,3600000,,,1246124
95233,,,60000,,,132158
95236,,5000,,,,1246150
95237,,,,1500,,1246166
95238,,,90000,1500,,1246167
95239,,,1500,,,1246187
95240,,300000,,,,1246302
95241,,180000,,,,1246308
95242,,,90000,1500,,1246309
95243,,300000,,,,1246313
95244,,,60000,,,1246323
95245,,300000,,,,1246335
95246,,,,1500,,1246521
95247,,,,1500,,1246522
95248,,,3000,,,1238037
95259,,5000,,,,1246628
95260,,20000,120000,,,1244008
95261,,,10000,,,1246639
95262,,,3000,1500,,1246640
95263,,,,1500,,1246642
95264,,,6000,,,1246659
95265,,3000,12000,1500,,1246662
95266,,3000,17000,1500,,1246667
95267,,,5000,,,1239395
95268,,3000,3000,,,1246747
95269,,3000,3000,,,1246748
95270,,,3000,,,1246762
95271,,,15000,,,1227495
95272,,,20000,,,1227478
95273,,,7500,1500,,1246768
95274,,5000,,,,1246773
95275,,3000,13000,1500,,1246803
95276,,6000,,,,1246805
95277,,,5000,,,1246359
95280,,,2000,,,1246867
95281,,1000,,,,1246860
95283,,,1000,,,1217118
95284,,5000,,,,1246952
95286,,3000,,,,1246957
95287,,3000,12000,1500,,1247008
95288,,,6000,,,1247058
95289,,,40000,,,1247078
95290,,300000,,1500,,1247083
95293,,300000,,,,1247091
95294,,,40000,,,1247115
95295,,,1800000,1000,,1247149
95297,,3000,,,,1246986
95298,,,10000,1500,,1247175
95299,,,,1000,,1247227
95300,,,20000,,,1247259
95310,,20000,120000,,,1244410
95313,,2000,,,,1247376
95314,,5000,,,,1247233
95315,,,,1500,,1247378
95322,,,100,,,1247416
95323,,,30000,,,1247492
95324,,600000,,1500,,1247510
95326,,5000,,,,1247536
95327,,,3000,,,1247307
95328,,,3000,,,1247318
95329,,,3000,,,1247320
95335,,,3000,,,1247613
95338,,,60000,,,1246980
95339,,,,1500,,1247681
95342,,5000,,,,1244290
95343,,30000,,,,1247710
95347,,,,1500,,1247740
95348,,,10000,1000,,1247747
95349,,,8000,1000,,1247770
95353,,,3000,,,466050
95360,,3000,12000,1500,,1247970
95366,,5000,,,,1245871
95367,,5000,,,,1245829
95370,,,20000,3000,,1248011
95371,,,1500,,,1248091
95375,,,8000,,,1247922
95376,,,500,,,1243733
95377,,1500,,,,1248106
95383,,,60000,1000,,1248108
95384,,,12000,1000,,1248172
95385,,,,1500,,1248186
95386,,,20000,1000,,1248196
95387,,,5000,,,1248222
95388,,,5000,,,1248227
95389,,25000,,,,1248290
95390,,,,1500,,1248307
95391,,3000,,,,1248229
95393,,,3000,,,1248368
95395,,,,1500,,1248425
95396,,,90000,,,1248428
95397,,3000,12000,1500,,1248434
95398,,,8000,,,1247624
95404,,6000,,,,1248513
95405,,,,1500,,1248523
95406,,,,1500,,1248525
95407,,,,1500,,1248526
95408,,,,1500,,1248527
95409,,,,1500,,1248529
95410,,,,1500,,1248531
95411,,,,1500,,1248532
95412,,,,1500,,1248551
95413,,,,1500,,1248552
95414,,,,1500,,1248553
95415,,,,1500,,1248554
95416,,,,1500,,1248555
95417,,,,1500,,1248556
95418,,,,1500,,1248557
95419,,,,1500,,1248558
95420,,,,1500,,1248559
95421,,,,1500,,1248560
95422,,,,1500,,1248561
95423,,,,1500,,1248562
95424,,,,1500,,1248564
95425,,,,1500,,1248565
95426,,,,1500,,1248566
95427,,,,1500,,1248577
95428,,,,1500,,1248578
95429,,,,1500,,1248579
95430,,,,1500,,1248580
95432,,,,1500,,1248581
95433,,,,1500,,1248582
95434,,,,1500,,1248583
95435,,,,1500,,1248584
95436,,,,1500,,1248585
95437,,,,1500,,1248586
95438,,,,1500,,1248587
95439,,,,1500,,1248588
95440,,,,1500,,1248589
95441,,,,1500,,1248590
95442,,,,1500,,1248591
95443,,,,1500,,1248592
95444,,,,1500,,1248593
95445,,,,1500,,1248594
95446,,,60000,1500,,1248595
95447,,,5000,,,1248679
95448,,14000,,,,1248698
95449,,5000,,,,1241279
95450,,,5000,,,1248731
95451,,,5000,,,1248732
95458,,,,1500,,1248769
95461,,,5000,,,1248807
95462,,,5000,,,1248820
95463,,,5000,,,1248822
95464,,,12000,1500,,1248829
95465,,,5000,,,1248900
95467,,,5000,,,1248948
95468,,5000,,,,1248950
95471,,,3000,,,1248966
95476,,,,1500,,1248988
95477,,,5000,,,1248990
95478,,,5000,,,1248995
95479,,,5000,,,1248998
95480,,,,1500,,1249000
95481,,5000,,,,1249002
95482,,,5000,,,1249004
95483,,,3000,,,1248999
95484,,,5000,,,1249007
95485,,,,1500,,1249016
95486,,5000,,,,1249025
95487,,5000,,,,1249031
95491,,,3000,,,1249048
95493,,,1000,,,1249062
95494,,,1000,,,1249063
95495,,,300000,,,1249102
95496,,,1000,1500,,1249111
95498,,,,1500,,1249130
95499,,,,1500,,1249148
95500,,,18000,1500,,1249149
95506,,,,1500,,1249256
95512,,,5000,,,1249338
95513,,,3000,,,1249369
95514,,,3000,,,1249457
95517,,,5000,,,1249488
95518,,,5000,,,1249491
95519,,,5000,,,1249494
95522,,,120000,,,1249601
95523,,,120000,,,1249602
95525,,,16000,,,1249625
95526,,,1000,,,1224774
95527,,,5000,,,1249647
95528,,,90000,,,1249658
95529,,,1000,1500,,1249703
95531,,8000,,,,1249737
95533,,,,1500,,1249779
95539,,25000,,1500,,1249816
95541,,,,1500,,1244178
95542,,,,1500,,1244099
95543,,,,1500,,1244113
95545,,,,1500,,1249929
95546,,,1000,,,1249930
95547,,5000,,,,1249996
95549,,5000,,,,1249812
95550,,5000,,,,1250010
95552,,5000,,,,1250024
95553,,5000,,,,1250040
95554,,5000,,,,1250029
95555,,,1000,,,1250046
95556,,,1000,,,1250047
95557,,,5000,,,1250058
95560,,,1000,,,1250069
95567,,,,1500,,1250138
95568,,5000,,,,1250161
95569,,10000,,,,1250164
95570,,5000,,,,1250178
95571,,,,1500,,1250188
95572,,1000,,,,1250190
95579,,,5000,,,1247773
95580,,,,1500,,1250360
95581,,,,1500,,1250361
95582,,,,1500,,1250362
95583,,,,1500,,1250363
95584,,,,1500,,1250365
95585,,,,1500,,1250366
95586,,,,1500,,1250367
95587,,,,1500,,1250368
95588,,,,1500,,1250369
95589,,,,1500,,1250370
95590,,,,1500,,1250371
95591,,,,1500,,1250373
95592,,,,1500,,1250374
95593,,5000,,,,1250379
95594,,5000,,,,1250394
95595,,,30000,1500,,1250404
95597,,1500,,,,1250491
95598,,,1000,,,1250502
95599,,20000,120000,,,1250508
95600,,20000,90000,,,1250533
95603,,2000,,,,1233411
95606,,20000,90000,,,1250561
95608,,20000,90000,,,1250580
95611,,20000,90000,,,1250587
95615,,12000,,,,1227367
95617,,,90000,1500,,1250646
95618,,,1000,,,1250723
95619,,,1000,,,1237096
95620,,3000000,,,,1250731
95621,,3000000,,,,1250729
95622,,,500,,,1250761
95624,,500,,,,1250817
95625,,,8000,,,1250819
95626,,500,,,,1250827
95627,,,,1500,,1250878
95628,,,,1000,,1250888
95631,,,4000,,,1250893
95648,,,100,,,1250965
95662,,,,1500,,1250997
95663,,,10000,1000,,1251001
95667,,,,1000,,1251114
95669,,,,1000,,1251165
95670,,,,1000,,1251166
95671,,,,1000,,1251168
95672,,,1500,,,1251215
95674,,,3000,1500,,1251266
95676,,,,1250,,1234698
95678,,,6000,,,1251336
95680,,,30000,1500,,1251417
95681,,90000,90000,1500,,1251045
95682,,2000,,,,1251372
95683,,2000,,,,1251415
95687,,5000,,,,1251438
95689,,4000,,,,1251562
95691,,,,1500,,1251592
95692,,,,1500,,1251593
95694,,2000,,,,1251632
95695,,,3000,,,1251647
95696,,,,1000,,1251672
95697,,,,1000,,1251673
95698,,,,1000,,1251674
95699,,,,1000,,1251675
95701,,3000,,,,1251713
95702,,,,1500,,1251746
95704,,,,1500,,1251766
95705,,,,1500,,1251770
95706,,,,1500,,1251771
95708,,4000,,,,1251714
95709,,,,1500,,1251782
95710,,3000,,,,1251783
95711,,3000,,,,1251696
95714,,,20000,,,1249953
95715,,,8000,,,1250738
95716,,3000,,,,1251887
95717,,,15000,,,1250162
95718,,,60000,,,1250769
95738,,,5000,,,1251943
95739,,4000,,,,1251952
95741,,,90000,,,1251988
95742,,,180000,,,1251903
95748,,,30000,,,1251055
95749,,,15000,,,1251050
95750,,,15000,,,1251054
95754,,,20000,,,1251101
95756,,5000,,,,1252076
95757,,3000,,,,1251918
95758,,,250,,,1252075
95760,,,8000,,,1252142
95765,,,3000,,,1252226
95766,,3000,,,,352796
95767,,3000,,,,355998
95770,,,1000,,,1252390
95771,,,250,,,1242449
95772,,,250,,,1242673
95773,,,250,,,1243516
95774,,,250,,,1223312
95775,,,5000,,,1252228
95776,,,16000,1500,,1252433
95788,,2000,,,,1252621
95789,,,15000,,,1252624
95790,,,1000,,,1252574
95791,,3000,,,,1252626
95792,,,4000,,,1252677
95795,,,15000,,,1252710
95798,,,3000,,,1252797
95799,,,15000,,,1252831
95802,,,1000,,,1252866
95803,,,30000,1500,,1252871
95809,,,750,,,1252925
95810,,,1000,,,1252928
95811,,4000,,,,1252829
95812,,2000,,,,1252868
95813,,,,1500,,1252950
95814,,,1000,,,1252951
95815,,,1000,,,1252977
95816,,500,500,,,1253023
95819,,7000,,,,1253007
95821,,,30000,1500,,1253074
95823,,,1000,,,1253089
95825,,20000,120000,,,1250557
95826,,5000,,,,1253131
95827,,,50,,,1253132
95828,,,10000,,,1253133
95830,,,,1500,,1252687
95831,,,,1500,,1252808
95848,,3000,,,,1253448
95849,,3000,,,,1253446
95850,,,3600000,,,1253466
95851,,,2000,,,1252774
95852,,2000,,,,1253459
95856,,4000,,,,1253296
95857,,6000,,,,1253183
95858,,1000,,,,1253227
95859,,,10000,,,1253557
95860,,,10000,,,1253559
95862,,7500,,1500,,1253593
95863,,2000,,,,1253594
95864,,,25000,1500,,1253596
95865,,2000,,,,1253606
95866,,2000,,,,1253608
95867,,,2500,1500,,1253664
95868,,,,1000,,1253602
95870,,750,,,,1253695
95871,,750,,,,1253701
95872,,,,1500,,1253745
95876,,,60000,1500,,1253799
95877,,,1000,,,1253891
95879,,,5000,,,1253921
95881,,,,1000,,1253983
95884,,,,1000,,1253993
95886,,,250,,,1254015
95889,16,12000,,,,1227367
95893,,,,1500,,1254066
95895,,,3000,,,1236150
95896,,,3000,,,1254098
95897,,,,1500,,1254117
95898,,,,1500,,1254162
95899,,3000,,,,1254074
95900,,3000,,,,1254093
95901,,3000,,,,1254163
95902,,20000,90000,,,1254193
95903,,,,1500,,1254201
95904,,,,1500,,1254207
95905,,,,1500,,1254208
95906,,,,1500,,1254212
95907,,,,1500,,1254213
95919,,,1200000,,,1254376
95920,,,,1500,,1254381
95921,,,1000,,,1254394
95922,,28800000,,1500,,1254400
95923,,1500,45000,1500,,1233448
95924,,,10,,,1254431
95925,,,3000,,,1254532
95927,,,3000,,,1254538
95928,,,3000,,,1254541
95929,,28800000,,1500,,1254551
95930,,28800000,,1500,,1254555
95931,,28800000,,1500,,1254557
95932,,28800000,,1500,,1254559
95933,,28800000,,1500,,1254563
95934,,3000,,,,1254434
95935,,28800000,,1500,,1254572
95938,,8000,,,,1253284
95941,,20000,120000,,,1254624
95942,,20000,120000,,,1254641
95943,,5000,,,,1254643
95944,,5000,,,,1254566
95947,,3000,,,,1254658
95948,,3000,,,,1254730
95949,,,2500,1500,,1254755
95950,,,100,,,1233612
95951,,20000,120000,,,1230285
95953,,,,1500,,1254822
95954,,,,1500,,1254840
95955,,,,1500,,1254851
95958,,,10000,,,1254941
95959,,,15000,,,1254699
95962,,,100,,,1254962
95963,,,4000,,,1255165
95964,,4000,,,,1255170
95966,,,3000,,,1255235
95967,,,,1500,,1255247
95968,,3000,,,,1255195
95969,,3000,,,,1255218
95970,,3000,,,,1255244
95971,,3000,,,,1254722
95974,,20000,120000,,,1253114
95978,,3000,,,,1255324
95979,,,,1500,,1255366
95981,,,,1500,,1255391
95983,,,60000,,,1255411
95985,,3000,,,,1254761
95986,,2000,,,,1254720
95988,,1000,,,,1255432
95989,,,,1500,,1255433
95990,,1000,,,,1255439
95991,,1000,,,,1255440
95993,,3000,,,,1255461
95994,,,15000,,,1255277
95995,,5000,,,,1255466
95997,,,30000,,,1255501
95998,,,,1500,,1255535
95999,,,,1500,,1255552
96000,,3000,,,,1255567
96006,,7000,,,,1255622
96008,,5000,,,,1254777
96009,,5000,,,,1254779
96010,,5000,,,,1254933
96012,,20000,90000,,,1254638
96013,,,45000,,,1255168
96014,,,,1500,,1255786
96015,,,3000,,,1255792
96016,,,3000,,,1255794
96017,,,3000,,,1255796
96025,,,1000,,,1255960
96027,,,100,,,1255973
96031,,500,5000,,,1256011
96033,,,1000,,,1256054
96034,,,3000,,,1256057
96047,,3000,,,,1255884
96049,,30000,,,,1256171
96053,,12000,,,,1255971
96054,,15000,,,,1256050
96056,,2000,,,,1256194
96058,,,180000,1500,,1256205
96061,,,,15000,,1256351
96062,,3000,,,,1255713
96063,,3000,,,,1256352
96064,,,4000,,,1256058
96066,,,,1500,,1256380
96068,,5000,,,,1256523
96069,,,25000,1500,,424445
96071,,3000,,,,1256547
96072,,3000,,,,1256021
96073,,,,1500,,1256581
96074,,1500,,,,1256697
96075,,5000,5000,,,153898
96076,,4000,,,,1256640
96077,,7000,,,,1256691
96078,,3000,,,,1256749
96080,,20000,120000,,,1256791
96082,,,300000,,,1256801
96086,,1000,2000,,,1256702
96092,,2000,2000,,,1256860
96093,,500,1000,,,1256861
96094,,500,500,,,1256862
96095,,500,1000,,,1256863
96098,,,6000,,,1256997
96099,,,1000,1500,,1257064
96101,,,,1500,,1257069
96105,,,100,,,1257162
96107,,,2000,,,1257180
96109,,,10000,,,1257209
96111,,,30000,,,102828
96114,,10000,,,,1257549
96115,,,10,,,1257554
96116,,,1000,,,1257555
96118,,10000,,,,1244949
96120,,,,1500,,1257698
96121,,,250,,,1257708
96123,,,,1500,,1257742
96125,,3000,12000,1500,,1257104
96126,,3000,,,,1257504
96128,,2000,,,,1257774
96129,,8000,,,,1257798
96132,,4000,,,,1257548
96133,,3000,,,,1257609
96135,,4000,,,,1257799
96136,,3000,,,,1257556
96137,,1000,,,,1256594
96138,,1000,,,,1257862
96139,,3000,,,,1256125
96140,,3000,,,,1257926
96141,,3000,,,,1257915
96142,,,500,,,321507
96143,,1000,,,,1257971
96144,,1000,,,,1257972
96145,,1000,,,,1257973
96146,,1000,,,,1257974
96147,,1000,,,,1257975
96148,,1000,,,,1257976
96149,,1000,,,,1257977
96150,,1000,,,,1257978
96151,,1000,,,,1257979
96152,,,3000,,,1258005
96153,,,4000,,,1258009
96154,,,4000,,,1258010
96156,,,2000,,,1258071
96157,,,1000,,,1233352
96158,,,,1500,,1258080
96159,,,90000,1500,,1258081
96161,,120000,,,,1258120
96162,,3000,,,,1258136
96163,,3000,,,,1257320
96164,,3000,,,,1257825
96165,,,60000,,,1224863
96166,,,60000,,,1258145
96167,,,60000,,,1258146
96168,,5000,,,,1258168
96171,,3000,,,,1258149
96172,,3000,,,,1258207
96175,,,250,,,1258233
96176,,,,1500,,1258247
96177,,,250,,,1258268
96178,,20000,90000,,,1258283
96179,,,250,,,1258284
96180,,,30000,1500,,1258328
96181,,,250,,,1258340
96182,,,100,,,1258346
96183,,,30000,1500,,1258350
96184,,10000,,,,1257832
96186,,5000,,,,1258362
96190,,1000,,,,1258413
96194,,4000,,,,1249801
96195,,4000,,,,1257747
96196,,5000,,,,1258479
96197,,,,1500,,1258484
96198,,,,1500,,1258476
96199,,5000,,,,1258488
96200,,,1000,,,1258490
96202,,1000,2000,,,1258522
96205,,5000,,,,1258588
96206,,7000,,,,1258594
96207,,,,1500,,1258627
96208,,,,1500,,1258629
96209,,,,1500,,1258631
96210,,,,1500,,1258633
96211,,,,1500,,1258634
96212,,,,1500,,1258635
96213,,,,1500,,1258636
96214,,,,1500,,1258637
96215,,,,1500,,1258642
96216,,,,1500,,1258645
96217,,,,1500,,1258648
96218,,,,1500,,1258652
96219,,,,1500,,1258653
96220,,5000,,,,1258630
96221,,5000,,,,1258656
96226,,,3000,,,1258782
96228,,5000,,,,1258839
96229,,,,1500,,1258852
96230,,,3600000,,,1258850
96231,,5000,,,,1258893
96232,,5000,,,,1258966
96233,,5000,,,,1258937
96234,,,,1500,,1258975
96235,,5000,,,,1258976
96236,,,1000,,,1242201
96240,,5000,,,,1259086
96241,,3000,17000,1500,,1259111
96243,,,3000,,,1259152
96244,,20000,120000,1000,,1259153
96245,,4000,,,,1258470
96247,,,,1500,,1259172
96248,,,120000,,,1259173
96249,,,120000,,,1259174
96250,,,120000,,,1259175
96251,,,,1500,,1259190
96252,,,60000,1500,,1259194
96253,,8000,,,,1258639
96254,,5000,,,,1259220
96255,,5000,,,,1259210
96256,,5000,,,,1259227
96258,,5000,,,,1259235
96262,,12000,,,,1259185
96264,,,3000,,,1259286
96265,,,500,,,1259298
96266,,,500,,,1259300
96267,,,500,,,1259301
96268,,,500,,,1259302
96269,,,500,,,1259303
96270,,,500,,,1259305
96271,,,500,,,1259306
96272,,,500,,,1259307
96273,,,500,,,1259308
96274,,,500,,,1259309
96275,,,500,,,1259310
96276,,,500,,,1259313
96288,,,90000,1500,,1259431
96289,,20000,120000,,,1253115
96291,,,1000,,,1259467
96292,,,3000,,,1259477
96293,,,10000,,,1245561
96361,,,10000,,,1250688
96682,,4000,,,,1254353
96683,,5000,,,,1258217
96684,,20000,90000,,,1259633
96685,,600000,,1500,,1259644
96686,,600000,,1500,,1259646
96687,,300000,600000,,,1259648
96689,,,,180000,,1259656
96691,,,,180000,,1259658
96692,,,,180000,,1259659
96695,,,180000,,,1259687
96697,,,,1000,,1259712
96698,,5000,,,,1259716
96700,,,5000,,,1259730
96701,,,5000,,,1259734
96702,,,5000,,,1259735
96703,,,,1500,,1259790
96705,,5000,,,,1259737
96707,,5000,,,,1259814
96708,,5000,,,,1259830
96715,,,,,1259915,1259915
96716,,,20000,,,1259988
96717,,,,1500,,1259999
96772,,,120000,,,1260050
96883,,,30000,,,1214675
96948,,,1000,,,1260051
96949,,,1000,,,1260089
96950,,,60000,1500,,1257052
96951,,,1000,,,1260226
96952,,20000,180000,,,1260266
96955,,,500,,,1260426
96956,,,5000,,,1253149
96957,,20000,90000,,,1260459
96959,,,,1500,,1250197
96960,,,3600000,,,1260483
96961,,,10000,,,1233459
96963,,,2000,,,1248496
96967,,4000,,,,1260602
96969,,,,3000,,234313
96970,,20000,120000,,,1260633
96971,,2000,6000,,,1260640
96972,,,,1500,,1260715
96973,,,,1500,,1260722
96974,,1000,,,,1255972
96975,,5000,,,,1260776
96976,,,900000,,,1260784
96977,,5000,,,,1260785
96978,,5000,,,,1260792
96979,,5000,,,,1260795
96980,,5000,,,,1260796
96981,,5000,,,,1260800
96982,,,,1500,,1260806
96983,,,7000,,,1260809
96984,,3000,,,,1260819
96985,,3000,,,,1260824
96986,,5000,,,,1260825
96987,,3000,,,,1260829
96988,,,7000,,,1260815
96989,,2000,,,,1260830
96990,,3000,,,,1260831
96991,,,20000,,,1260833
96992,,,30000,,,1260320
96993,,,900000,,,1260864
96994,,,,1500,,1260869
96995,,,500,,,1260871
96996,,5000,,,,1260870
96999,,,,1500,,1261018
97000,,,,1500,,1261022
97001,,5000,,,,1261067
97003,,,,1500,,1242509
97004,,,3000,,,1261109
97006,,,,1500,,1261153
97008,,5000,,,,1261202
97009,,,500,,,1261214
97012,,,60000,1500,,1261193
97013,,,,1500,,1261262
97014,,5000,,,,1261264
97015,,5000,,,,1261266
97017,,5000,,,,1261345
97018,,5000,,,,1261346
97021,,,3000,,,1261421
97022,,5000,,,,1261419
97023,,,120000,,,1261505
97024,,5000,,,,1261530
97025,,,60000,,,1261559
97028,,,3000,,,1261674
97029,,,,1500,,1261676
97030,,,,1500,,1261687
97031,,5000,,,,1261690
97032,,5000,,,,1261705
97033,,5000,,,,1261771
97034,,,,1000,,1261784
97035,,,,1500,,1261812
97036,,,,1500,,1261816
97037,,,,1500,,1261817
97038,,,,1500,,1261818
97039,,,,1000,,1261829
97040,,5000,,,,1261833
97041,,120000,,,,1261867
97042,,120000,,,,1261868
97043,,120000,,,,1261870
97044,,120000,,,,1261872
97045,,3000,,,,1261894
97046,,3000,,,,1261899
97053,,,,1500,,1261979
97055,,,1000,,,1262031
97056,,,,1500,,1262069
97057,,,,1500,,1262070
97058,,,,1500,,1262071
97059,,,,1500,,1262072
97060,,,,1500,,1262113
97061,,,1000,,,1262134
97063,,6000,,,,474240
97064,,,,1500,,1262186
97065,,,,1500,,1262188
97066,,,,1500,,1262189
97067,,,,1500,,1262268
97068,,,,1500,,1262270
97069,,,,1500,,1262271
97070,,,,1500,,1262272
97072,,,30000,,,1262290
97073,,,,1500,,1262343
97074,,,30000,1500,,1262391
97075,,,1000,,,1262417
97076,,,1000,,,1262466
97077,,20000,90000,,,1262496
97079,,,3000,,,1262564
97086,,5000,,,,1262626
97088,,,1000,,,1262679
97089,,,,1500,,1262701
97090,,5000,,,,1262707
97091,,3000,,,,1262720
97092,,,3000,,,1262731
97094,,,,1500,,1262763
97095,,,,1000,,1262780
97096,,,,1500,,1262832
97099,,300000,,,,1262857
97102,,,5000,,,1262873
97103,,,,1500,,1262925
97120,,5000,,,,1262855
97121,,5000,,,,1262892
97139,,300000,,,,1263074
97146,,1500,1500,,,1263084
97148,,,5000,,,1263168
97149,,,1000,,,1263258
97150,,,,1000,,1263262
97151,,,,1000,,1263265
97153,,,12000,1500,,1263276
97154,,,5000,,,1263279
97157,,,10000,,,1263365
97158,,,10000,,,1258196
97159,,,60000,,,1259472
97162,,,,1000,,1262765
97164,,120000,,1500,,1263569
97166,,5000,,,,1263592
97167,,,,1000,,1263438
97170,,20000,90000,,,1263644
97172,,5000,,,,1263653
97174,,,,1500,,1263739
97175,,5000,,,,1263710
97178,,,45000,500,,1263824
97182,,,,5000,,1243718
97183,,,100,,,1263886
97186,,,120000,1500,,1263901
97188,,,,1500,,1263911
97190,,,,1500,,1263916
97193,,,3000,,,1263996
97195,,,1000,,,1264059
97196,,,1000,,,1264060
97197,,,1000,,,1264061
97198,,,1000,,,1264062
97199,,,1000,,,1264063
97200,,,1000,,,1264064
97201,,,1000,,,1264066
97202,,,1000,,,1264067
97203,,,1000,,,1264068
97204,,,1000,,,1264069
97205,,,1000,,,1264070
97206,,,1000,,,1264071
97207,,,1000,,,1264072
97208,,,1000,,,1264073
97209,,,1000,,,1264074
97210,,,1000,,,1264075
97211,,,1000,,,1264076
97212,,,1000,,,1264077
97213,,,1000,,,1264078
97214,,,1000,,,1264079
97215,,,1000,,,1264080
97216,,,,1500,,1264100
97217,,,3000,,,1264115
97218,,,,1500,,1264120
97219,,,,1500,,1264121
97220,,,,1500,,1264122
97221,,,,1500,,1264123
97222,,,,1500,,1264125
97223,,,,1500,,1264127
97226,,3000,,,,1264215
97227,,,,1500,,1264217
97229,,,,1500,,1264228
97230,,,,1500,,1264233
97231,,,,1500,,1264236
97232,,,,1500,,68683
97233,,5000,,,,1264263
97234,,180000,1200000,,,1264273
97238,,,3000,,,1251022
97240,,,3000,,,1250998
97243,,4000,,,,1264310
97244,,,,1500,,1264147
97245,,3000,,,,1264328
97246,,3000,22000,1500,,1264338
97247,,,,1500,,1264346
97248,,,8000,1500,,1264359
97249,,3000,,,,1257701
97250,,3000,,,,1264307
97251,,3000,,,,1264306
97252,,,180000,,,1264356
97254,,,3000,,,1264475
97260,,,6000,1500,,1264485
97267,,5000,,,,1264493
97268,,3000,13000,1500,,1264503
97269,,5000,,,,1264509
97272,,12000,,,,1264545
97275,,,,1000,,1264572
97277,,,,1000,,1264601
97278,,,,1000,,1264602
97279,,,,1000,,1264604
97280,,,,1000,,1264607
97281,,,,1000,,1264608
97282,,,,1000,,1264609
97283,,,,1000,,1264610
97284,,,,1500,,1264611
97286,,,5000,,,1264633
97287,,,5000,,,1264634
97288,,,300000,,,1264653
97290,,,,1500,,1264733
97299,,,20000,,,1264767
97300,,,20000,,,1264779
97301,,8000,,,,1264553
97302,,5000,,,,1264169
97303,,,20000,,,1264784
97304,,,20000,,,1264786
97305,,,20000,,,1264789
97307,,,30000,,,1264743
97309,,,20000,,,1264915
97310,,,20000,,,1264917
97311,,,20000,,,1264918
97312,,,20000,,,1264919
97317,,,,1500,,1264949
97319,,3000,,,,1254301
97320,,3000,,,,1254294
97321,,3000,,,,1254336
97322,,,20000,,,1265007
97339,,1500,,,,1264637
97340,,1500,,,,1265070
97341,,,,1500,,1265142
97343,,13000,,,,1253683
97346,,,3000,,,1265308
97349,,,4000,,,1265330
97350,,4000,,,,133346
97351,,1000,,,,1265009
97352,,20000,180000,,,1265336
97353,,,1000,,,1265352
97354,,,4000,,,1265362
97355,,,3600000,,,1249473
97356,,,,1500,,1265363
97357,,,3000,,,1242347
97361,,,,1500,,1265397
97362,,,1000,,,1227241
97363,,,1000,,,1227240
97364,,,1000,,,1227239
97365,,,1000,,,1227238
97366,,,1000,,,1227236
97367,,,1000,,,1265413
97368,,,6000,,,1265377
97369,,5000,12000,,,1265388
97370,,,26000,,,1265396
97371,,,18000,,,1265392
97372,,5000,14000,,,1265390
97373,,,22000,,,1265394
97374,,,24000,,,1265417
97375,,,300000,,,1253549
97376,,1000,1000,,,1265471
97377,,,3000,,,1265475
97378,,1000,12000,1000,,1265479
97380,,1000,1000,,,1256010
97381,,5000,,,,1265511
97382,,,120000,,,1265528
97383,,1000,,,,1265491
97384,,1000,,,,133465
97385,,1000,,,,133499
97392,,5000,,,,1265763
97395,,1000,,,,136334
97396,,1000,,,,135236
97397,,300000,300000,,,1265805
97398,,300000,300000,,,1265806
97402,,,,1500,,1265872
97413,,1500,,,,1265936
97415,,,,1500,,1265969
97416,,5000,,,,1264966
97417,,,30000,,,1266040
97418,,30000,,,,1266042
97420,,,2000,,,1266101
97422,,1000,,,,1266104
97423,,1000,,,,139963
97425,,,,1500,,1266115
97427,,5000,,,,1266125
97428,,5000,,,,1266131
97429,,5000,,,,1266132
97430,,5000,,,,1266135
97431,,5000,,,,1266137
97432,,,10000,,,1266139
97433,,,8000,,,1266142
97434,,,2000,,,1266143
97436,,,,1500,,1266148
97438,,,500,,,1266152
97440,,5000,,,,1266162
97441,,5000,,,,1266166
97442,,5000,,,,1266167
97443,,5000,,,,1266171
97444,,5000,,,,1266176
97445,,5000,,,,1266181
97447,,,5000,1500,,1266190
97449,,5000,,,,1266201
97451,,6000,,1500,,1266237
97452,,,1000,,,1266246
97454,,,2000,,,1266273
97455,,5000,,,,1266302
97456,,5000,,,,1266251
97457,,5000,,,,1266275
97458,,5000,,,,1266313
97459,,5000,,,,1266319
97467,,,500,,,1266332
97469,,5000,,,,1266343
97470,,,,1500,,1266348
97471,,3500,,,,141395
97472,,3500,,,,141400
97473,,,1500,,,1266314
97475,,3000,,,,1266381
97476,,,70000,,,1266436
97477,,,70000,,,1266437
97478,,,70000,,,1266438
97479,,3000,,,,1257546
97480,,3000,,,,1259651
97481,,,3000,,,1266457
97482,,5000,,,,1266492
97483,,1000,10000,1000,,1266524
97484,,5000,,,,1266526
97485,,,1000,,,1266532
97486,,,3000,1500,,1266536
97488,,,15000,,,1260017
97489,,,10000,,,1266551
97490,,,,1500,,1266590
97491,,500,,,,1266604
97492,,1500,,,,1266608
97493,,,500,,,198589
97494,,,5000,,,1266634
97495,,,1000,,,1266695
97499,,1000,,,,1266739
97500,,1000,1000,,,1266757
97501,,,,1500,,1266770
97502,,,1000,,,1266797
97505,,,,1500,,1266834
97512,,,,1500,,1266976
97514,,3000,13000,1500,,1266989
97515,,7000,,,,1266994
97516,,5000,,,,1266995
97517,,5000,,,,1266998
97518,,,90000,1000,,1267019
97519,,,,1500,,1267050
97520,,,,1000,,1267068
97522,,,,1500,,1267090
97524,,,3000,1500,,1267094
97525,,5000,,,,1266815
97526,,,3000,1500,,1267100
97531,,3000,,,,1252625
97532,,5000,,,,1267178
97533,,,,1500,,1267222
97535,,,5000,1500,,1268663
97536,,5000,,,,1268670
97537,,,,1500,,1268686
97538,,,,1500,,1268687
97539,,5000,,,,1268688
97540,,5000,,,,1268689
97541,,,,1500,,1268693
97542,,5000,,,,1268695
97543,,,,1500,,1268696
97544,,,,1500,,1268698
97545,,,,1500,,1268704
97546,,,3000,1500,,1268711
97547,,,,1500,,1268718
97548,,,180000,,,1268773
97549,,,1000,,,1268776
97564,,1000,6000,,,1268660
97566,,5000,,,,1269136
97567,,5000,,,,1269143
97572,,,3000,,,1269151
97573,,,,1500,,1269152
97574,,,4000,4000,,1247311
97575,,,3000,,,1269162
97576,,,,1500,,1269167
97577,,,,1500,,1269168
97578,,5000,,,,1269169
97579,,,,1500,,1269170
97580,,,,1500,,1269171
97581,,,1000,,,1269188
97582,,,1000,,,1266637
97583,,5000,,,,1269190
97585,,,,1000,,1269210
97586,,,,1000,,1269211
97587,,,,1000,,1269212
97588,,,4000,,,1269219
97592,,,,1500,,1269361
97593,,,,1500,,1269383
97594,,,,1000,,1269396
97596,,,5000,1500,,1269485
97597,,,,1500,,1269491
97598,,,,1500,,1269535
97601,,4000,,,,1269563
97602,,5000,,,,1269587
97609,,,,1500,,1269612
97610,,1500,,,,1269613
97611,,,,1500,,1269618
97612,,,,1500,,1269620
97613,,,,1500,,1269621
97614,,,,1500,,1269622
97615,,60000,60000,60000,,1269623
97616,,,,1500,,1269627
97625,,1500,20000,,,1269720
97626,,1500,3000,,,1269769
97627,,5000,,,,1269867
97628,,,,1500,,1269889
97629,,,1000,,,1269893
97630,,30000,,1500,,1269898
97633,,5000,,,,1269914
97634,,4000,,,,1269935
97639,,2000,,,,1270077
97640,,,6000,,,1262699
97641,,,30000,1500,,1270095
97642,,1000,,,,1269990
97644,,5000,,,,1270241
97645,,5000,,,,1270244
97646,,4000,,,,1270248
97647,,5000,,,,1270254
97649,,4000,,,,1270264
97651,,3000,,,,1270268
97652,,5000,,,,1270274
97654,,5000,,,,1270278
97655,,5000,,,,1216947
97656,,5000,,,,1216954
97657,,,,1500,,1270311
97658,,2000,,,,1270314
97659,,5000,,,,1270351
97660,,,100,,,1270397
97667,,,,1000,,1270530
97668,,,,1000,,1270531
97669,,,,1000,,1270532
97670,,,,1000,,1270533
97671,,,,1000,,1270534
97672,,,,1000,,1270535
97673,,,,1000,,1270536
97674,,,,1000,,1270537
97675,,,,1000,,1270538
97676,,,,1000,,1270539
97677,,,,1000,,1270540
97678,,,,1500,,1270553
97679,,5000,,,,1270556
97680,,,,1500,,1270583
97683,,8000,,,,471648
97684,,,6000,,,1270634
97686,,5000,,,,1270646
97687,,,1500,,,1270727
97689,,2000,,,,1270769
97691,,3000,12000,1500,,1270771
97694,,,,1500,,1270788
97695,,,1000,,,1225480
97696,,,6000,1500,,221159
97697,,2000,,,,1270770
97699,,,,1500,,1270814
97700,,,,1500,,1270818
97701,,,2000,1500,,1270819
97706,,,1000,,,1270838
97708,,3000,12000,1500,,1270848
97709,,5000,,,,1270866
97710,,15000,,,,1270849
97711,,500,,,,1270905
97712,,500,,,,1270910
97713,,3000,,,,1270915
97714,,3000,,,,1270918
97715,,,20000,,,1266602
97716,,,20000,,,1266601
97717,,,6000,,,1270962
97718,,5000,,,,1270980
97720,,2000,,,,1271043
97725,,1000,,,,1271138
97728,,,120000,,,1271190
97732,,3000,,,,1252429
97735,,,4000,,,1227633
97736,,,,1500,,1271337
97740,,,1500,1500,,1270778
97741,,,3600000,,,1271402
97743,,,,1500,,1271410
97744,,,,1500,,1271411
97749,,,,1500,,1271425
97750,,,,1000,,1271460
97752,,,,1500,,1271482
97759,,,20000,,,1271568
97762,,,20000,,,1271584
97764,,,20000,,,1271596
97770,,,1000,,,1260500
97771,,,20000,,,1271622
97772,,,20000,,,1271625
97776,,,,1500,,1271640
97778,,4000,,,,1256354
97780,,3000,,,,1271681
97781,,3000,12000,1500,,1271693
97785,,120000,,1500,,1271748
97787,,,6000,1500,,1271760
97788,,,,1500,,1271765
97789,,,20000,1500,,1271775
97791,,120000,,1500,,1271800
97792,,120000,,1500,,1271802
97793,,,600000,,,1244268
97794,,,600000,,,1262837
97795,,,600000,,,1262850
97803,,,,1500,,1271843
97804,,,,1500,,1271852
97813,,,3600000,,,1271973
97814,,,3600000,,,1271978
97815,,,3600000,,,1271983
97816,,,6000,,,1271980
97817,,,6000,,,1271982
97818,,,,1500,,1271988
97820,,1500,,,,1272085
97822,,,10000,,,1272117
97823,,180000,,,,1272120
97826,,,,1500,,1272165
97830,,,40000,,,1272248
97831,,,1000,,,1272256
97832,,60000,,,,1245928
97833,,5000,,,,1264205
97835,,,600000,,,1272270
97837,,,30000,,,1272285
97838,,,30000,,,1272289
97839,,,5000,,,1272297
97840,,,600000,,,1272307
97841,,,3600000,,,1232535
97843,,1000,,,,1247920
97844,,,10000,,,1272386
97845,,,3000,,,1272337
97846,,,3000,,,1272450
97848,,10800000,,,,1272463
97849,,20000,150000,,,1272482
97850,,20000,150000,,,1272460
97852,,,30000,,,1272271
97854,,20000,120000,,,1272693
97855,,,,1500,,1272755
97856,,2000,,,,1272775
97857,,,10000,,,1247041
97858,,4000,,,,1272815
97859,,,,1500,,1272852
97861,,,,1500,,1272858
97873,,5000,,,,1272903
97874,,,10000,,,1272963
97876,,,5000,,,1272997
97877,,,5000,,,1272998
97878,,,3000,,,1273040
97879,,3000,,,,1273098
97880,,,1000,,,1273127
97881,,,,1500,,1273131
97883,,,180000,,,1273325
97885,,,1000,,,1273345
97887,,,,1500,,1262293
97888,,,,1500,,1273401
97889,,2000,,,,1273356
97894,,,5000,,,1275722
97896,,,3000,,,1275778
97899,,,3000,,,1275804
97901,,1500,1500,1500,,1275810
97903,,1500,10000,1500,,1275812
97904,,1500,12000,1500,,1275814
97906,,1500,3000,1500,,1275818
97907,,3000,3000,1500,,1275822
97912,,3000,8000,1500,,1275854
97914,,1000,1000,1000,,1275864
97915,,,3000,1500,,1275866
97916,,1500,15000,1500,,1275868
97919,,5000,,,,1275887
97920,,3000,,,,1275961
97922,,,60000,,,1269487
97924,,,100,,,1276079
97928,,,1000,,,1276077
97944,,,10000,,,1276297
97946,,,,1500,,1276430
97947,,120000,,1500,,1276452
97948,,120000,,1500,,1276467
97950,,,7000,,,1276555
97951,,3000,,,,1276436
97952,,3000,,,,1276247
97953,,3000,,,,1258427
97954,,3000,,,,1243963
97958,,,120000,1500,,1276672
97964,,,20000,,,1276784
97984,,,20000,,,1276949
97985,,,10000,,,1276955
97986,,,20000,,,1250763
97987,,,20000,,,1276991
97988,,,20000,,,1276992
97989,,,20000,,,1276996
97990,,,20000,,,1276997
97991,,,20000,,,1276998
97993,,,1000,,,1277033
97994,,,1000,,,1277035
97995,,,1000,,,1277036
97996,,,1000,,,1277037
97998,,4000,,,,1252406
98001,,,,1500,,1277099
98003,,,,500,,1277116
98004,,,,1000,,1277117
98008,,,,1500,,1277185
98009,,1000,,,,1277187
98021,,3000,10000,1500,,1275846
98112,,,20000,1500,,1277297
98132,,3000,,,,1277339
98141,,,10000,,,1277383
98146,,,3000,,,1277434
98165,,20000,120000,,,1254339
98172,,3000,13000,1500,,1277559
98178,,,1500,,,1277649
98179,,,1000,,,1277655
98180,,,8000,,,1277676
98181,,,,1500,,1277679
98183,,,,1500,,1277697
98184,,,,1500,,1277701
98185,,,1000,,,1277749
98186,,5000,,,,1277753
98187,,5000,,,,1256933
98188,,,1000,,,1277765
98189,,,,1000,,1257354
98190,,2500,,,,1257542
98193,,1000,1000,,,1277796
98194,,,3000,1500,,1277849
98195,,,1000,,,1277863
98198,,,240000,1000,,1277933
98200,,5000,,,,1277954
98201,,5000,,,,1277975
98203,,,,1500,,1278026
98206,,,20000,,,1257217
98207,,13000,,,,1278049
98210,,,1800000,1500,,1278093
98211,,,1800000,1500,,1278094
98212,,,1800000,1500,,1278095
98213,,,1800000,1500,,1278096
98214,,,1800000,1500,,1278097
98215,,,60000,1500,,1262028
98216,,,60000,,,1271989
98217,,,2000,,,1249137
98219,,,,1500,,1247917
98223,,,6000,,,1278220
98228,,4000,,,,1252436
98229,,14000,,,,1278765
98230,,,100,,,1277884
98232,,3000,,,,1278803
98233,,1000,,,,1278892
98234,,,,180000,,1278895
98235,,,,180000,,1278909
98236,,,,180000,,1278915
98237,,,,180000,,1278929
98242,,,60000,,,1278112
98247,,,1500,,,1275829
98248,,3000,13000,1500,,1278983
98250,,1500,,,,1279071
98251,,3000,,,,1279104
98252,,,3000,1500,,1279106
98266,,5000,,,,1279156
98267,,3500,,,,1278896
98268,,,2000,1500,,1279186
98269,,,,1500,,1279187
98274,,,2000,,,1279241
98277,,4000,,1500,,1279288
98278,14,14000,,,,1227367
98279,,,2000,,,1279395
98281,,,2000,,,1262444
98282,,,2000,,,1262403
98283,,,2000,,,1252550
98284,,,30000,,,1231371
98285,,,30000,,,1231459
98286,,,30000,,,1231462
98287,,,30000,,,1231465
98289,,2000,,,,1279592
98290,,2000,,,,1278157
98291,,2000,,,,1278278
98292,,,1000,,,1278135
98293,,3000,,,,1279657
98296,,,3000,,,1279703
98297,,,3000,,,1279706
98298,,,,1500,,1279711
98299,,,20000,,,1226567
98301,,30000,,,,1279761
98302,,30000,,,,1279738
98303,,,900000,1500,,1255801
98304,,,1000,,,1279779
98305,,3000,,,,473258
98306,,3000,,,,1262660
98308,,1000,,,,1257726
98309,,15000,,,,1249014
98311,,,2000,,,1280042
98315,,,,15000,,1280086
98318,,3000,,,,1280106
98320,,,900000,,,1280169
98324,,2000,,,,1280051
98325,,2000,,,,1279954
98329,,2000,,,,1280304
98330,,,,1500,,1280307
98331,,2000,,,,1280317
98332,,,1000,,,1280334
98338,,,5000,,,1280595
98342,,,5000,,,1280627
98343,,,5000,,,1280636
98345,,,1500,1500,,1280668
98346,,,5000,,,1280849
98347,,,5000,,,1280850
98348,,,5000,,,1280851
98349,,,5000,,,1280853
98350,,,5000,,,1280854
98351,,,5000,,,1280855
98352,,,30000,1500,,1280865
98353,,5000,,,,1280863
98354,,5000,,,,1280158
98357,,2750,,,,1256894
98359,,,30000,,,1280037
98360,,,30000,,,1280142
98361,,,30000,1500,,1280929
98362,,,30000,1500,,1280930
98363,,,5000,,,1280950
98364,,,,1500,,1280952
98365,,,,1000,,1280988
98366,,,,1000,,1280992
98367,,,5000,,,1281013
98368,,,,1500,,1281048
98369,,6000,,,,1281300
98370,,,5000,,,1281320
98371,,,5000,,,1281328
98372,,,10,,,1281335
98373,,,10,,,1281336
98374,,,10,,,1281337
98375,,,10000,,,1281377
98376,,,10000,,,1281379
98379,,2000,,,,1280659
98382,,,5000,,,1281452
98383,,2000,,,,1281408
98384,,,5000,,,1281488
98385,,,5000,,,1281490
98386,,,5000,,,1281518
98387,,,5000,,,1281515
98388,,,5000,,,1281539
98389,,6000,,,,1281553
98391,,,5000,,,1281569
98392,,,5000,,,1281576
98394,,3000,,,,1281657
98395,,,5000,,,1281667
98398,,,5000,,,1281673
98399,,,5000,,,1281674
98400,,,5000,,,1281675
98401,,,5000,,,1281676
98402,,,10000,1500,,1281677
98403,,,5000,,,1281678
98404,,,5000,,,1281679
98405,,,5000,,,1281680
98406,,,5000,,,1281681
98407,,,10000,1500,,1281682
98408,,,5000,,,1281683
98409,,,5000,,,1281684
98410,,,5000,,,1281685
98411,,,5000,,,1281686
98412,,,5000,,,1281687
98413,,,5000,,,1281688
98414,,,3000,,,1281691
98416,,2000,,,,1276075
98417,,,5000,,,1281702
98420,,,1000,,,1281327
98421,,5000,,,,1281709
98422,,4000,,,,1281727
98423,,,1000,,,1281748
98424,,,2000,,,1281420
98427,,,1000,,,1281794
98428,,,1000,,,1281795
98429,,,1000,,,1281796
98430,,,1000,,,1281797
98431,,,1000,,,1281799
98432,,,1000,,,1281800
98433,,,1000,,,1281801
98434,,,1000,,,1281811
98436,,,1000,,,1281821
98437,,,1000,,,1281822
98438,,,1000,,,1281823
98439,,,1000,,,1281824
98440,,,1000,,,1281825
98441,,,1000,,,1281827
98442,,,1000,,,1281828
98443,,,1000,,,1281829
98444,,,1000,,,1281830
98445,,,1000,,,1281831
98447,,,1000,,,1281833
98448,,1500,,,,1281789
98449,,1500,,,,1281762
98450,,,3000,,,1281858
98451,,,,100,,1281871
98453,,,5000,,,1281880
98454,,,5000,,,1281881
98455,,,5000,,,1281882
98457,,,5000,,,1281892
98458,,,5000,,,1281893
98459,,,5000,,,1281894
98460,,,5000,,,1281895
98461,,6000,,1500,,1281897
98462,,6000,,1500,,1281542
98464,,,8000,1500,,1281915
98479,,,10,,,1282111
98482,,,9000,,,1282086
98483,,2000,,,,1276102
98484,,2000,,,,1276208
98485,,2000,,,,1282067
98486,,,1000,,,1282123
98488,,,10,,,1282162
98489,,,10,,,1282163
98491,,6000,,,,1282221
98492,,6000,,,,1282223
98505,,,5000,,,1282284
98506,,,1000,,,1282286
98507,,,5000,,,1282300
98508,,,500,,,1282301
98509,,,5000,,,1282302
98510,,,5000,,,1282303
98511,,,5000,,,1282304
98512,,,5000,,,1282305
98513,,,5000,,,1282306
98514,,,5000,,,1282307
98515,,,5000,,,1282308
98516,,,5000,,,1282309
98517,,,1000,,,1282312
98519,,,9000,,,1282316
98521,,1500,5000,,,1282400
98522,,1500,5000,,,1282410
98525,,,300000,,,1282444
98526,,,300000,,,1282018
98528,,,,1500,,1282507
98530,,,,1500,,1282533
98536,,,,1500,,1282564
98537,,,60000,,,1266234
98540,,,1000,,,1282644
98543,,10000,,,,1282655
98544,,4000,,,,1282665
98545,,2000,,,,1282679
98548,,2000,,,,1282589
98549,,2000,,,,1282587
98550,,2000,,,,1282588
98551,,2000,,,,1282593
98555,,1000,,,,1262602
98558,,,,1500,,1282832
98560,,,100,,,1282882
98563,,,10000,,,1282987
98572,,20000,40000,,,1283079
98574,,60000,,,,1283254
98576,,,10,,,1283265
98577,,,2000,,,1283272
98579,,,30000,,,1282913
98580,,,5000,,,1242760
98581,,,10,,,1283326
98582,,,,1500,,1283344
98583,,2000,,,,1283303
98584,,8000,,,,1283139
98587,,,100,,,1283376
98589,,3000,,,,1283402
98595,,,1000,,,1282990
98598,,600000,,,,1283490
98600,,600000,,,,1283502
98602,,2000,,,,1283395
98603,,3000,,,,1283393
98604,,3000,,,,1283394
98605,,5000,,,,1283392
98610,,4000,,,,1283566
98611,,2000,,,,1283541
98612,,3000,,,,1283600
98614,,6000,,,,1283636
98617,,,30000,500,,1283718
98618,,,12000,,,1283717
98619,,,5000,,,1283721
98620,,,2000,,,1270742
98622,,,3000,,,1283730
98623,,,10000,,,1283790
98628,,3600000,,,,1283801
98629,,,2000,,,1283802
98630,,10000,,1000,,1283814
98631,,10000,,1000,,1283816
98632,,10000,,1000,,1283817
98633,,10000,,1000,,1283818
98634,,,120000,1500,,205691
98636,,,6000,,,1245134
98637,,,10000,1000,,1283884
98638,,,10000,1000,,1283885
98657,,,100,,,1284051
98658,,,30000,,,1284090
98662,,,10000,,,1284134
98665,,,10000,,,1284190
98671,,30000,,,,1284260
98690,,,1500,,,1284593
98719,,,,1500,,1284800
98722,,,,1000,,1278149
98727,,3000,,,,1238147
98729,,,1000,,,1284577
98731,,,10000,,,1285040
98733,,,3000,,,1285050
98734,,120000,,,,1285159
98740,,,4000,,,1252490
98745,,3000,,,,1284791
98746,,3000,,,,1284775
98747,,3000,,,,1284739
98749,,3000,,,,1284554
98750,,3000,,,,1284713
98751,,3000,,,,1284738
98752,,,3000,,,1285573
98754,,,1000,,,1285601
98755,,,10000,,,1285611
98756,,3000,17000,1500,,1285618
98757,,,5000,,,1285629
98761,,2000,,,,1285642
98763,,,3000,,,1285669
98764,,3000,3000,,,1285695
98766,,,5000,,,1285731
98767,,,2000,,,1285757
98768,,,2000,,,1285766
98769,,,1000,,,1283401
98770,,,45000,1500,,1285805
98771,,5000,,,,1269301
98772,,,2000,,,1285713
98773,,5000,,,,1285838
98776,,,10000,,,1285991
98777,,4000,,,,1285498
98778,,4000,,,,1285499
98779,,,,1500,,1286119
98787,,,5000,,,1286169
98794,,3000,,1500,,1286273
98795,,4000,,,,1285488
98796,,4000,,,,1286239
98797,,4000,,,,1285493
98798,,,5000,,,1286319
98799,,8000,,,,1286334
98801,,,1000,,,1286399
98803,,30000,,,,1286438
98804,,5000,,,,1286467
98805,,5000,,,,1286479
98811,,500,,,,1286592
98812,,500,,,,1286602
98813,,500,,,,1286604
98814,,500,,,,1286605
98815,,,3500,,,1268666
98816,,,,1500,,1286610
98817,,500,,,,1286611
98818,,500,,,,1286612
98819,,,3000,,,1257126
98820,,500,,,,1286613
98821,,500,,,,1286614
98823,,,,1500,,1286634
98830,,,3000,,,1285979
98833,,,1800000,,,1286705
98834,,,5000,,,1286730
98838,,28800000,,1500,,1286801
98839,,28800000,,1500,,1286804
98841,,28800000,,1500,,1286807
98842,,28800000,,1500,,1286809
98843,,28800000,,1500,,1286812
98845,,28800000,,1500,,1286828
98846,,28800000,,1500,,1286831
98848,,,1000,,,1286917
98849,,,15000,,,1286942
98851,,,1000,,,1286423
98856,,,3000,,,1287065
98857,,2000,,,,1228162
98860,,,3600000,,,1271680
98862,,,,1500,,1287339
98863,,,,1500,,1287366
98864,,,,1500,,1287374
98865,,,,1500,,1287376
98866,,,,1500,,1287380
98867,,4000,,,,1287354
98868,,4000,,,,1287347
98869,,4000,,,,1286788
98870,,6000,,,,1255897
98871,,3000,,,,1233862
98872,,14000,,,,1287462
98873,,,,1500,,1287493
98874,,1500,,,,1287507
98875,,,,1500,,1287534
98876,,3000,,,,1287536
98877,,,,1500,,1287537
98880,,1000,,,,1287553
98881,,3000,,,,1287504
98882,,3000,,,,1287552
98883,,,3000,,,1287583
98884,,,,1500,,1287592
98885,,,,1500,,1287593
98886,,,,1500,,1287594
98887,,,,1500,,1287598
98888,,,,1500,,1287599
98889,,,,1500,,1287600
98890,,,,1500,,1287603
98893,,3500,,,,1287568
98894,,,,500,,1287650
98895,,,5000,500,,1287655
98897,,,30000,500,,1287666
98898,,,15000,500,,1287670
98913,,,12000,,,1266486
98914,,3000,,,,1287736
98915,,3000,,,,1287723
98916,,3000,,,,1287659
98920,,3000,,,,1287767
98922,,3000,,,,1287788
98928,,,,1500,,1287849
98929,,3000,,,,1287853
98930,,,,1500,,1287856
98931,,3000,,,,1287864
98932,,3000,,,,1287877
98933,,3000,,,,1287880
98934,,3000,,,,1287898
98935,,3000,,,,1287902
98936,,3000,,,,1287904
98937,,3000,,,,1287909
98939,,3000,,,,1287911
98940,,3000,,,,1287894
98941,,3000,,,,1287860
98945,,6000,,,,1284485
98946,,6000,,,,1284483
98949,,,10000,,,1288204
98950,,,,1500,,1288207
98951,,,2000,1500,,1288228
98952,,6000,,,,1288232
98955,,3000,,,,1288310
98956,,3000,,,,1288312
98957,,3000,,,,1288315
98958,,3000,,,,1288317
98959,,3000,,,,1288318
98962,,,,1500,,1288378
98963,,,,1500,,1288380
98966,,3000,,,,1288427
98967,,,1000,,,1288442
98968,,,2000,,,1281423
98969,,,5000,1000,,1288474
98972,,,3000,,,1288510
98982,,,,1500,,1288603
98983,,,,1500,,1288604
98984,,,,1500,,1288605
98985,,,,1500,,1288606
98986,,,,1500,,1288609
98987,,,,1500,,1288610
98988,,,,1500,,1288611
98989,,,,1500,,1288612
98990,,,,1500,,1288613
98991,,,,1500,,1288614
98992,,,,1500,,1288615
98993,,,,1500,,1288616
98994,,,,1500,,1288617
98995,,,,1500,,1288618
98996,,,,1500,,1288619
98997,,,,1500,,1288620
99000,,,30000,,,1288678
99001,,,,1500,,1288774
99005,,,,1500,,1288866
99006,,,2000,,,1288901
99014,,,30000,,,1288997
99016,,,40000,,,1289047
99017,,,35000,,,1289076
99020,,3000,12000,1500,,1289187
99029,,,1000,,,1257131
99031,,,,1500,,1289296
99037,,,5000,,,1289354
99038,,1500,,,,1287466
99040,,,,1500,,1225835
99041,,,,1500,,1225830
99042,,,,1500,,1225836
99043,,,,1500,,1225834
99057,,,,1500,,1289616
99058,,,,1500,,1289617
99060,,,,1500,,1289674
99061,,,,1500,,1289676
99062,,,,1500,,1289678
99064,,3000,22000,1500,,1289700
99070,,,3000,1500,,1289771
99071,,,,1500,,1289772
99072,,,,1500,,1289773
99073,,,,1500,,1289775
99074,,,,1500,,1289776
99075,,,,1500,,1289777
99076,,,,1500,,1289778
99077,,,,1500,,1289780
99078,,,,1500,,1289782
99079,,,,1500,,1289789
99081,,3000,15000,1500,,1289870
99083,,1000,,,,1288547
99085,,,100,,,1289955
99088,,,500,,,1289977
99089,,,1000,,,1289880
99092,,,100,,,1290050
99093,,,100,,,1290051
99094,,10000,,,,1290062
99097,,10000,,,,1290087
99106,,,6000,,,1257724
99108,,,6000,,,1257912
99115,,,1000,,,1290237
99116,,,10000,,,1290269
99129,,,3000,,,1289239
99131,,,2000,,,1290524
99132,,7000,,,,1290525
99133,,3000,,,,1290548
99135,,2000,,,,1290604
99136,,,3000,,,1223607
99146,,,1200000,,,1290644
99147,,3000,,,,1290553
99151,,2000,,,,1290605
99152,,2000,,,,1290625
99158,,3000,,,,1290367
99173,,,600000,,,1290957
99174,,3000,12000,1500,,1290964
99175,,3000,10000,1500,,1290973
99176,,3000,12000,1500,,1290985
99180,,3000,,,,1290962
99181,,3000,,,,1290935
99182,,100,,,,1213680
99183,,100,,,,1213673
99184,,100,,,,1213683
99185,,100,,,,1215955
99186,,100,,,,1215968
99187,,100,,,,1217730
99191,,,8000,,,1291158
99192,,,1000,,,1291159
99193,,,500,,,1291160
99194,,120000,120000,,,1276099
99195,,120000,120000,,,1276097
99202,,,1000,,,1291348
99203,,,,1500,,1291367
99205,,,1000,,,1291443
99207,,,1000,1000,,1272696
99208,,3000,,,,1291480
99213,,,3000,,,1291578
99214,,,1000,,,1291592
99216,,,15000,1500,,1291636
99218,,,,1500,,1291667
99219,,,20000,1500,,1291673
99220,,,,1500,,1291678
99221,,,20000,1500,,1291680
99222,,,100,,,1291704
99223,,3000,13000,1500,,1291706
99224,,3000,,,,1291727
99229,,2000,,,,1254191
99230,,2000,,,,1251461
99231,,2000,,,,1291770
99232,,2000,,,,1291773
99233,,,1000,,,1291766
99238,,,,1500,,1271967
99239,,5000,,,,1291865
99240,,9000,,,,1291868
99241,,1000,1000,,,1291874
99242,,2000,,,,1256546
99243,,20000,120000,,,1291894
99244,,5000,,,,1291913
99245,,5000,,,,1291914
99247,,,5000,,,1291911
99249,,,5000,,,1292002
99250,,,5000,,,1292004
99254,,,1000,,,1292026
99255,,,1000,,,1292027
99256,,,1000,,,1283528
99257,,,1000,,,1287386
99269,,,10000,1500,,1292076
99275,,,100,,,1292237
99276,,,100,,,1292240
99277,,,100,,,1292241
99283,,,1000,,,357170
99284,,,,1500,,1292321
99289,,,,1500,,1292384
99291,,,,1500,,1292391
99295,,4000,,,,1292435
99296,,4000,,,,1292437
99302,,2000,,,,1292480
99306,,,1000,,,1292522
99307,,,1000,,,1292531
99309,,,,,1287647,1292543
99310,,,3000,,,1233668
99314,,3000,12000,1500,,1292572
99316,,,18000,,,1289766
99318,,,,1000,,1292586
99323,,,30000,,,1292641
99324,,,3000,,,1292650
99325,,,3000,,,1292653
99326,,,3000,,,1292654
99327,,,3000,,,1292655
99328,,,3000,,,1292656
99330,,,180000,,,1292661
99332,,,30000,,,1292671
99333,,10000,,500,,1292592
99334,,10000,,,,1292609
99343,,,,1500,,1292803
99345,,2000,,,,1292507
99346,,2000,,,,1292509
99347,,2000,,,,1292534
99349,,,5000,,,1292864
99350,,2000,,,,1292755
99351,,2000,,,,1292890
99352,,20000,,,,1292846
99353,,20000,,,,1292822
99356,,1000,,,,1293011
99363,,40000,,,,1293119
99364,,500,,,,1293136
99365,,2000,,,,1293116
99366,,2000,,,,1293036
99367,,500,,,,1293139
99368,,500,,,,1293143
99370,,,500,,,1293216
99378,,,500,,,1293272
99379,,,,1500,,1293301
99381,,20000,60000,,,1293311
99383,,20000,120000,,,1293316
99384,,20000,90000,,,1293326
99389,,,5000,,,1293335
99391,,3000,,,,1293339
99392,,,20000,,,1293340
99397,,,20000,1500,,1293430
99400,,1000,,,,1293444
99401,,,10000,,,1293279
99403,,3000,,,,1293464
99405,,3000,,,,1293475
99411,,,,1500,,1293499
99417,,2000,,,,1293511
99418,,2000,,,,1293512
99419,,1000,,,,1293508
99424,,1000,,,,1293519
99425,,1000,,,,1293522
99427,,,,1500,,1293563
99431,,12000,,,,1293565
99433,,,15000,,,1293593
99438,,5000,,,,1293612
99439,,7000,,,,1293598
99442,,2000,,,,1293677
99457,,2000,,,,267013
99459,,5000,,,,1293797
99472,,15000,,,,1293931
99473,,,,100,,1293954
99474,,3000,12000,1500,,1293962
99478,,,60000,,,1294013
99479,,,750,,,1266701
99483,,,,1500,,1294046
99486,,,500,,,1294067
99487,,,500,1500,,1294068
99488,,3000,,,,1294091
99489,,18000,,,,1294036
99490,,,,1500,,1294114
99491,,,,1500,,1294115
99493,,,,1500,,1294125
99494,,,,1500,,1294126
99495,,,,1500,,1294130
99496,,,,1500,,1294131
99497,,,,1500,,1294132
99498,,,,1500,,1294133
99499,,,,1500,,1294137
99500,,,,1500,,1294141
99501,,30000,,,,1294123
99502,,,30000,,,1294059
99503,,,,1500,,1294162
99504,,,,1500,,1294165
99509,,2000,,,,1294179
99511,,14000,,,,1294232
99512,,,500,,,1294267
99514,,30000,,,,1294287
99519,,,,1000,,1294335
99521,,15000,,,,1294422
99523,,18000,,,,1294155
99526,,2000,,,,1294539
99531,,3000,3000,1500,,1294575
99532,,,10,,,1294614
99533,,3500,,,,1294612
99534,,8000,,,,1294618
99536,,19000,,,,1294616
99537,,4000,,,,1294639
99538,,3000,12000,1500,,1294649
99539,,,5000,,,1294669
99551,,20000,120000,,,1294746
99552,,3000,,,,1294762
99553,,16000,,,,1294751
99555,,,,1000,,1294802
99556,,,,1000,,1294806
99557,,,,1000,,1294808
99558,,,,1000,,1294809
99559,,,,1000,,1294810
99561,,,,1000,,1294812
99562,,,,1000,,1294813
99563,,2000,2000,,,1294814
99564,,,,1000,,1294816
99565,,,,1000,,1294818
99566,,,,1000,,1294819
99570,,,5000,,,1294908
99573,,2000,,,,1294902
99574,,2000,,,,1294900
99575,,1000,,,,1294905
99578,,,1500,,,1294953
99579,,,6000,,,1294962
99586,,,6000,,,1294990
99587,,3000,,,,1295013
99588,,300000,,,,1295015
99589,,2000,,,,1295029
99590,,2000,,,,1295033
99591,,2000,,,,1295036
99598,,3000,,,,1295092
99600,,2000,,,,1295113
99604,,3000,,,,1294855
99605,,3000,,,,1294861
99606,,3000,,,,1294858
99607,,3000,,,,1294857
99608,,300000,,,,1295132
99613,,,,1500,,1295239
99614,,300000,,,,1295247
99619,,,1000,,,1295268
99623,,20000,120000,1500,,1295275
99629,,,20000,,,1295292
99632,,,2000,,,1295310
99635,,20000,90000,,,1295328
99639,,,5000,,,1256191
99643,,,2000,500,,1295372
99646,,3000,,,,1295388
99647,,3000,,,,1295396
99648,,3000,,,,1295398
99649,,3000,,,,1295402
99650,,,,1500,,1295423
99651,,20000,120000,,,1295443
99652,,4000,,,,1295460
99653,,3000,,,,1295477
99658,,1500,,,,1295133
99659,,3000,,,,1295136
99660,,3000,,,,1295134
99661,,3000,,,,1295135
99665,,5000,10000,,,1295603
99666,,8000,14000,,,1295618
99669,,,3600000,,,1295623
99676,,3000,6000,,,1295673
99677,,20000,90000,,,1294323
99689,,2000,,,,1295737
99690,,,1000,,,1295709
99691,,2000,,,,1295749
99692,,2000,,,,1295748
99693,,2000,,,,1295600
99698,,,1000,,,1295810
99699,,,1000,,,1295815
99700,,20000,180000,,,1295833
99704,,30000,30000,,,1295885
99705,,18000,,,,1295851
99708,,,5000,,,1295915
99709,,3000,,,,1295920
99710,,,,1500,,1295924
99711,,,,1500,,1295938
99713,,3000,,,,1295940
99715,,1500,,,,1296002
99716,,2000,,,,1296032
99718,,18000,,,,1296035
99730,,,5000,1500,,1296168
99731,,2500,,,,1296004
99732,,2500,,,,1295988
99733,,2500,,,,1296085
99744,,,2000,,,1296294
99753,,5000,,,,1296338
99764,,,,180000,,1296432
99765,,,,180000,,1296433
99766,,,,180000,,1296434
99768,,12000,,,,1296454
99769,,,10,,,1296472
99774,,,1000,,,1296516
99777,,,1000,,,1296557
99778,,,1000,,,1296559
99779,,,1000,,,1296560
99781,,3000,12000,1500,,1296700
99782,,,,1500,,1296724
99785,,3000,13000,1500,,1296733
99786,,11000,,,,270889
99788,,3000,17000,1500,,1296743
99793,,2000,,,,1296896
99799,,3000,13000,1500,,1296957
99801,,2000,,,,1296961
99802,,2000,,,,1296964
99803,,,,1500,,1296985
99804,,,,1500,,1296986
99805,,,,1500,,1296987
99806,,,,1500,,1296988
99807,,,,1500,,1296989
99808,,3000,12000,1500,,1296997
99809,,20000,120000,,,1294330
99810,,,1000,,,1297023
99812,,,5000,,,1297041
99813,,,5000,,,1297043
99814,,,5000,,,1297044
99816,,,6000,,,1297055
99817,,8000,,,,1297071
99819,,,,1500,,1297094
99820,,,,1500,,1297098
99821,,20000,,,,1294328
99822,,20000,180000,,,1297145
99827,,,5000,,,1297362
99830,,2000,,,,1297368
99831,,,1000,,,1297390
99834,,,,1500,,1297417
99835,,,,1500,,1297418
99836,,,10000,,,1297429
99837,,,12000,,,1297360
99839,,,,1500,,1297329
99840,,180000,,,,1297523
99843,,,1000,,,1297637
99844,,,3000,1500,,1297638
99847,,18000,,,,1297711
99851,,7000,,,,1297745
99852,,20000,90000,,,1297761
99855,,12000,,,,1297754
99858,,8000,,,,1297829
99859,,4000,,,,1297863
99861,,,1000,,,1297873
99865,,20000,240000,1000,,1297908
99868,,4000,,,,1297918
99869,,4000,,,,1297970
99879,,,3600000,,,1298054
99884,,4000,,,,1298069
99899,,3000,,,,1296929
99900,,3000,,,,1296921
99901,,2000,,,,1296965
99940,,,3600000,,,1298210
99941,,4000,,,,270487
99942,,4000,,,,270482
99951,,,,3000,,1298249
99952,,,,3000,,1298248
99953,,,,3000,,1295996
99967,,3000,12000,1500,,1298300
99989,,,1,,,1293502
99993,,,3600000,,,1298433
100000,,1500,1500,1500,,1298522
100008,,1500,,,,1298526
100009,,,1000,,,1297849
100010,,,1000,,,1298524
100013,,,60000,,,1286731
100014,,,140000,,,1286825
100015,,,70000,,,1297436
100016,,,60000,,,1297434
100019,,3000,,,,1286843
100020,,3000,,,,1286854
100021,,3000,,,,1298763
100025,,,5000,,,1298792
100027,,,1000,,,1298826
100032,,,100,,,1298916
100033,,,100,,,1298923
100034,,,100,,,1298926
100037,,,100,,,1298954
100038,,600000,,,,1298957
100043,,,,1500,,1299014
100045,,,3600000,,,1298951
100048,,,300000,,,1299034
100050,,,5000,,,1299073
100051,,,10000,,,1299077
100053,,,,1500,,1299089
100059,,3000,17000,1500,,1299192
100061,,5000,,,,1299188
100063,,3000,,,,1299206
100065,,5000,,,,1299187
100066,,3000,22000,1500,,1299252
100067,,5000,,,,1299241
100069,,5000,,,,1292990
100070,,,,1500,,1299255
100071,,4000,,,,1299240
100083,,,10000,,,1299394
100085,,,1000,,,1299442
100089,,,1000,,,1297957
100090,,,1000,,,1298525
100091,,,,1500,,1299513
100092,,,,1500,,1299515
100093,,,120000,1500,,1299516
100094,,,120000,1500,,1299517
100095,,,5000,,,1299520
100096,,,5000,,,1299521
100097,,,,1500,,1299523
100099,,,,1500,,1299546
100101,,,10000,,,1299603
100102,,5000,,,,272654
100104,,,10000,,,1299653
100105,,,10000,,,1299655
100124,,3000,,,,1299905
100132,,7500,,1500,,1300008
100133,,7500,,1500,,1300009
100141,,2000,,,,1293959
100142,,2000,,,,1293961
100147,,,900000,1500,,1300188
100148,,,,1500,,1300189
100153,,,5000,,,1300236
100159,,9000,,,,1254853
100166,,,2000,,,1300386
100173,,,1000,,,1300515
100175,,,1000,,,1300523
100176,,,1000,,,1300560
100183,,,1000,,,1293953
100184,,,1000,,,1293952
100185,,,1000,,,1293951
100189,,3000,,,,268013
100197,,,,1500,,1300750
100201,,,3000,1500,,1292762
100213,,,3000,,,1301192
100215,,,1000,,,1301248
100226,,,5000,,,1301289
100228,,,10,,,1301412
100233,,600000,,,,1301489
100241,,,5000,,,1301596
100244,,,1500,,,1301616
100245,,,1500,,,1301623
100246,,,1500,,,1301627
100247,,,3000,,,1301631
100250,,,3000,,,1301646
100251,,,3000,,,1301652
100270,,4000,,,,1301851
100282,,,,1500,,1301935
100283,,,1000,,,1301936
100284,,,5000,,,1301960
100288,,,,1500,,1302008
100295,,,,1500,,1302084
100296,,,,1500,,1302088
100297,,,,1500,,1302094
100298,,,,1500,,1302095
100301,,3000,,,,1300576
100305,,3000,,,,1302158
100307,,60000,,5000,,1302216
100308,,60000,,5000,,1302221
100310,,,90000,1500,,1302235
100320,,,,1500,,1302381
100322,,,15000,,,1302396
100323,,,5000,,,1301228
100330,,,10000,1000,,1302584
100331,,,20000,,,1302591
100332,,,,1000,,1302570
100333,,,10000,1000,,1302558
100336,,3000,,,,1302646
100337,,6000,,,,1302689
100345,,,20000,1000,,1302853
100347,,3000,,,,1302856
100348,,3000,,,,1302841
100353,,,100,,,1302969
100356,,,600000,,,1303056
100359,,3000,,,,1303103
100360,,3000,,,,1302936
100366,,,30000,,,1303203
100370,,,10000,1500,,1303231
100402,,,,180000,,1303407
100403,,,,180000,,1303408
100404,,,,180000,,1303409
100405,,3000,,,,1303415
100406,,3000,,,,1301800
100409,,3000,,,,1303443
100410,,3000,,,,1303486
100415,,3000,,,,1303496
100416,,3000,,,,1303548
100417,,,5000,,,1303586
100419,,,5000,,,1303601
100420,,3000,,,,1303581
100421,,,5000,,,1303611
100423,,,1000,,,1303623
100424,,,,1500,,1303624
100431,,,,1500,,1303722
100437,,,8000,,,1303782
100440,,,2000,,,1303813
100448,,,5000,,,1303893
100476,,15000,,,,1304503
100485,,,,1500,,1304581
100503,,,120000,1500,,1304752
100517,,,120000,,,1304786
100519,,,5000,,,1304919
100529,,5000,,,,1305120
100532,,,30000,1500,,1305146
100534,,3000,,,,1305162
100535,,1000,,,,1305166
100536,,,,1500,,1305199
100650,,,8000,,,1305355
100651,,,5000,,,1298652
100661,,3000,,,,1305761
100662,,3000,,,,1305762
100663,,6000,,,,1305764
100664,,6000,,,,1305766
100665,,,100,,,1305835
100668,,600000,,,,1305951
100669,,,900000,,,1303320
100672,,3000,,,,391726
100673,,3000,,,,392395
100674,,3000,,,,392640
100678,,,,1500,,1306197
100684,,,5000,,,1306365
100686,,9000,,,,1306359
100687,,3000,,,,392576
100689,,6000,,,,1306373
100692,,,5000,,,1306436
100698,,,6000,1500,,1306449
100699,,,,1500,,1306484
100700,,,,1500,,1306485
100702,,,5000,,,1306630
100707,,8000,,,,1306668
100708,,,,1500,,1306694
100709,,,,1500,,1306725
100710,,,,1500,,1306728
100711,,20000,180000,,,1306743
100718,,,600000,,,1306913
100719,,,600000,,,1306916
100720,,,5000,,,1306917
100721,,,5000,,,1306918
100722,,,600000,,,1306978
100723,,,1000,,,1307042
100725,,3000,,,,1307078
100726,,2000,,,,1307099
100727,,4000,,,,1307114
100734,,3000,,,,1307185
100735,,3000,,,,1307165
100775,,,,1500,,1307328
100776,,3000,,,,1307348
100799,,5000,,,,1307502
100800,,5000,,,,1307511
100807,,20000,90000,,,1307582
100810,,20000,120000,,,1307641
100812,,,500,,,1287499
100814,,,,1500,,1307843
100815,,,,1500,,1307875
100816,,,,1500,,1307902
100817,,1500,,,,1307930
100820,,5000,,,,1308065
100822,,3000,,,,1308113
100823,,3000,,,,1292582
100826,,10000,,1000,,1308188
100829,,,,1500,,1308217
100831,,,,1500,,1308230
100832,,,,1500,,1308231
100833,,,,1500,,1308232
100834,,,,1500,,1308233
100835,,,,1500,,1308234
100836,,,,1500,,1308235
100837,,,,1500,,1308236
100845,,3000,,,,1293650
100851,,,,1500,,1308495
100852,,,20000,,,1308500
100853,,,20000,,,1308501
100854,,,20000,,,1308502
100855,,,20000,,,1308504
100856,,,20000,,,1308505
100857,,,20000,,,1308506
100858,,,20000,,,1308507
100859,,,20000,,,1308508
100860,,,20000,,,1308509
100861,,,5000,,,1308525
100865,,20000,120000,,,1308559
100868,,,,1500,,1308572
100869,,,,1500,,1308574
100870,,,8000,,,1269658
100879,,600000,,,,1308693
100888,,20000,120000,,,1308728
100890,,,,1000,,1308826
100891,,,15000,,,1308829
100892,,,3000,,,1308842
100895,,,,1500,,1308882
100912,,,10000,,,1308956
100923,,,,1500,,1309175
100928,,,,1000,,1309200
100929,,,,1000,,1309202
100935,,,,1500,,1309340
100936,,,8000,,,86659
100937,,,8000,,,212641
100940,,,300000,,,1307435
100957,,500,,,,1309600
100958,,500,,,,1309602
100959,,,,1500,,1309606
100960,,,,1500,,1309608
100961,,500,,,,1309609
100969,,,,1500,,1309717
100985,,,1500,,,1309884
100986,,2000,,,,1309925
101028,,,20000,,,1310528
101041,,,90000,,,1310686
101069,,,80000,,,1306746
101072,,,2000,,,1289474
101073,,,4000,,,1289475
101074,,,4000,,,1289476
101083,,,3000,,,1311579
101084,,3000,,,,1311581
101103,,6000,,,,1311769
101106,,,1500,,,1311819
101107,,,60000,,,1299193
101109,,2000,,,,1311901
101111,,,30000,,,1307444
101115,,3000,,,,1302153
101116,,3000,,,,1311980
101123,,,3000,,,1312047
101163,,5000,,,,1312590
101223,,,5000,,,1301072
101259,,3000,,,,1313531
101275,,,,1500,,1313813
101380,,,10000,,,1279443
101382,,5000,,,,1315375
101384,,3000,12000,1500,,1315446
99393,,,2000,,,1293357
99636,,,1000,,,1295330
99637,,,1000,,,1295341
97513,,,,1500,,1266982
100652,,,,1500,,1305392
99603,,,3600000,,,1295126
99856,,,,1500,,1297823
99672,,,,1500,,1295658
95726,,,,1500,,1251934
95231,,,5000,,,1246110
95279,,,5000,1500,,1246864
98606,,,,1500,,1283536
